audit_line,source_scope,source_file,source_revision,capability_provider_id,connection_id,region_id,catalog_model_id,request_model_id,endpoint_id,legacy_family_id,canonical_family_id,model_version,edition_id,operation,node_type,output_contract,profile_revision,evidence_level,readiness,runnable,identity_mapping_status,enabled_in_connection,enabled_in_module,adapter_id,parameter_keys,discovery_status,unresolved_reasons
discovery,static_profile,data/model_capabilities/providers/ai-money.json,e4f273e14b58,ai-money,,,laohu-image-g-v2-lowprice,,,ai-money-image-g-v2-lowprice,,1,text_or_image_to_image,text_to_image,image_generation,"image,min=1,max=10,async",,official_documented,ready,True,provider_local,,not_implemented,ai-money,aspect_ratio|count|resolution,stored_snapshot:ai-money-catalog.json,
discovery,static_profile,data/model_capabilities/providers/ai-money.json,e4f273e14b58,ai-money,,,kimi-k3,,,,,1,,chat,text_generation,"text,min=1,max=1",,official_documented,ready,True,provider_local,,not_implemented,ai-money,max_output_tokens|stream,stored_snapshot:ai-money-catalog.json,
discovery,static_profile,data/model_capabilities/providers/ai-money.json,e4f273e14b58,ai-money,,,qwen/qwen3.8-max,,,ai-money-qwen-qwen3-8,,1,max,chat,text_generation,"text,min=1,max=1",,official_documented,ready,True,provider_local,,not_implemented,ai-money,max_output_tokens,stored_snapshot:ai-money-catalog.json,
discovery,static_profile,data/model_capabilities/providers/ai-money.json,e4f273e14b58,ai-money,,,laohu/gk-4.6,,,ai-money-laohu-gk-4-6,,1,default,chat,text_generation,"text,min=1,max=1",,official_documented,ready,True,provider_local,,not_implemented,ai-money,max_output_tokens,stored_snapshot:ai-money-catalog.json,
discovery,static_profile,data/model_capabilities/providers/ai-money.json,e4f273e14b58,ai-money,,,doubao-seed-audio-1.0,,,,,1,,speech_or_audio,audio_generation,"audio,min=1,max=1,async",,official_documented,ready,True,provider_local,,not_implemented,ai-money,format|loudness_rate|pitch_rate|sample_rate|speaker|speech_rate,stored_snapshot:ai-money-catalog.json,
discovery,static_profile,data/model_capabilities/providers/ai-money.json,e4f273e14b58,ai-money,,,laohu-image-gk-v2-edit,,,ai-money-grok-image,,1,image_to_image,image_to_image,image_generation,"image,min=1,max=10,async",,official_documented,ready,True,provider_local,,not_implemented,ai-money,aspect_ratio|count|nsfw_check|resolution,stored_snapshot:ai-money-catalog.json,
discovery,static_profile,data/model_capabilities/providers/ai-money.json,e4f273e14b58,ai-money,,,flowmusic-generation,,,ai-money-flowmusic-lyria-3-5,,1,generation,flowmusic_generation,music_generation,"audio,min=1,max=1,async",,official_documented,ready,True,provider_local,,not_implemented,ai-money,bpm|length|lyrics|seed|title|version,stored_snapshot:ai-money-catalog.json,
discovery,static_profile,data/model_capabilities/providers/ai-money.json,e4f273e14b58,ai-money,,,flowmusic-lyrics,,,ai-money-flowmusic-lyria-3-5,,1,lyrics,flowmusic_lyrics,music_generation,"text,min=1,max=1,async",,official_documented,ready,True,provider_local,,not_implemented,ai-money,,stored_snapshot:ai-money-catalog.json,NO_PARAMETER_FIELDS
discovery,static_profile,data/model_capabilities/providers/ai-money.json,e4f273e14b58,ai-money,,,flowmusic-extend,,,ai-money-flowmusic-lyria-3-5,,1,extend,flowmusic_extend,music_generation,"audio,min=1,max=1,async",,official_documented,ready,True,provider_local,,not_implemented,ai-money,clip_id|extend_from_s|extend_s|instruction|seed|title|version,stored_snapshot:ai-money-catalog.json,
discovery,static_profile,data/model_capabilities/providers/ai-money.json,e4f273e14b58,ai-money,,,flowmusic-replace,,,ai-money-flowmusic-lyria-3-5,,1,replace,flowmusic_replace,music_generation,"audio,min=1,max=1,async",,official_documented,ready,True,provider_local,,not_implemented,ai-money,clip_id|end_s|instruction|seed|start_s|title|version,stored_snapshot:ai-money-catalog.json,
discovery,static_profile,data/model_capabilities/providers/ai-money.json,e4f273e14b58,ai-money,,,flowmusic-cover,,,ai-money-flowmusic-lyria-3-5,,1,cover,flowmusic_cover,music_generation,"audio,min=1,max=1,async",,official_documented,ready,True,provider_local,,not_implemented,ai-money,clip_id|instruction|seed|strength|title,stored_snapshot:ai-money-catalog.json,
discovery,static_profile,data/model_capabilities/providers/ai-money.json,e4f273e14b58,ai-money,,,flowmusic-stems,,,ai-money-flowmusic-lyria-3-5,,1,stems,flowmusic_stems,music_generation,"file,min=1,max=1,async",,official_documented,ready,True,provider_local,,not_implemented,ai-money,clip_id,stored_snapshot:ai-money-catalog.json,
discovery,static_profile,data/model_capabilities/providers/ai-money.json,e4f273e14b58,ai-money,,,flowmusic-upload-audio,,,ai-money-flowmusic-lyria-3-5,,1,upload-audio,flowmusic_upload_audio,music_generation,"audio,min=1,max=1,async",,official_documented,ready,True,provider_local,,not_implemented,ai-money,,stored_snapshot:ai-money-catalog.json,NO_PARAMETER_FIELDS
discovery,static_profile,data/model_capabilities/providers/ai-money.json,e4f273e14b58,ai-money,,,flowmusic-download-audio,,,ai-money-flowmusic-lyria-3-5,,1,download-audio,flowmusic_download_audio,music_generation,"audio,min=1,max=1,async",,official_documented,ready,True,provider_local,,not_implemented,ai-money,clip_id|format,stored_snapshot:ai-money-catalog.json,
discovery,static_profile,data/model_capabilities/providers/ai-money.json,e4f273e14b58,ai-money,,,flowmusic-video-clip,,,ai-money-flowmusic-lyria-3-5,,1,video-clip,flowmusic_video_clip,music_generation,"video,min=1,max=1,async",,official_documented,ready,True,provider_local,,not_implemented,ai-money,clip_id|preset,stored_snapshot:ai-money-catalog.json,
discovery,static_profile,data/model_capabilities/providers/ai-money.json,e4f273e14b58,ai-money,,,mureka-v8-bgm,,,,,1,,music,music_generation,"audio,min=1,max=3,async",,official_documented,ready,True,provider_local,,not_implemented,ai-money,count,stored_snapshot:ai-money-catalog.json,
discovery,static_profile,data/model_capabilities/providers/ai-money.json,e4f273e14b58,ai-money,,,mureka-v9-bgm,,,,,1,,music,music_generation,"audio,min=1,max=3,async",,official_documented,ready,True,provider_local,,not_implemented,ai-money,count,stored_snapshot:ai-money-catalog.json,
discovery,static_profile,data/model_capabilities/providers/ai-money.json,e4f273e14b58,ai-money,,,whisper-1,,,,,1,,transcription,audio_generation,,,official_documented,needs_profile,False,provider_local,,not_implemented,ai-money,,stored_snapshot:ai-money-catalog.json,PROFILE_UNCONFIRMED|NO_PARAMETER_FIELDS
discovery,static_profile,data/model_capabilities/providers/ai-money.json,e4f273e14b58,ai-money,,,wan-3.0-prime-i2v,,,ai-money-wan-3-0,,1,image_to_video,image_to_video,video_generation,"video,min=1,max=1,async",,official_documented,ready,True,provider_local,,not_implemented,ai-money,aspect_ratio|duration|generate_audio|resolution|seed,stored_snapshot:ai-money-catalog.json,
discovery,static_profile,data/model_capabilities/providers/ai-money.json,e4f273e14b58,ai-money,,,wan-3.0-prime-r2v,,,ai-money-wan-3-0,,1,reference_to_video,reference_to_video,video_generation,"video,min=1,max=1,async",,official_documented,ready,True,provider_local,,not_implemented,ai-money,aspect_ratio|duration|generate_audio|resolution|seed,stored_snapshot:ai-money-catalog.json,
discovery,static_profile,data/model_capabilities/providers/ai-money.json,e4f273e14b58,ai-money,,,wan-3.0-global-prime-i2v,,,ai-money-wan-3-0,,1,global_image_to_video,image_to_video,video_generation,"video,min=1,max=1,async",,official_documented,ready,True,provider_local,,not_implemented,ai-money,aspect_ratio|duration|generate_audio|resolution|seed,stored_snapshot:ai-money-catalog.json,
discovery,static_profile,data/model_capabilities/providers/ai-money.json,e4f273e14b58,ai-money,,,wan-3.0-global-prime-r2v,,,ai-money-wan-3-0,,1,global_reference_to_video,reference_to_video,video_generation,"video,min=1,max=1,async",,official_documented,ready,True,provider_local,,not_implemented,ai-money,aspect_ratio|duration|generate_audio|resolution|seed,stored_snapshot:ai-money-catalog.json,
discovery,static_profile,data/model_capabilities/providers/ai-money.json,e4f273e14b58,ai-money,,,video-models-from-official-docs,,,,,1,,text_to_video_or_multimodal,video_generation,,,official_documented,needs_profile,False,provider_local,,not_implemented,ai-money,,stored_snapshot:ai-money-catalog.json,PROFILE_UNCONFIRMED|NO_PARAMETER_FIELDS
discovery,static_profile,data/model_capabilities/providers/ai-money.json,e4f273e14b58,ai-money,,,laohu-image-g-v2.5-flare,,,ai-money-laohu-image-g-v2-5-flare,,2,default,text_or_reference_to_image,image_generation,"image,min=1,max=4,async",,official_documented,ready,True,provider_local,,not_implemented,ai-money,aspect_ratio|background|count|moderation|output_compression|output_format|quality|resolution,stored_snapshot:ai-money-catalog.json,
discovery,static_profile,data/model_capabilities/providers/ai-money.json,e4f273e14b58,ai-money,,,laohu-image-g-v2.5-sunburst,,,ai-money-laohu-image-g-v2-5-sunburst,,2,default,text_or_reference_to_image,image_generation,"image,min=1,max=4,async",,official_documented,ready,True,provider_local,,not_implemented,ai-money,aspect_ratio|background|count|moderation|output_compression|output_format|quality|resolution,stored_snapshot:ai-money-catalog.json,
discovery,static_profile,data/model_capabilities/providers/ai-money.json,e4f273e14b58,ai-money,,,laohu-image-g-v2.5-lowprice,,,ai-money-laohu-image-g-v2-5-lowprice,,2,default,text_or_reference_to_image,image_generation,"image,min=1,max=1,async",,official_documented,ready,True,provider_local,,not_implemented,ai-money,aspect_ratio|count|nsfw_check|resolution,stored_snapshot:ai-money-catalog.json,
discovery,static_profile,data/model_capabilities/providers/ai-money.json,e4f273e14b58,ai-money,,,deepseek/deepseek-v4-flash-vision-exp,,,ai-money-deepseek-deepseek-v4-flash-vision-exp,,2,default,chat,text_generation,"text,min=1,max=1",,official_documented,ready,True,provider_local,,not_implemented,ai-money,max_output_tokens,stored_snapshot:ai-money-catalog.json,
discovery,static_profile,data/model_capabilities/providers/ai-money.json,e4f273e14b58,ai-money,,,glm/glm-5.3-flash,,,ai-money-glm-glm-5-3-flash,,2,default,chat,text_generation,"text,min=1,max=1",,official_documented,ready,True,provider_local,,not_implemented,ai-money,max_output_tokens,stored_snapshot:ai-money-catalog.json,
discovery,static_profile,data/model_capabilities/providers/ai-money.json,e4f273e14b58,ai-money,,,qwen/qwen3.8-flash-next,,,ai-money-qwen-qwen3-8-flash-next,,2,default,chat,text_generation,"text,min=1,max=1",,official_documented,ready,True,provider_local,,not_implemented,ai-money,max_output_tokens,stored_snapshot:ai-money-catalog.json,
discovery,static_profile,data/model_capabilities/providers/ai-money.json,e4f273e14b58,ai-money,,,laohu/g6-astra,,,ai-money-laohu-g6-astra,,2,default,chat,text_generation,"text,min=1,max=1",,official_documented,ready,True,provider_local,,not_implemented,ai-money,max_output_tokens,stored_snapshot:ai-money-catalog.json,
discovery,static_profile,data/model_capabilities/providers/ai-money.json,e4f273e14b58,ai-money,,,laohu/g5.6-sol,,,ai-money-laohu-g5-6-sol,,2,default,chat,text_generation,"text,min=1,max=1",,official_documented,ready,True,provider_local,,not_implemented,ai-money,max_output_tokens,stored_snapshot:ai-money-catalog.json,
discovery,static_profile,data/model_capabilities/providers/ai-money.json,e4f273e14b58,ai-money,,,laohu/g5.6-terra,,,ai-money-laohu-g5-6-terra,,2,default,chat,text_generation,"text,min=1,max=1",,official_documented,ready,True,provider_local,,not_implemented,ai-money,max_output_tokens,stored_snapshot:ai-money-catalog.json,
discovery,static_profile,data/model_capabilities/providers/ai-money.json,e4f273e14b58,ai-money,,,laohu/g5.6-luna,,,ai-money-laohu-g5-6-luna,,2,default,chat,text_generation,"text,min=1,max=1",,official_documented,ready,True,provider_local,,not_implemented,ai-money,max_output_tokens,stored_snapshot:ai-money-catalog.json,
discovery,static_profile,data/model_capabilities/providers/ai-money.json,e4f273e14b58,ai-money,,,laohu/g5.5,,,ai-money-laohu-g5-5,,2,default,chat,text_generation,"text,min=1,max=1",,official_documented,ready,True,provider_local,,not_implemented,ai-money,max_output_tokens,stored_snapshot:ai-money-catalog.json,
discovery,static_profile,data/model_capabilities/providers/ai-money.json,e4f273e14b58,ai-money,,,laohu/gm-3.8-flash,,,ai-money-laohu-gm-3-8-flash,,2,default,chat,text_generation,"text,min=1,max=1",,official_documented,ready,True,provider_local,,not_implemented,ai-money,max_output_tokens,stored_snapshot:ai-money-catalog.json,
discovery,static_profile,data/model_capabilities/providers/ai-money.json,e4f273e14b58,ai-money,,,glm-5.3,,,ai-money-glm-5-3,,2,default,chat,text_generation,"text,min=1,max=1",,official_documented,ready,True,provider_local,,not_implemented,ai-money,max_output_tokens,stored_snapshot:ai-money-catalog.json,
discovery,static_profile,data/model_capabilities/providers/ai-money.json,e4f273e14b58,ai-money,,,MiniMax-H3,,,ai-money-minimax-h3,,2,default,text_or_reference_to_video,video_generation,"video,min=1,max=1,async",,official_documented,ready,True,provider_local,,not_implemented,ai-money,add_drive_as_reference|aspect_ratio|audio_mode|audio_role|denoise_strength|duration|resolution|start_time_seconds,stored_snapshot:ai-money-catalog.json,
discovery,static_profile,data/model_capabilities/providers/ai-money.json,e4f273e14b58,ai-money,,,suno-generation,,,ai-money-suno-generation,,2,default,music,music_generation,"audio,min=1,max=10,async",,official_documented,ready,True,provider_local,,not_implemented,ai-money,audio_format|custom|duration|instrumental|max_mode|tags|title|variety|version,stored_snapshot:ai-money-catalog.json,
discovery,static_profile,data/model_capabilities/providers/ai-money.json,e4f273e14b58,ai-money,,,suno-upload-cover,,,ai-money-suno-upload-cover,,2,default,music,music_generation,"audio,min=1,max=10,async",,official_documented,ready,True,provider_local,,not_implemented,ai-money,audio_format|custom|duration|instrumental|max_mode|tags|title|variety|version,stored_snapshot:ai-money-catalog.json,
discovery,static_profile,data/model_capabilities/providers/ai-money.json,e4f273e14b58,ai-money,,,suno-upload-extend,,,ai-money-suno-upload-extend,,2,default,music,music_generation,"audio,min=1,max=10,async",,official_documented,ready,True,provider_local,,not_implemented,ai-money,audio_format|continue_at|duration|instrumental|max_mode|tags|title|variety|version,stored_snapshot:ai-money-catalog.json,
discovery,static_profile,data/model_capabilities/providers/ai-money.json,e4f273e14b58,ai-money,,,suno-create-model,,,ai-money-suno-create-model,,2,default,music,music_generation,"text,min=1,max=1,async",,official_documented,ready,True,provider_local,,not_implemented,ai-money,name,stored_snapshot:ai-money-catalog.json,
discovery,static_profile,data/model_capabilities/providers/ai-money.json,e4f273e14b58,ai-money,,,dola-seedream-5.0-pro-t2i,,,ai-money-dola-seedream-5.0-pro-t2i,,2,default,text_to_image,image_generation,"image,min=1,max=1,async",,official_documented,ready,True,provider_local,,not_implemented,ai-money,height|output_format|resolution|width,stored_snapshot:ai-money-catalog.json,
discovery,static_profile,data/model_capabilities/providers/ai-money.json,e4f273e14b58,ai-money,,,dola-seedream-5.0-pro-i2i,,,ai-money-dola-seedream-5.0-pro-i2i,,2,default,image_to_image,image_generation,"image,min=1,max=1,async",,official_documented,ready,True,provider_local,,not_implemented,ai-money,height|output_format|resolution|width,stored_snapshot:ai-money-catalog.json,
discovery,static_profile,data/model_capabilities/providers/ai-money.json,e4f273e14b58,ai-money,,,vosr2-image-upscale,,,ai-money-vosr2-image-upscale,,2,default,image_upscale,image_generation,"image,min=1,max=1,async",,official_documented,ready,True,provider_local,,not_implemented,ai-money,,stored_snapshot:ai-money-catalog.json,NO_PARAMETER_FIELDS
discovery,static_profile,data/model_capabilities/providers/ai-money.json,e4f273e14b58,ai-money,,,vosr2-video-upscale,,,ai-money-vosr2-video-upscale,,2,default,video_upscale,video_generation,"video,min=1,max=1,async",,official_documented,ready,True,provider_local,,not_implemented,ai-money,,stored_snapshot:ai-money-catalog.json,NO_PARAMETER_FIELDS
discovery,static_profile,data/model_capabilities/providers/ai-money.json,e4f273e14b58,ai-money,,,FlashVSR_video_upscale,,,ai-money-FlashVSR_video_upscale,,2,default,video_upscale,video_generation,"video,min=1,max=1,async",,official_documented,ready,True,provider_local,,not_implemented,ai-money,,stored_snapshot:ai-money-catalog.json,NO_PARAMETER_FIELDS
discovery,static_profile,data/model_capabilities/providers/ai-money.json,e4f273e14b58,ai-money,,,hunyuan3d-v3.1-text-to-3d,,,ai-money-hunyuan3d-v3.1-text-to-3d,,2,default,text_to_3d,text_generation,"file,min=1,max=1,async",,official_documented,adapter_missing,False,provider_local,,not_implemented,ai-money,,stored_snapshot:ai-money-catalog.json,ADAPTER_MISSING|NO_PARAMETER_FIELDS
discovery,static_profile,data/model_capabilities/providers/ai-money.json,e4f273e14b58,ai-money,,,hunyuan3d-v3.1-image-to-3d,,,ai-money-hunyuan3d-v3.1-image-to-3d,,2,default,image_to_3d,image_generation,"file,min=1,max=1,async",,official_documented,adapter_missing,False,provider_local,,not_implemented,ai-money,,stored_snapshot:ai-money-catalog.json,ADAPTER_MISSING|NO_PARAMETER_FIELDS
discovery,discovery_catalog,data/model_capabilities/snapshots/ai-money-catalog.json,321adc45880a,ai-money,,,bytedance/doubao-seed-2.0-code,,,ai-money-bytedance-doubao-seed-2-0,,1,code,chat,text_generation,"text,min=1,max=1",,official_documented,ready,True,provider_local,,not_implemented,ai-money,,stored_snapshot:ai-money-catalog.json,NO_PARAMETER_FIELDS
discovery,discovery_catalog,data/model_capabilities/snapshots/ai-money-catalog.json,321adc45880a,ai-money,,,bytedance/doubao-seed-2.0-lite,,,ai-money-bytedance-doubao-seed-2-0,,1,lite,chat,text_generation,"text,min=1,max=1",,official_documented,ready,True,provider_local,,not_implemented,ai-money,,stored_snapshot:ai-money-catalog.json,NO_PARAMETER_FIELDS
discovery,discovery_catalog,data/model_capabilities/snapshots/ai-money-catalog.json,321adc45880a,ai-money,,,bytedance/doubao-seed-2.0-mini,,,ai-money-bytedance-doubao-seed-2-0,,1,mini,chat,text_generation,"text,min=1,max=1",,official_documented,ready,True,provider_local,,not_implemented,ai-money,,stored_snapshot:ai-money-catalog.json,NO_PARAMETER_FIELDS
discovery,discovery_catalog,data/model_capabilities/snapshots/ai-money-catalog.json,321adc45880a,ai-money,,,bytedance/doubao-seed-2.0-pro,,,ai-money-bytedance-doubao-seed-2-0,,1,pro,chat,text_generation,"text,min=1,max=1",,official_documented,ready,True,provider_local,,not_implemented,ai-money,,stored_snapshot:ai-money-catalog.json,NO_PARAMETER_FIELDS
discovery,discovery_catalog,data/model_capabilities/snapshots/ai-money-catalog.json,321adc45880a,ai-money,,,bytedance/doubao-seed-2.1-pro,,,ai-money-bytedance-doubao-seed-2-1,,1,pro,chat,text_generation,"text,min=1,max=1",,official_documented,ready,True,provider_local,,not_implemented,ai-money,,stored_snapshot:ai-money-catalog.json,NO_PARAMETER_FIELDS
discovery,discovery_catalog,data/model_capabilities/snapshots/ai-money-catalog.json,321adc45880a,ai-money,,,bytedance/doubao-seed-2.1-turbo,,,ai-money-bytedance-doubao-seed-2-1,,1,turbo,chat,text_generation,"text,min=1,max=1",,official_documented,ready,True,provider_local,,not_implemented,ai-money,,stored_snapshot:ai-money-catalog.json,NO_PARAMETER_FIELDS
discovery,discovery_catalog,data/model_capabilities/snapshots/ai-money-catalog.json,321adc45880a,ai-money,,,bytedance/doubao-seed-evolving,,,ai-money-bytedance-doubao-seed-evolving,,1,default,chat,text_generation,"text,min=1,max=1",,official_documented,ready,True,provider_local,,not_implemented,ai-money,,stored_snapshot:ai-money-catalog.json,NO_PARAMETER_FIELDS
discovery,discovery_catalog,data/model_capabilities/snapshots/ai-money-catalog.json,321adc45880a,ai-money,,,deepseek/deepseek-v4-flash,,,ai-money-deepseek-deepseek-v4,,1,flash,chat,text_generation,"text,min=1,max=1",,official_documented,ready,True,provider_local,,not_implemented,ai-money,,stored_snapshot:ai-money-catalog.json,NO_PARAMETER_FIELDS
discovery,discovery_catalog,data/model_capabilities/snapshots/ai-money-catalog.json,321adc45880a,ai-money,,,deepseek/deepseek-v4-pro,,,ai-money-deepseek-deepseek-v4,,1,pro,chat,text_generation,"text,min=1,max=1",,official_documented,ready,True,provider_local,,not_implemented,ai-money,,stored_snapshot:ai-money-catalog.json,NO_PARAMETER_FIELDS
discovery,discovery_catalog,data/model_capabilities/snapshots/ai-money-catalog.json,321adc45880a,ai-money,,,glm-5,,,ai-money-glm-5,,1,default,chat,text_generation,"text,min=1,max=1",,official_documented,ready,True,provider_local,,not_implemented,ai-money,,stored_snapshot:ai-money-catalog.json,NO_PARAMETER_FIELDS
discovery,discovery_catalog,data/model_capabilities/snapshots/ai-money-catalog.json,321adc45880a,ai-money,,,glm-5-turbo,,,ai-money-glm-5,,1,turbo,chat,text_generation,"text,min=1,max=1",,official_documented,ready,True,provider_local,,not_implemented,ai-money,,stored_snapshot:ai-money-catalog.json,NO_PARAMETER_FIELDS
discovery,discovery_catalog,data/model_capabilities/snapshots/ai-money-catalog.json,321adc45880a,ai-money,,,glm-5.1,,,ai-money-glm-5-1,,1,default,chat,text_generation,"text,min=1,max=1",,official_documented,ready,True,provider_local,,not_implemented,ai-money,,stored_snapshot:ai-money-catalog.json,NO_PARAMETER_FIELDS
discovery,discovery_catalog,data/model_capabilities/snapshots/ai-money-catalog.json,321adc45880a,ai-money,,,glm-5.2,,,ai-money-glm-5-2,,1,default,chat,text_generation,"text,min=1,max=1",,official_documented,ready,True,provider_local,,not_implemented,ai-money,,stored_snapshot:ai-money-catalog.json,NO_PARAMETER_FIELDS
discovery,discovery_catalog,data/model_capabilities/snapshots/ai-money-catalog.json,321adc45880a,ai-money,,,glm-5.3,,,ai-money-glm-5-3,,2,default,chat,text_generation,"text,min=1,max=1",,official_documented,ready,True,provider_local,,not_implemented,ai-money,max_output_tokens,stored_snapshot:ai-money-catalog.json,
discovery,discovery_catalog,data/model_capabilities/snapshots/ai-money-catalog.json,321adc45880a,ai-money,,,glm-5v-turbo,,,ai-money-glm-5v-turbo,,1,default,chat,text_generation,"text,min=1,max=1",,official_documented,ready,True,provider_local,,not_implemented,ai-money,,stored_snapshot:ai-money-catalog.json,NO_PARAMETER_FIELDS
discovery,discovery_catalog,data/model_capabilities/snapshots/ai-money-catalog.json,321adc45880a,ai-money,,,glm/glm-5.3-flash,,,ai-money-glm-glm-5-3-flash,,2,default,chat,text_generation,"text,min=1,max=1",,official_documented,ready,True,provider_local,,not_implemented,ai-money,max_output_tokens,stored_snapshot:ai-money-catalog.json,
discovery,discovery_catalog,data/model_capabilities/snapshots/ai-money-catalog.json,321adc45880a,ai-money,,,hunyuan3d-v3.1-text-to-3d,,,ai-money-hunyuan3d-v3.1-text-to-3d,,2,default,text_to_3d,text_generation,"file,min=1,max=1,async",,official_documented,adapter_missing,False,provider_local,,not_implemented,ai-money,,stored_snapshot:ai-money-catalog.json,ADAPTER_MISSING|NO_PARAMETER_FIELDS
discovery,discovery_catalog,data/model_capabilities/snapshots/ai-money-catalog.json,321adc45880a,ai-money,,,kimi-k3,,,ai-money-kimi-k3,,1,default,chat,text_generation,"text,min=1,max=1",,official_documented,ready,True,provider_local,,not_implemented,ai-money,,stored_snapshot:ai-money-catalog.json,NO_PARAMETER_FIELDS
discovery,discovery_catalog,data/model_capabilities/snapshots/ai-money-catalog.json,321adc45880a,ai-money,,,laohu/g5.5,,,ai-money-laohu-g5-5,,2,default,chat,text_generation,"text,min=1,max=1",,official_documented,ready,True,provider_local,,not_implemented,ai-money,max_output_tokens,stored_snapshot:ai-money-catalog.json,
discovery,discovery_catalog,data/model_capabilities/snapshots/ai-money-catalog.json,321adc45880a,ai-money,,,laohu/g5.6-luna,,,ai-money-laohu-g5-6-luna,,2,default,chat,text_generation,"text,min=1,max=1",,official_documented,ready,True,provider_local,,not_implemented,ai-money,max_output_tokens,stored_snapshot:ai-money-catalog.json,
discovery,discovery_catalog,data/model_capabilities/snapshots/ai-money-catalog.json,321adc45880a,ai-money,,,laohu/g5.6-sol,,,ai-money-laohu-g5-6-sol,,2,default,chat,text_generation,"text,min=1,max=1",,official_documented,ready,True,provider_local,,not_implemented,ai-money,max_output_tokens,stored_snapshot:ai-money-catalog.json,
discovery,discovery_catalog,data/model_capabilities/snapshots/ai-money-catalog.json,321adc45880a,ai-money,,,laohu/g5.6-terra,,,ai-money-laohu-g5-6-terra,,2,default,chat,text_generation,"text,min=1,max=1",,official_documented,ready,True,provider_local,,not_implemented,ai-money,max_output_tokens,stored_snapshot:ai-money-catalog.json,
discovery,discovery_catalog,data/model_capabilities/snapshots/ai-money-catalog.json,321adc45880a,ai-money,,,laohu/g6-astra,,,ai-money-laohu-g6-astra,,2,default,chat,text_generation,"text,min=1,max=1",,official_documented,ready,True,provider_local,,not_implemented,ai-money,max_output_tokens,stored_snapshot:ai-money-catalog.json,
discovery,discovery_catalog,data/model_capabilities/snapshots/ai-money-catalog.json,321adc45880a,ai-money,,,laohu/gk-4.6,,,ai-money-laohu-gk-4-6,,1,default,chat,text_generation,"text,min=1,max=1",,official_documented,ready,True,provider_local,,not_implemented,ai-money,max_output_tokens,stored_snapshot:ai-money-catalog.json,
discovery,discovery_catalog,data/model_capabilities/snapshots/ai-money-catalog.json,321adc45880a,ai-money,,,laohu/gm-3.8-flash,,,ai-money-laohu-gm-3-8-flash,,2,default,chat,text_generation,"text,min=1,max=1",,official_documented,ready,True,provider_local,,not_implemented,ai-money,max_output_tokens,stored_snapshot:ai-money-catalog.json,
discovery,discovery_catalog,data/model_capabilities/snapshots/ai-money-catalog.json,321adc45880a,ai-money,,,midjourney-describe,,,ai-money-midjourney,,1,describe,image_description,text_generation,"text,min=1,max=4",,official_schema,ready,True,provider_local,,not_implemented,ai-money,,stored_snapshot:ai-money-catalog.json,NO_PARAMETER_FIELDS
discovery,discovery_catalog,data/model_capabilities/snapshots/ai-money-catalog.json,321adc45880a,ai-money,,,minimax/minimax-m2.7,,,ai-money-minimax-minimax-m2-7,,1,default,chat,text_generation,"text,min=1,max=1",,official_documented,ready,True,provider_local,,not_implemented,ai-money,,stored_snapshot:ai-money-catalog.json,NO_PARAMETER_FIELDS
discovery,discovery_catalog,data/model_capabilities/snapshots/ai-money-catalog.json,321adc45880a,ai-money,,,minmax-h3-context-ir-image,,,ai-money-minmax-h3-context-ir,,1,image,prompt_enhancement,text_generation,"text,min=1,max=1,async",,official_documented,ready,True,provider_local,,not_implemented,ai-money,aspect_ratio|duration,stored_snapshot:ai-money-catalog.json,
discovery,discovery_catalog,data/model_capabilities/snapshots/ai-money-catalog.json,321adc45880a,ai-money,,,minmax-h3-context-ir-multimodal,,,ai-money-minmax-h3-context-ir,,1,multimodal,prompt_enhancement,text_generation,"text,min=1,max=1,async",,official_documented,ready,True,provider_local,,not_implemented,ai-money,aspect_ratio|duration,stored_snapshot:ai-money-catalog.json,
discovery,discovery_catalog,data/model_capabilities/snapshots/ai-money-catalog.json,321adc45880a,ai-money,,,minmax-h3-context-ir-text,,,ai-money-minmax-h3-context-ir,,1,text,prompt_enhancement,text_generation,"text,min=1,max=1,async",,official_documented,ready,True,provider_local,,not_implemented,ai-money,aspect_ratio|duration,stored_snapshot:ai-money-catalog.json,
discovery,discovery_catalog,data/model_capabilities/snapshots/ai-money-catalog.json,321adc45880a,ai-money,,,qwen/qwen3.6-flash,,,ai-money-qwen-qwen3-6,,1,flash,chat,text_generation,"text,min=1,max=1",,official_documented,ready,True,provider_local,,not_implemented,ai-money,,stored_snapshot:ai-money-catalog.json,NO_PARAMETER_FIELDS
discovery,discovery_catalog,data/model_capabilities/snapshots/ai-money-catalog.json,321adc45880a,ai-money,,,qwen/qwen3.6-max-preview,,,ai-money-qwen-qwen3-6,,1,max-preview,chat,text_generation,"text,min=1,max=1",,official_documented,ready,True,provider_local,,not_implemented,ai-money,,stored_snapshot:ai-money-catalog.json,NO_PARAMETER_FIELDS
discovery,discovery_catalog,data/model_capabilities/snapshots/ai-money-catalog.json,321adc45880a,ai-money,,,qwen/qwen3.6-plus,,,ai-money-qwen-qwen3-6,,1,plus,chat,text_generation,"text,min=1,max=1",,official_documented,ready,True,provider_local,,not_implemented,ai-money,,stored_snapshot:ai-money-catalog.json,NO_PARAMETER_FIELDS
discovery,discovery_catalog,data/model_capabilities/snapshots/ai-money-catalog.json,321adc45880a,ai-money,,,qwen/qwen3.7-max,,,ai-money-qwen-qwen3-7,,1,max,chat,text_generation,"text,min=1,max=1",,official_documented,ready,True,provider_local,,not_implemented,ai-money,,stored_snapshot:ai-money-catalog.json,NO_PARAMETER_FIELDS
discovery,discovery_catalog,data/model_capabilities/snapshots/ai-money-catalog.json,321adc45880a,ai-money,,,qwen/qwen3.7-plus,,,ai-money-qwen-qwen3-7,,1,plus,chat,text_generation,"text,min=1,max=1",,official_documented,ready,True,provider_local,,not_implemented,ai-money,,stored_snapshot:ai-money-catalog.json,NO_PARAMETER_FIELDS
discovery,discovery_catalog,data/model_capabilities/snapshots/ai-money-catalog.json,321adc45880a,ai-money,,,qwen/qwen3.8-flash-next,,,ai-money-qwen-qwen3-8-flash-next,,2,default,chat,text_generation,"text,min=1,max=1",,official_documented,ready,True,provider_local,,not_implemented,ai-money,max_output_tokens,stored_snapshot:ai-money-catalog.json,
discovery,discovery_catalog,data/model_capabilities/snapshots/ai-money-catalog.json,321adc45880a,ai-money,,,qwen/qwen3.8-max,,,ai-money-qwen-qwen3-8,,1,max,chat,text_generation,"text,min=1,max=1",,official_documented,ready,True,provider_local,,not_implemented,ai-money,,stored_snapshot:ai-money-catalog.json,NO_PARAMETER_FIELDS
discovery,discovery_catalog,data/model_capabilities/snapshots/ai-money-catalog.json,321adc45880a,ai-money,,,whisper-1,,,ai-money-whisper,,1,transcription,transcription,text_generation,"text,min=1,max=1",,official_documented,ready,True,provider_local,,not_implemented,ai-money,,stored_snapshot:ai-money-catalog.json,NO_PARAMETER_FIELDS
discovery,discovery_catalog,data/model_capabilities/snapshots/ai-money-catalog.json,321adc45880a,ai-money,,,dola-seedream-5.0-pro-i2i,,,ai-money-dola-seedream-5.0-pro-i2i,,2,default,image_to_image,image_generation,"image,min=1,max=1,async",,official_documented,ready,True,provider_local,,not_implemented,ai-money,height|output_format|resolution|width,stored_snapshot:ai-money-catalog.json,
discovery,discovery_catalog,data/model_capabilities/snapshots/ai-money-catalog.json,321adc45880a,ai-money,,,dola-seedream-5.0-pro-layer-decomposition,,,ai-money-dola-seedream-5-0-pro-layer-decomposition,,1,layer_decomposition,layer_decomposition,image_generation,"image,min=1,max=10,async",,official_documented,ready,True,provider_local,,not_implemented,ai-money,aspect_ratio|resolution,stored_snapshot:ai-money-catalog.json,
discovery,discovery_catalog,data/model_capabilities/snapshots/ai-money-catalog.json,321adc45880a,ai-money,,,dola-seedream-5.0-pro-t2i,,,ai-money-dola-seedream-5.0-pro-t2i,,2,default,text_to_image,image_generation,"image,min=1,max=1,async",,official_documented,ready,True,provider_local,,not_implemented,ai-money,height|output_format|resolution|width,stored_snapshot:ai-money-catalog.json,
discovery,discovery_catalog,data/model_capabilities/snapshots/ai-money-catalog.json,321adc45880a,ai-money,,,hunyuan3d-v3.1-image-to-3d,,,ai-money-hunyuan3d-v3.1-image-to-3d,,2,default,image_to_3d,image_generation,"file,min=1,max=1,async",,official_documented,adapter_missing,False,provider_local,,not_implemented,ai-money,,stored_snapshot:ai-money-catalog.json,ADAPTER_MISSING|NO_PARAMETER_FIELDS
discovery,discovery_catalog,data/model_capabilities/snapshots/ai-money-catalog.json,321adc45880a,ai-money,,,laohu-image-g-v2-lowprice,,,ai-money-gpt-image-2,,1,text_to_image,text_to_image,image_generation,"image,min=1,max=10,async",,official_documented,ready,True,provider_local,,not_implemented,ai-money,aspect_ratio|count|resolution,stored_snapshot:ai-money-catalog.json,
discovery,discovery_catalog,data/model_capabilities/snapshots/ai-money-catalog.json,321adc45880a,ai-money,,,laohu-image-g-v2.5-flare,,,ai-money-laohu-image-g-v2-5-flare,,2,default,text_or_reference_to_image,image_generation,"image,min=1,max=4,async",,official_documented,ready,True,provider_local,,not_implemented,ai-money,aspect_ratio|background|count|moderation|output_compression|output_format|quality|resolution,stored_snapshot:ai-money-catalog.json,
discovery,discovery_catalog,data/model_capabilities/snapshots/ai-money-catalog.json,321adc45880a,ai-money,,,laohu-image-g-v2.5-lowprice,,,ai-money-laohu-image-g-v2-5-lowprice,,2,default,text_or_reference_to_image,image_generation,"image,min=1,max=1,async",,official_documented,ready,True,provider_local,,not_implemented,ai-money,aspect_ratio|count|nsfw_check|resolution,stored_snapshot:ai-money-catalog.json,
discovery,discovery_catalog,data/model_capabilities/snapshots/ai-money-catalog.json,321adc45880a,ai-money,,,laohu-image-g-v2.5-sunburst,,,ai-money-laohu-image-g-v2-5-sunburst,,2,default,text_or_reference_to_image,image_generation,"image,min=1,max=4,async",,official_documented,ready,True,provider_local,,not_implemented,ai-money,aspect_ratio|background|count|moderation|output_compression|output_format|quality|resolution,stored_snapshot:ai-money-catalog.json,
discovery,discovery_catalog,data/model_capabilities/snapshots/ai-money-catalog.json,321adc45880a,ai-money,,,laohu-image-g2-i2i,,,ai-money-gpt-image-2,,1,image_to_image,image_to_image,image_generation,"image,min=1,max=10,async",,official_documented,ready,True,provider_local,,not_implemented,ai-money,aspect_ratio|resolution,stored_snapshot:ai-money-catalog.json,
discovery,discovery_catalog,data/model_capabilities/snapshots/ai-money-catalog.json,321adc45880a,ai-money,,,laohu-image-g2-t2i,,,ai-money-gpt-image-2,,1,text_to_image,text_to_image,image_generation,"image,min=1,max=10,async",,official_documented,ready,True,provider_local,,not_implemented,ai-money,aspect_ratio|resolution,stored_snapshot:ai-money-catalog.json,
discovery,discovery_catalog,data/model_capabilities/snapshots/ai-money-catalog.json,321adc45880a,ai-money,,,laohu-image-gk-v15,,,ai-money-grok-image,,1,text_to_image,text_to_image,image_generation,"image,min=1,max=10,async",,official_documented,ready,True,provider_local,,not_implemented,ai-money,aspect_ratio|resolution,stored_snapshot:ai-money-catalog.json,
discovery,discovery_catalog,data/model_capabilities/snapshots/ai-money-catalog.json,321adc45880a,ai-money,,,laohu-image-gk-v15-edit,,,ai-money-grok-image,,1,image_to_image,image_to_image,image_generation,"image,min=1,max=10,async",,official_documented,ready,True,provider_local,,not_implemented,ai-money,aspect_ratio|resolution,stored_snapshot:ai-money-catalog.json,
discovery,discovery_catalog,data/model_capabilities/snapshots/ai-money-catalog.json,321adc45880a,ai-money,,,laohu-image-gk-v2,,,ai-money-grok-image,,1,text_to_image,text_to_image,image_generation,"image,min=1,max=10,async",,official_documented,ready,True,provider_local,,not_implemented,ai-money,aspect_ratio|count|resolution,stored_snapshot:ai-money-catalog.json,
discovery,discovery_catalog,data/model_capabilities/snapshots/ai-money-catalog.json,321adc45880a,ai-money,,,laohu-image-gk-v2-edit,,,ai-money-grok-image,,1,image_to_image,image_to_image,image_generation,"image,min=1,max=10,async",,official_documented,ready,True,provider_local,,not_implemented,ai-money,aspect_ratio|count|nsfw_check|resolution,stored_snapshot:ai-money-catalog.json,
discovery,discovery_catalog,data/model_capabilities/snapshots/ai-money-catalog.json,321adc45880a,ai-money,,,laohu-image-gk-v2-region-edit,,,ai-money-grok-image,,1,image_to_image,image_to_image,image_generation,"image,min=1,max=10,async",,official_documented,ready,True,provider_local,,not_implemented,ai-money,aspect_ratio|resolution,stored_snapshot:ai-money-catalog.json,
discovery,discovery_catalog,data/model_capabilities/snapshots/ai-money-catalog.json,321adc45880a,ai-money,,,laohu-image-gk-v2-segment,,,ai-money-grok-image,,1,text_to_image,text_to_image,image_generation,"image,min=1,max=10,async",,official_documented,ready,True,provider_local,,not_implemented,ai-money,aspect_ratio|resolution,stored_snapshot:ai-money-catalog.json,
discovery,discovery_catalog,data/model_capabilities/snapshots/ai-money-catalog.json,321adc45880a,ai-money,,,laohu-image-nb-2,,,ai-money-nano-banana-2,,1,text_to_image,text_to_image,image_generation,"image,min=1,max=10,async",,official_documented,ready,True,provider_local,,not_implemented,ai-money,aspect_ratio|resolution,stored_snapshot:ai-money-catalog.json,
discovery,discovery_catalog,data/model_capabilities/snapshots/ai-money-catalog.json,321adc45880a,ai-money,,,laohu-image-nb-2-lite,,,ai-money-nano-banana-2,,1,text_to_image,text_to_image,image_generation,"image,min=1,max=10,async",,official_documented,ready,True,provider_local,,not_implemented,ai-money,aspect_ratio|resolution,stored_snapshot:ai-money-catalog.json,
discovery,discovery_catalog,data/model_capabilities/snapshots/ai-money-catalog.json,321adc45880a,ai-money,,,laohu-image-nb-flash,,,ai-money-nano-banana-2,,1,text_to_image,text_to_image,image_generation,"image,min=1,max=10,async",,official_documented,ready,True,provider_local,,not_implemented,ai-money,aspect_ratio|resolution,stored_snapshot:ai-money-catalog.json,
discovery,discovery_catalog,data/model_capabilities/snapshots/ai-money-catalog.json,321adc45880a,ai-money,,,laohu-image-nb-pro,,,ai-money-nano-banana-pro,,1,text_to_image,text_to_image,image_generation,"image,min=1,max=10,async",,official_documented,ready,True,provider_local,,not_implemented,ai-money,aspect_ratio|resolution,stored_snapshot:ai-money-catalog.json,
discovery,discovery_catalog,data/model_capabilities/snapshots/ai-money-catalog.json,321adc45880a,ai-money,,,midjourney-blend,,,ai-money-midjourney,,1,blend,midjourney_blend,image_generation,"image,min=1,async",,official_schema,ready,True,provider_local,,not_implemented,ai-money,aspect_ratio|custom_id|index|size|speed|upstream_task_id,stored_snapshot:ai-money-catalog.json,
discovery,discovery_catalog,data/model_capabilities/snapshots/ai-money-catalog.json,321adc45880a,ai-money,,,midjourney-edits,,,ai-money-midjourney,,1,edits,midjourney_edits,image_generation,"image,min=1,async",,official_schema,ready,True,provider_local,,not_implemented,ai-money,aspect_ratio|custom_id|index|size|speed|upstream_task_id,stored_snapshot:ai-money-catalog.json,
discovery,discovery_catalog,data/model_capabilities/snapshots/ai-money-catalog.json,321adc45880a,ai-money,,,midjourney-high-variation,,,ai-money-midjourney,,1,high-variation,midjourney_high_variation,image_generation,"image,min=1,async",,official_schema,ready,True,provider_local,,not_implemented,ai-money,aspect_ratio|custom_id|index|size|speed|upstream_task_id,stored_snapshot:ai-money-catalog.json,
discovery,discovery_catalog,data/model_capabilities/snapshots/ai-money-catalog.json,321adc45880a,ai-money,,,midjourney-imagine,,,ai-money-midjourney,,1,imagine,midjourney_imagine,image_generation,"image,min=1,async",,official_schema,ready,True,provider_local,,not_implemented,ai-money,aspect_ratio|size|speed|version,stored_snapshot:ai-money-catalog.json,
discovery,discovery_catalog,data/model_capabilities/snapshots/ai-money-catalog.json,321adc45880a,ai-money,,,midjourney-inpaint,,,ai-money-midjourney,,1,inpaint,midjourney_inpaint,image_generation,"image,min=1,async",,official_schema,ready,True,provider_local,,not_implemented,ai-money,aspect_ratio|custom_id|index|size|speed|upstream_task_id,stored_snapshot:ai-money-catalog.json,
discovery,discovery_catalog,data/model_capabilities/snapshots/ai-money-catalog.json,321adc45880a,ai-money,,,midjourney-low-variation,,,ai-money-midjourney,,1,low-variation,midjourney_low_variation,image_generation,"image,min=1,async",,official_schema,ready,True,provider_local,,not_implemented,ai-money,aspect_ratio|custom_id|index|size|speed|upstream_task_id,stored_snapshot:ai-money-catalog.json,
discovery,discovery_catalog,data/model_capabilities/snapshots/ai-money-catalog.json,321adc45880a,ai-money,,,midjourney-modal,,,ai-money-midjourney,,1,modal,midjourney_modal,image_generation,"image,min=1,async",,official_schema,ready,True,provider_local,,not_implemented,ai-money,aspect_ratio|size|speed|upstream_task_id,stored_snapshot:ai-money-catalog.json,
discovery,discovery_catalog,data/model_capabilities/snapshots/ai-money-catalog.json,321adc45880a,ai-money,,,midjourney-pan,,,ai-money-midjourney,,1,pan,midjourney_pan,image_generation,"image,min=1,async",,official_schema,ready,True,provider_local,,not_implemented,ai-money,aspect_ratio|custom_id|direction|index|size|speed|upstream_task_id,stored_snapshot:ai-money-catalog.json,
discovery,discovery_catalog,data/model_capabilities/snapshots/ai-money-catalog.json,321adc45880a,ai-money,,,midjourney-remix-strong,,,ai-money-midjourney,,1,remix-strong,midjourney_remix_strong,image_generation,"image,min=1,async",,official_schema,ready,True,provider_local,,not_implemented,ai-money,aspect_ratio|custom_id|index|size|speed|upstream_task_id,stored_snapshot:ai-money-catalog.json,
discovery,discovery_catalog,data/model_capabilities/snapshots/ai-money-catalog.json,321adc45880a,ai-money,,,midjourney-remix-subtle,,,ai-money-midjourney,,1,remix-subtle,midjourney_remix_subtle,image_generation,"image,min=1,async",,official_schema,ready,True,provider_local,,not_implemented,ai-money,aspect_ratio|custom_id|index|size|speed|upstream_task_id,stored_snapshot:ai-money-catalog.json,
discovery,discovery_catalog,data/model_capabilities/snapshots/ai-money-catalog.json,321adc45880a,ai-money,,,midjourney-reroll,,,ai-money-midjourney,,1,reroll,midjourney_reroll,image_generation,"image,min=1,async",,official_schema,ready,True,provider_local,,not_implemented,ai-money,aspect_ratio|custom_id|index|size|speed|upstream_task_id,stored_snapshot:ai-money-catalog.json,
discovery,discovery_catalog,data/model_capabilities/snapshots/ai-money-catalog.json,321adc45880a,ai-money,,,midjourney-upscale,,,ai-money-midjourney,,1,upscale,midjourney_upscale,image_generation,"image,min=1,async",,official_schema,ready,True,provider_local,,not_implemented,ai-money,aspect_ratio|custom_id|index|size|speed|upstream_task_id,stored_snapshot:ai-money-catalog.json,
discovery,discovery_catalog,data/model_capabilities/snapshots/ai-money-catalog.json,321adc45880a,ai-money,,,midjourney-variation,,,ai-money-midjourney,,1,variation,midjourney_variation,image_generation,"image,min=1,async",,official_schema,ready,True,provider_local,,not_implemented,ai-money,aspect_ratio|custom_id|index|size|speed|upstream_task_id,stored_snapshot:ai-money-catalog.json,
discovery,discovery_catalog,data/model_capabilities/snapshots/ai-money-catalog.json,321adc45880a,ai-money,,,midjourney-zoom,,,ai-money-midjourney,,1,zoom,midjourney_zoom,image_generation,"image,min=1,async",,official_schema,ready,True,provider_local,,not_implemented,ai-money,aspect_ratio|custom_id|index|size|speed|upstream_task_id|zoom_ratio,stored_snapshot:ai-money-catalog.json,
discovery,discovery_catalog,data/model_capabilities/snapshots/ai-money-catalog.json,321adc45880a,ai-money,,,qwen-image-3.0-global-i2i,,,ai-money-qwen-image-3-0,,1,image_to_image,image_to_image,image_generation,"image,min=1,max=10,async",,official_documented,ready,True,provider_local,,not_implemented,ai-money,aspect_ratio|resolution,stored_snapshot:ai-money-catalog.json,
discovery,discovery_catalog,data/model_capabilities/snapshots/ai-money-catalog.json,321adc45880a,ai-money,,,qwen-image-3.0-global-pro-i2i,,,ai-money-qwen-image-3-0,,1,image_to_image,image_to_image,image_generation,"image,min=1,max=10,async",,official_documented,ready,True,provider_local,,not_implemented,ai-money,aspect_ratio|resolution,stored_snapshot:ai-money-catalog.json,
discovery,discovery_catalog,data/model_capabilities/snapshots/ai-money-catalog.json,321adc45880a,ai-money,,,qwen-image-3.0-global-pro-t2i,,,ai-money-qwen-image-3-0,,1,text_to_image,text_to_image,image_generation,"image,min=1,max=10,async",,official_documented,ready,True,provider_local,,not_implemented,ai-money,aspect_ratio|resolution,stored_snapshot:ai-money-catalog.json,
discovery,discovery_catalog,data/model_capabilities/snapshots/ai-money-catalog.json,321adc45880a,ai-money,,,qwen-image-3.0-global-t2i,,,ai-money-qwen-image-3-0,,1,text_to_image,text_to_image,image_generation,"image,min=1,max=10,async",,official_documented,ready,True,provider_local,,not_implemented,ai-money,aspect_ratio|resolution,stored_snapshot:ai-money-catalog.json,
discovery,discovery_catalog,data/model_capabilities/snapshots/ai-money-catalog.json,321adc45880a,ai-money,,,qwen-image-3.0-i2i,,,ai-money-qwen-image-3-0,,1,image_to_image,image_to_image,image_generation,"image,min=1,max=10,async",,official_documented,ready,True,provider_local,,not_implemented,ai-money,aspect_ratio|resolution,stored_snapshot:ai-money-catalog.json,
discovery,discovery_catalog,data/model_capabilities/snapshots/ai-money-catalog.json,321adc45880a,ai-money,,,qwen-image-3.0-pro-i2i,,,ai-money-qwen-image-3-0,,1,image_to_image,image_to_image,image_generation,"image,min=1,max=10,async",,official_documented,ready,True,provider_local,,not_implemented,ai-money,aspect_ratio|resolution,stored_snapshot:ai-money-catalog.json,
discovery,discovery_catalog,data/model_capabilities/snapshots/ai-money-catalog.json,321adc45880a,ai-money,,,qwen-image-3.0-pro-t2i,,,ai-money-qwen-image-3-0,,1,text_to_image,text_to_image,image_generation,"image,min=1,max=10,async",,official_documented,ready,True,provider_local,,not_implemented,ai-money,aspect_ratio|resolution,stored_snapshot:ai-money-catalog.json,
discovery,discovery_catalog,data/model_capabilities/snapshots/ai-money-catalog.json,321adc45880a,ai-money,,,qwen-image-3.0-t2i,,,ai-money-qwen-image-3-0,,1,text_to_image,text_to_image,image_generation,"image,min=1,max=10,async",,official_documented,ready,True,provider_local,,not_implemented,ai-money,aspect_ratio|resolution,stored_snapshot:ai-money-catalog.json,
discovery,discovery_catalog,data/model_capabilities/snapshots/ai-money-catalog.json,321adc45880a,ai-money,,,seedream-v5-pro-i2i,,,ai-money-seedream-v5-pro,,1,image_to_image,image_to_image,image_generation,"image,min=1,max=10,async",,official_documented,ready,True,provider_local,,not_implemented,ai-money,aspect_ratio|resolution,stored_snapshot:ai-money-catalog.json,
discovery,discovery_catalog,data/model_capabilities/snapshots/ai-money-catalog.json,321adc45880a,ai-money,,,seedream-v5-pro-layer-decomposition,,,ai-money-seedream-v5-pro-layer-decomposition,,1,layer_decomposition,layer_decomposition,image_generation,"image,min=1,max=10,async",,official_documented,ready,True,provider_local,,not_implemented,ai-money,aspect_ratio|resolution,stored_snapshot:ai-money-catalog.json,
discovery,discovery_catalog,data/model_capabilities/snapshots/ai-money-catalog.json,321adc45880a,ai-money,,,seedream-v5-pro-t2i,,,ai-money-seedream-v5-pro,,1,text_to_image,text_to_image,image_generation,"image,min=1,max=10,async",,official_documented,ready,True,provider_local,,not_implemented,ai-money,aspect_ratio|resolution,stored_snapshot:ai-money-catalog.json,
discovery,discovery_catalog,data/model_capabilities/snapshots/ai-money-catalog.json,321adc45880a,ai-money,,,vosr2-image-upscale,,,ai-money-vosr2-image-upscale,,2,default,image_upscale,image_generation,"image,min=1,max=1,async",,official_documented,ready,True,provider_local,,not_implemented,ai-money,,stored_snapshot:ai-money-catalog.json,NO_PARAMETER_FIELDS
discovery,discovery_catalog,data/model_capabilities/snapshots/ai-money-catalog.json,321adc45880a,ai-money,,,wan-2.7-global-i2i,,,ai-money-wan-image,,1,image_to_image,image_to_image,image_generation,"image,min=1,max=10,async",,official_documented,ready,True,provider_local,,not_implemented,ai-money,aspect_ratio|resolution,stored_snapshot:ai-money-catalog.json,
discovery,discovery_catalog,data/model_capabilities/snapshots/ai-money-catalog.json,321adc45880a,ai-money,,,wan-2.7-global-i2i-pro,,,ai-money-wan-image,,1,image_to_image,image_to_image,image_generation,"image,min=1,max=10,async",,official_documented,ready,True,provider_local,,not_implemented,ai-money,aspect_ratio|resolution,stored_snapshot:ai-money-catalog.json,
discovery,discovery_catalog,data/model_capabilities/snapshots/ai-money-catalog.json,321adc45880a,ai-money,,,wan-2.7-global-t2i,,,ai-money-wan-image,,1,text_to_image,text_to_image,image_generation,"image,min=1,max=10,async",,official_documented,ready,True,provider_local,,not_implemented,ai-money,aspect_ratio|resolution,stored_snapshot:ai-money-catalog.json,
discovery,discovery_catalog,data/model_capabilities/snapshots/ai-money-catalog.json,321adc45880a,ai-money,,,FlashVSR_video_upscale,,,ai-money-FlashVSR_video_upscale,,2,default,video_upscale,video_generation,"video,min=1,max=1,async",,official_documented,ready,True,provider_local,,not_implemented,ai-money,,stored_snapshot:ai-money-catalog.json,NO_PARAMETER_FIELDS
discovery,discovery_catalog,data/model_capabilities/snapshots/ai-money-catalog.json,321adc45880a,ai-money,,,MiniMax-H3,,,ai-money-minimax-h3,,2,default,text_or_reference_to_video,video_generation,"video,min=1,max=1,async",,official_documented,ready,True,provider_local,,not_implemented,ai-money,add_drive_as_reference|aspect_ratio|audio_mode|audio_role|denoise_strength|duration|resolution|start_time_seconds,stored_snapshot:ai-money-catalog.json,
discovery,discovery_catalog,data/model_capabilities/snapshots/ai-money-catalog.json,321adc45880a,ai-money,,,flux-3-video-draft-enhance,,,ai-money-flux-3-video,,1,draft_enhance,draft_enhance,video_generation,"video,min=1,max=1,async",,official_documented,ready,True,provider_local,,not_implemented,ai-money,aspect_ratio|draft_cache|duration|generate_audio|resolution|return_last_frame|seed,stored_snapshot:ai-money-catalog.json,
discovery,discovery_catalog,data/model_capabilities/snapshots/ai-money-catalog.json,321adc45880a,ai-money,,,flux-3-video-global-draft-enhance,,,ai-money-flux-3-video,,1,draft_enhance,draft_enhance,video_generation,"video,min=1,max=1,async",,official_documented,ready,True,provider_local,,not_implemented,ai-money,aspect_ratio|draft_cache|duration|generate_audio|resolution|return_last_frame|seed,stored_snapshot:ai-money-catalog.json,
discovery,discovery_catalog,data/model_capabilities/snapshots/ai-money-catalog.json,321adc45880a,ai-money,,,flux-3-video-global-i2v,,,ai-money-flux-3-video,,1,image_to_video,image_to_video,video_generation,"video,min=1,max=1,async",,official_documented,ready,True,provider_local,,not_implemented,ai-money,aspect_ratio|duration|generate_audio|resolution|return_last_frame|seed,stored_snapshot:ai-money-catalog.json,
discovery,discovery_catalog,data/model_capabilities/snapshots/ai-money-catalog.json,321adc45880a,ai-money,,,flux-3-video-global-t2v,,,ai-money-flux-3-video,,1,text_to_video,text_to_video,video_generation,"video,min=1,max=1,async",,official_documented,ready,True,provider_local,,not_implemented,ai-money,aspect_ratio|duration|generate_audio|resolution|return_last_frame|seed,stored_snapshot:ai-money-catalog.json,
discovery,discovery_catalog,data/model_capabilities/snapshots/ai-money-catalog.json,321adc45880a,ai-money,,,flux-3-video-global-v2v,,,ai-money-flux-3-video,,1,video_to_video,video_to_video,video_generation,"video,min=1,max=1,async",,official_documented,ready,True,provider_local,,not_implemented,ai-money,aspect_ratio|duration|generate_audio|resolution|return_last_frame|seed,stored_snapshot:ai-money-catalog.json,
discovery,discovery_catalog,data/model_capabilities/snapshots/ai-money-catalog.json,321adc45880a,ai-money,,,flux-3-video-i2v,,,ai-money-flux-3-video,,1,image_to_video,image_to_video,video_generation,"video,min=1,max=1,async",,official_documented,ready,True,provider_local,,not_implemented,ai-money,aspect_ratio|duration|generate_audio|resolution|return_last_frame|seed,stored_snapshot:ai-money-catalog.json,
discovery,discovery_catalog,data/model_capabilities/snapshots/ai-money-catalog.json,321adc45880a,ai-money,,,flux-3-video-t2v,,,ai-money-flux-3-video,,1,text_to_video,text_to_video,video_generation,"video,min=1,max=1,async",,official_documented,ready,True,provider_local,,not_implemented,ai-money,aspect_ratio|duration|generate_audio|resolution|return_last_frame|seed,stored_snapshot:ai-money-catalog.json,
discovery,discovery_catalog,data/model_capabilities/snapshots/ai-money-catalog.json,321adc45880a,ai-money,,,flux-3-video-v2v,,,ai-money-flux-3-video,,1,video_to_video,video_to_video,video_generation,"video,min=1,max=1,async",,official_documented,ready,True,provider_local,,not_implemented,ai-money,aspect_ratio|duration|generate_audio|resolution|return_last_frame|seed,stored_snapshot:ai-money-catalog.json,
discovery,discovery_catalog,data/model_capabilities/snapshots/ai-money-catalog.json,321adc45880a,ai-money,,,hailuo-2.3-fast-i2v,,,ai-money-hailuo-2-3,,1,image_to_video,image_to_video,video_generation,"video,min=1,max=1,async",,official_documented,ready,True,provider_local,,not_implemented,ai-money,aspect_ratio|duration|generate_audio|resolution|return_last_frame|seed,stored_snapshot:ai-money-catalog.json,
discovery,discovery_catalog,data/model_capabilities/snapshots/ai-money-catalog.json,321adc45880a,ai-money,,,hailuo-2.3-fast-pro-i2v,,,ai-money-hailuo-2-3,,1,image_to_video,image_to_video,video_generation,"video,min=1,max=1,async",,official_documented,ready,True,provider_local,,not_implemented,ai-money,aspect_ratio|duration|generate_audio|resolution|return_last_frame|seed,stored_snapshot:ai-money-catalog.json,
discovery,discovery_catalog,data/model_capabilities/snapshots/ai-money-catalog.json,321adc45880a,ai-money,,,hailuo-2.3-i2v-pro,,,ai-money-hailuo-2-3,,1,image_to_video,image_to_video,video_generation,"video,min=1,max=1,async",,official_documented,ready,True,provider_local,,not_implemented,ai-money,aspect_ratio|duration|generate_audio|resolution|return_last_frame|seed,stored_snapshot:ai-money-catalog.json,
discovery,discovery_catalog,data/model_capabilities/snapshots/ai-money-catalog.json,321adc45880a,ai-money,,,hailuo-2.3-i2v-standard,,,ai-money-hailuo-2-3,,1,image_to_video,image_to_video,video_generation,"video,min=1,max=1,async",,official_documented,ready,True,provider_local,,not_implemented,ai-money,aspect_ratio|duration|generate_audio|resolution|return_last_frame|seed,stored_snapshot:ai-money-catalog.json,
discovery,discovery_catalog,data/model_capabilities/snapshots/ai-money-catalog.json,321adc45880a,ai-money,,,hailuo-2.3-t2v-pro,,,ai-money-hailuo-2-3,,1,text_to_video,text_to_video,video_generation,"video,min=1,max=1,async",,official_documented,ready,True,provider_local,,not_implemented,ai-money,aspect_ratio|duration|generate_audio|resolution|return_last_frame|seed,stored_snapshot:ai-money-catalog.json,
discovery,discovery_catalog,data/model_capabilities/snapshots/ai-money-catalog.json,321adc45880a,ai-money,,,hailuo-2.3-t2v-standard,,,ai-money-hailuo-2-3,,1,text_to_video,text_to_video,video_generation,"video,min=1,max=1,async",,official_documented,ready,True,provider_local,,not_implemented,ai-money,aspect_ratio|duration|generate_audio|resolution|return_last_frame|seed,stored_snapshot:ai-money-catalog.json,
discovery,discovery_catalog,data/model_capabilities/snapshots/ai-money-catalog.json,321adc45880a,ai-money,,,hailuo-h3-global-i2v,,,ai-money-hailuo-h3,,1,image_to_video,image_to_video,video_generation,"video,min=1,max=1,async",,official_documented,ready,True,provider_local,,not_implemented,ai-money,aspect_ratio|duration|generate_audio|resolution|return_last_frame|seed,stored_snapshot:ai-money-catalog.json,
discovery,discovery_catalog,data/model_capabilities/snapshots/ai-money-catalog.json,321adc45880a,ai-money,,,hailuo-h3-global-multi,,,ai-money-hailuo-h3,,1,multimodal_to_video,multimodal_to_video,video_generation,"video,min=1,max=1,async",,official_documented,ready,True,provider_local,,not_implemented,ai-money,aspect_ratio|duration|generate_audio|resolution|return_last_frame|seed,stored_snapshot:ai-money-catalog.json,
discovery,discovery_catalog,data/model_capabilities/snapshots/ai-money-catalog.json,321adc45880a,ai-money,,,hailuo-h3-global-t2v,,,ai-money-hailuo-h3,,1,text_to_video,text_to_video,video_generation,"video,min=1,max=1,async",,official_documented,ready,True,provider_local,,not_implemented,ai-money,aspect_ratio|duration|generate_audio|resolution|return_last_frame|seed,stored_snapshot:ai-money-catalog.json,
discovery,discovery_catalog,data/model_capabilities/snapshots/ai-money-catalog.json,321adc45880a,ai-money,,,hailuo-h3-i2v,,,ai-money-hailuo-h3,,1,image_to_video,image_to_video,video_generation,"video,min=1,max=1,async",,official_documented,ready,True,provider_local,,not_implemented,ai-money,aspect_ratio|duration|generate_audio|resolution|return_last_frame|seed,stored_snapshot:ai-money-catalog.json,
discovery,discovery_catalog,data/model_capabilities/snapshots/ai-money-catalog.json,321adc45880a,ai-money,,,hailuo-h3-max-i2v,,,ai-money-hailuo-h3,,1,image_to_video,image_to_video,video_generation,"video,min=1,max=1,async",,official_documented,ready,True,provider_local,,not_implemented,ai-money,aspect_ratio|duration|generate_audio|resolution|return_last_frame|seed,stored_snapshot:ai-money-catalog.json,
discovery,discovery_catalog,data/model_capabilities/snapshots/ai-money-catalog.json,321adc45880a,ai-money,,,hailuo-h3-max-t2v,,,ai-money-hailuo-h3,,1,text_to_video,text_to_video,video_generation,"video,min=1,max=1,async",,official_documented,ready,True,provider_local,,not_implemented,ai-money,aspect_ratio|duration|generate_audio|resolution|return_last_frame|seed,stored_snapshot:ai-money-catalog.json,
discovery,discovery_catalog,data/model_capabilities/snapshots/ai-money-catalog.json,321adc45880a,ai-money,,,hailuo-h3-max-turbo-i2v,,,ai-money-hailuo-h3,,1,image_to_video,image_to_video,video_generation,"video,min=1,max=1,async",,official_documented,ready,True,provider_local,,not_implemented,ai-money,aspect_ratio|duration|generate_audio|resolution|return_last_frame|seed,stored_snapshot:ai-money-catalog.json,
discovery,discovery_catalog,data/model_capabilities/snapshots/ai-money-catalog.json,321adc45880a,ai-money,,,hailuo-h3-max-turbo-t2v,,,ai-money-hailuo-h3,,1,text_to_video,text_to_video,video_generation,"video,min=1,max=1,async",,official_documented,ready,True,provider_local,,not_implemented,ai-money,aspect_ratio|duration|generate_audio|resolution|return_last_frame|seed,stored_snapshot:ai-money-catalog.json,
discovery,discovery_catalog,data/model_capabilities/snapshots/ai-money-catalog.json,321adc45880a,ai-money,,,hailuo-h3-multi,,,ai-money-hailuo-h3,,1,multimodal_to_video,multimodal_to_video,video_generation,"video,min=1,max=1,async",,official_documented,ready,True,provider_local,,not_implemented,ai-money,aspect_ratio|duration|generate_audio|resolution|return_last_frame|seed,stored_snapshot:ai-money-catalog.json,
discovery,discovery_catalog,data/model_capabilities/snapshots/ai-money-catalog.json,321adc45880a,ai-money,,,hailuo-h3-t2v,,,ai-money-hailuo-h3,,1,text_to_video,text_to_video,video_generation,"video,min=1,max=1,async",,official_documented,ready,True,provider_local,,not_implemented,ai-money,aspect_ratio|duration|generate_audio|resolution|return_last_frame|seed,stored_snapshot:ai-money-catalog.json,
discovery,discovery_catalog,data/model_capabilities/snapshots/ai-money-catalog.json,321adc45880a,ai-money,,,happyhorse-1.1-i2v,,,ai-money-happyhorse-1-1,,1,image_to_video,image_to_video,video_generation,"video,min=1,max=1,async",,official_documented,ready,True,provider_local,,not_implemented,ai-money,aspect_ratio|duration|generate_audio|resolution|return_last_frame|seed,stored_snapshot:ai-money-catalog.json,
discovery,discovery_catalog,data/model_capabilities/snapshots/ai-money-catalog.json,321adc45880a,ai-money,,,happyhorse-1.1-r2v,,,ai-money-happyhorse-1-1,,1,reference_to_video,reference_to_video,video_generation,"video,min=1,max=1,async",,official_documented,ready,True,provider_local,,not_implemented,ai-money,aspect_ratio|duration|generate_audio|resolution|return_last_frame|seed,stored_snapshot:ai-money-catalog.json,
discovery,discovery_catalog,data/model_capabilities/snapshots/ai-money-catalog.json,321adc45880a,ai-money,,,happyhorse-1.1-t2v,,,ai-money-happyhorse-1-1,,1,text_to_video,text_to_video,video_generation,"video,min=1,max=1,async",,official_documented,ready,True,provider_local,,not_implemented,ai-money,aspect_ratio|duration|generate_audio|resolution|return_last_frame|seed,stored_snapshot:ai-money-catalog.json,
discovery,discovery_catalog,data/model_capabilities/snapshots/ai-money-catalog.json,321adc45880a,ai-money,,,kling-elements-advanced,,,ai-money-kling-elements-advanced,,1,special_video,special_video,video_generation,"video,min=1,max=1,async",,official_documented,ready,True,provider_local,,not_implemented,ai-money,aspect_ratio|duration|generate_audio|resolution|return_last_frame|seed,stored_snapshot:ai-money-catalog.json,
discovery,discovery_catalog,data/model_capabilities/snapshots/ai-money-catalog.json,321adc45880a,ai-money,,,kling-lip-sync-identify-face,,,ai-money-kling-lip-sync-identify-face,,1,special_video,special_video,video_generation,"video,min=1,max=1,async",,official_documented,ready,True,provider_local,,not_implemented,ai-money,aspect_ratio|duration|generate_audio|resolution|return_last_frame|seed,stored_snapshot:ai-money-catalog.json,
discovery,discovery_catalog,data/model_capabilities/snapshots/ai-money-catalog.json,321adc45880a,ai-money,,,kling-lip-sync-video,,,ai-money-kling-lip-sync-video,,1,special_video,special_video,video_generation,"video,min=1,max=1,async",,official_documented,ready,True,provider_local,,not_implemented,ai-money,aspect_ratio|duration|generate_audio|resolution|return_last_frame|seed,stored_snapshot:ai-money-catalog.json,
discovery,discovery_catalog,data/model_capabilities/snapshots/ai-money-catalog.json,321adc45880a,ai-money,,,kling-o3-4k-i2v,,,ai-money-kling-o3,,1,image_to_video,image_to_video,video_generation,"video,min=1,max=1,async",,official_documented,ready,True,provider_local,,not_implemented,ai-money,aspect_ratio|duration|generate_audio|resolution|return_last_frame|seed,stored_snapshot:ai-money-catalog.json,
discovery,discovery_catalog,data/model_capabilities/snapshots/ai-money-catalog.json,321adc45880a,ai-money,,,kling-o3-4k-r2v,,,ai-money-kling-o3,,1,reference_to_video,reference_to_video,video_generation,"video,min=1,max=1,async",,official_documented,ready,True,provider_local,,not_implemented,ai-money,aspect_ratio|duration|generate_audio|resolution|return_last_frame|seed,stored_snapshot:ai-money-catalog.json,
discovery,discovery_catalog,data/model_capabilities/snapshots/ai-money-catalog.json,321adc45880a,ai-money,,,kling-o3-4k-t2v,,,ai-money-kling-o3,,1,text_to_video,text_to_video,video_generation,"video,min=1,max=1,async",,official_documented,ready,True,provider_local,,not_implemented,ai-money,aspect_ratio|duration|generate_audio|resolution|return_last_frame|seed,stored_snapshot:ai-money-catalog.json,
discovery,discovery_catalog,data/model_capabilities/snapshots/ai-money-catalog.json,321adc45880a,ai-money,,,kling-o3-pro-edit,,,ai-money-kling-o3,,1,video_to_video,video_to_video,video_generation,"video,min=1,max=1,async",,official_documented,ready,True,provider_local,,not_implemented,ai-money,aspect_ratio|duration|generate_audio|resolution|return_last_frame|seed,stored_snapshot:ai-money-catalog.json,
discovery,discovery_catalog,data/model_capabilities/snapshots/ai-money-catalog.json,321adc45880a,ai-money,,,kling-o3-pro-i2v,,,ai-money-kling-o3,,1,image_to_video,image_to_video,video_generation,"video,min=1,max=1,async",,official_documented,ready,True,provider_local,,not_implemented,ai-money,aspect_ratio|duration|generate_audio|resolution|return_last_frame|seed,stored_snapshot:ai-money-catalog.json,
discovery,discovery_catalog,data/model_capabilities/snapshots/ai-money-catalog.json,321adc45880a,ai-money,,,kling-o3-pro-r2v,,,ai-money-kling-o3,,1,reference_to_video,reference_to_video,video_generation,"video,min=1,max=1,async",,official_documented,ready,True,provider_local,,not_implemented,ai-money,aspect_ratio|duration|generate_audio|resolution|return_last_frame|seed,stored_snapshot:ai-money-catalog.json,
discovery,discovery_catalog,data/model_capabilities/snapshots/ai-money-catalog.json,321adc45880a,ai-money,,,kling-o3-pro-t2v,,,ai-money-kling-o3,,1,text_to_video,text_to_video,video_generation,"video,min=1,max=1,async",,official_documented,ready,True,provider_local,,not_implemented,ai-money,aspect_ratio|duration|generate_audio|resolution|return_last_frame|seed,stored_snapshot:ai-money-catalog.json,
discovery,discovery_catalog,data/model_capabilities/snapshots/ai-money-catalog.json,321adc45880a,ai-money,,,kling-o3-std-edit,,,ai-money-kling-o3,,1,video_to_video,video_to_video,video_generation,"video,min=1,max=1,async",,official_documented,ready,True,provider_local,,not_implemented,ai-money,aspect_ratio|duration|generate_audio|resolution|return_last_frame|seed,stored_snapshot:ai-money-catalog.json,
discovery,discovery_catalog,data/model_capabilities/snapshots/ai-money-catalog.json,321adc45880a,ai-money,,,kling-o3-std-i2v,,,ai-money-kling-o3,,1,image_to_video,image_to_video,video_generation,"video,min=1,max=1,async",,official_documented,ready,True,provider_local,,not_implemented,ai-money,aspect_ratio|duration|generate_audio|resolution|return_last_frame|seed,stored_snapshot:ai-money-catalog.json,
discovery,discovery_catalog,data/model_capabilities/snapshots/ai-money-catalog.json,321adc45880a,ai-money,,,kling-o3-std-r2v,,,ai-money-kling-o3,,1,reference_to_video,reference_to_video,video_generation,"video,min=1,max=1,async",,official_documented,ready,True,provider_local,,not_implemented,ai-money,aspect_ratio|duration|generate_audio|resolution|return_last_frame|seed,stored_snapshot:ai-money-catalog.json,
discovery,discovery_catalog,data/model_capabilities/snapshots/ai-money-catalog.json,321adc45880a,ai-money,,,kling-o3-std-t2v,,,ai-money-kling-o3,,1,text_to_video,text_to_video,video_generation,"video,min=1,max=1,async",,official_documented,ready,True,provider_local,,not_implemented,ai-money,aspect_ratio|duration|generate_audio|resolution|return_last_frame|seed,stored_snapshot:ai-money-catalog.json,
discovery,discovery_catalog,data/model_capabilities/snapshots/ai-money-catalog.json,321adc45880a,ai-money,,,kling-v3-4k-i2v,,,ai-money-kling-v3-0,,1,image_to_video,image_to_video,video_generation,"video,min=1,max=1,async",,official_documented,ready,True,provider_local,,not_implemented,ai-money,aspect_ratio|duration|generate_audio|resolution|return_last_frame|seed,stored_snapshot:ai-money-catalog.json,
discovery,discovery_catalog,data/model_capabilities/snapshots/ai-money-catalog.json,321adc45880a,ai-money,,,kling-v3-4k-t2v,,,ai-money-kling-v3-0,,1,text_to_video,text_to_video,video_generation,"video,min=1,max=1,async",,official_documented,ready,True,provider_local,,not_implemented,ai-money,aspect_ratio|duration|generate_audio|resolution|return_last_frame|seed,stored_snapshot:ai-money-catalog.json,
discovery,discovery_catalog,data/model_capabilities/snapshots/ai-money-catalog.json,321adc45880a,ai-money,,,kling-v3-turbo-pro-i2v,,,ai-money-kling-v3-0,,1,image_to_video,image_to_video,video_generation,"video,min=1,max=1,async",,official_documented,ready,True,provider_local,,not_implemented,ai-money,aspect_ratio|duration|generate_audio|resolution|return_last_frame|seed,stored_snapshot:ai-money-catalog.json,
discovery,discovery_catalog,data/model_capabilities/snapshots/ai-money-catalog.json,321adc45880a,ai-money,,,kling-v3-turbo-pro-t2v,,,ai-money-kling-v3-0,,1,text_to_video,text_to_video,video_generation,"video,min=1,max=1,async",,official_documented,ready,True,provider_local,,not_implemented,ai-money,aspect_ratio|duration|generate_audio|resolution|return_last_frame|seed,stored_snapshot:ai-money-catalog.json,
discovery,discovery_catalog,data/model_capabilities/snapshots/ai-money-catalog.json,321adc45880a,ai-money,,,kling-v3-turbo-std-i2v,,,ai-money-kling-v3-0,,1,image_to_video,image_to_video,video_generation,"video,min=1,max=1,async",,official_documented,ready,True,provider_local,,not_implemented,ai-money,aspect_ratio|duration|generate_audio|resolution|return_last_frame|seed,stored_snapshot:ai-money-catalog.json,
discovery,discovery_catalog,data/model_capabilities/snapshots/ai-money-catalog.json,321adc45880a,ai-money,,,kling-v3-turbo-std-t2v,,,ai-money-kling-v3-0,,1,text_to_video,text_to_video,video_generation,"video,min=1,max=1,async",,official_documented,ready,True,provider_local,,not_implemented,ai-money,aspect_ratio|duration|generate_audio|resolution|return_last_frame|seed,stored_snapshot:ai-money-catalog.json,
discovery,discovery_catalog,data/model_capabilities/snapshots/ai-money-catalog.json,321adc45880a,ai-money,,,kling-v3.0-4k-motion,,,ai-money-kling-v3-0,,1,video_to_video,video_to_video,video_generation,"video,min=1,max=1,async",,official_documented,ready,True,provider_local,,not_implemented,ai-money,aspect_ratio|duration|generate_audio|resolution|return_last_frame|seed,stored_snapshot:ai-money-catalog.json,
discovery,discovery_catalog,data/model_capabilities/snapshots/ai-money-catalog.json,321adc45880a,ai-money,,,kling-v3.0-pro-i2v,,,ai-money-kling-v3-0,,1,image_to_video,image_to_video,video_generation,"video,min=1,max=1,async",,official_documented,ready,True,provider_local,,not_implemented,ai-money,aspect_ratio|duration|generate_audio|resolution|return_last_frame|seed,stored_snapshot:ai-money-catalog.json,
discovery,discovery_catalog,data/model_capabilities/snapshots/ai-money-catalog.json,321adc45880a,ai-money,,,kling-v3.0-pro-motion,,,ai-money-kling-v3-0,,1,video_to_video,video_to_video,video_generation,"video,min=1,max=1,async",,official_documented,ready,True,provider_local,,not_implemented,ai-money,aspect_ratio|duration|generate_audio|resolution|return_last_frame|seed,stored_snapshot:ai-money-catalog.json,
discovery,discovery_catalog,data/model_capabilities/snapshots/ai-money-catalog.json,321adc45880a,ai-money,,,kling-v3.0-pro-t2v,,,ai-money-kling-v3-0,,1,text_to_video,text_to_video,video_generation,"video,min=1,max=1,async",,official_documented,ready,True,provider_local,,not_implemented,ai-money,aspect_ratio|duration|generate_audio|resolution|return_last_frame|seed,stored_snapshot:ai-money-catalog.json,
discovery,discovery_catalog,data/model_capabilities/snapshots/ai-money-catalog.json,321adc45880a,ai-money,,,kling-v3.0-std-i2v,,,ai-money-kling-v3-0,,1,image_to_video,image_to_video,video_generation,"video,min=1,max=1,async",,official_documented,ready,True,provider_local,,not_implemented,ai-money,aspect_ratio|duration|generate_audio|resolution|return_last_frame|seed,stored_snapshot:ai-money-catalog.json,
discovery,discovery_catalog,data/model_capabilities/snapshots/ai-money-catalog.json,321adc45880a,ai-money,,,kling-v3.0-std-motion,,,ai-money-kling-v3-0,,1,video_to_video,video_to_video,video_generation,"video,min=1,max=1,async",,official_documented,ready,True,provider_local,,not_implemented,ai-money,aspect_ratio|duration|generate_audio|resolution|return_last_frame|seed,stored_snapshot:ai-money-catalog.json,
discovery,discovery_catalog,data/model_capabilities/snapshots/ai-money-catalog.json,321adc45880a,ai-money,,,kling-v3.0-std-t2v,,,ai-money-kling-v3-0,,1,text_to_video,text_to_video,video_generation,"video,min=1,max=1,async",,official_documented,ready,True,provider_local,,not_implemented,ai-money,aspect_ratio|duration|generate_audio|resolution|return_last_frame|seed,stored_snapshot:ai-money-catalog.json,
discovery,discovery_catalog,data/model_capabilities/snapshots/ai-money-catalog.json,321adc45880a,ai-money,,,laohu-upscaler,,,ai-money-upscaler,,1,video_upscale,video_upscale,video_generation,"video,min=1,max=1,async",,official_documented,ready,True,provider_local,,not_implemented,ai-money,resolution,stored_snapshot:ai-money-catalog.json,
discovery,discovery_catalog,data/model_capabilities/snapshots/ai-money-catalog.json,321adc45880a,ai-money,,,laohu-video-g-omni-1.1-flash-lowprice,,,ai-money-veo3-1,,1,multimodal_to_video,multimodal_to_video,video_generation,"video,min=1,max=1,async",,official_documented,ready,True,provider_local,,not_implemented,ai-money,aspect_ratio|duration|generate_audio|resolution|return_last_frame|seed,stored_snapshot:ai-money-catalog.json,
discovery,discovery_catalog,data/model_capabilities/snapshots/ai-money-catalog.json,321adc45880a,ai-money,,,laohu-video-g-omni-flash,,,ai-money-veo3-1,,1,multimodal_to_video,multimodal_to_video,video_generation,"video,min=1,max=1,async",,official_documented,ready,True,provider_local,,not_implemented,ai-money,aspect_ratio|duration|generate_audio|resolution|return_last_frame|seed,stored_snapshot:ai-money-catalog.json,
discovery,discovery_catalog,data/model_capabilities/snapshots/ai-money-catalog.json,321adc45880a,ai-money,,,laohu-video-g-omni-flash-lowprice,,,ai-money-veo3-1,,1,multimodal_to_video,multimodal_to_video,video_generation,"video,min=1,max=1,async",,official_documented,ready,True,provider_local,,not_implemented,ai-money,aspect_ratio|duration|generate_audio|resolution|return_last_frame|seed,stored_snapshot:ai-money-catalog.json,
discovery,discovery_catalog,data/model_capabilities/snapshots/ai-money-catalog.json,321adc45880a,ai-money,,,laohu-video-gk-v15,,,ai-money-grok-video,,1,compatible_video,compatible_video,video_generation,"video,min=1,max=1,async",,official_documented,ready,True,provider_local,,not_implemented,ai-money,aspect_ratio|duration|generate_audio|resolution|return_last_frame|seed,stored_snapshot:ai-money-catalog.json,
discovery,discovery_catalog,data/model_capabilities/snapshots/ai-money-catalog.json,321adc45880a,ai-money,,,laohu-video-v31-fast,,,ai-money-veo3-1,,1,compatible_video,compatible_video,video_generation,"video,min=1,max=1,async",,official_documented,ready,True,provider_local,,not_implemented,ai-money,aspect_ratio|duration,stored_snapshot:ai-money-catalog.json,
discovery,discovery_catalog,data/model_capabilities/snapshots/ai-money-catalog.json,321adc45880a,ai-money,,,laohu-video-v31-lite,,,ai-money-veo3-1,,1,compatible_video,compatible_video,video_generation,"video,min=1,max=1,async",,official_documented,ready,True,provider_local,,not_implemented,ai-money,aspect_ratio|duration,stored_snapshot:ai-money-catalog.json,
discovery,discovery_catalog,data/model_capabilities/snapshots/ai-money-catalog.json,321adc45880a,ai-money,,,laohu-video-v31-quality,,,ai-money-veo3-1,,1,compatible_video,compatible_video,video_generation,"video,min=1,max=1,async",,official_documented,ready,True,provider_local,,not_implemented,ai-money,aspect_ratio|duration,stored_snapshot:ai-money-catalog.json,
discovery,discovery_catalog,data/model_capabilities/snapshots/ai-money-catalog.json,321adc45880a,ai-money,,,midjourney-video,,,ai-money-midjourney,,1,special_video,special_video,video_generation,"video,min=1,max=1,async",,official_documented,ready,True,provider_local,,not_implemented,ai-money,aspect_ratio|duration|generate_audio|resolution|return_last_frame|seed,stored_snapshot:ai-money-catalog.json,
discovery,discovery_catalog,data/model_capabilities/snapshots/ai-money-catalog.json,321adc45880a,ai-money,,,minimax-h3-ow-i2v,,,ai-money-minimax-h3,,1,image_to_video,image_to_video,video_generation,"video,min=1,max=1,async",,official_documented,ready,True,provider_local,,not_implemented,ai-money,aspect_ratio|duration|resolution,stored_snapshot:ai-money-catalog.json,
discovery,discovery_catalog,data/model_capabilities/snapshots/ai-money-catalog.json,321adc45880a,ai-money,,,minimax-h3-ow-i2v-fast,,,ai-money-minimax-h3,,1,image_to_video,image_to_video,video_generation,"video,min=1,max=1,async",,official_documented,ready,True,provider_local,,not_implemented,ai-money,aspect_ratio|duration|resolution,stored_snapshot:ai-money-catalog.json,
discovery,discovery_catalog,data/model_capabilities/snapshots/ai-money-catalog.json,321adc45880a,ai-money,,,minimax-h3-ow-r2v,,,ai-money-minimax-h3,,1,reference_to_video,reference_to_video,video_generation,"video,min=1,max=1,async",,official_documented,ready,True,provider_local,,not_implemented,ai-money,aspect_ratio|duration|resolution,stored_snapshot:ai-money-catalog.json,
discovery,discovery_catalog,data/model_capabilities/snapshots/ai-money-catalog.json,321adc45880a,ai-money,,,minimax-h3-ow-r2v-fast,,,ai-money-minimax-h3,,1,reference_to_video,reference_to_video,video_generation,"video,min=1,max=1,async",,official_documented,ready,True,provider_local,,not_implemented,ai-money,aspect_ratio|duration|resolution,stored_snapshot:ai-money-catalog.json,
discovery,discovery_catalog,data/model_capabilities/snapshots/ai-money-catalog.json,321adc45880a,ai-money,,,minimax-h3-ow-t2v,,,ai-money-minimax-h3,,1,text_to_video,text_to_video,video_generation,"video,min=1,max=1,async",,official_documented,ready,True,provider_local,,not_implemented,ai-money,aspect_ratio|duration|resolution,stored_snapshot:ai-money-catalog.json,
discovery,discovery_catalog,data/model_capabilities/snapshots/ai-money-catalog.json,321adc45880a,ai-money,,,minimax-h3-ow-t2v-fast,,,ai-money-minimax-h3,,1,text_to_video,text_to_video,video_generation,"video,min=1,max=1,async",,official_documented,ready,True,provider_local,,not_implemented,ai-money,aspect_ratio|duration|resolution,stored_snapshot:ai-money-catalog.json,
discovery,discovery_catalog,data/model_capabilities/snapshots/ai-money-catalog.json,321adc45880a,ai-money,,,seedance-2.0-fast-i2v,,,ai-money-seedance-2-0,,1,image_to_video,image_to_video,video_generation,"video,min=1,max=1,async",,official_documented,ready,True,provider_local,,not_implemented,ai-money,aspect_ratio|duration|generate_audio|resolution|return_last_frame|seed,stored_snapshot:ai-money-catalog.json,
discovery,discovery_catalog,data/model_capabilities/snapshots/ai-money-catalog.json,321adc45880a,ai-money,,,seedance-2.0-fast-multi,,,ai-money-seedance-2-0,,1,multimodal_to_video,multimodal_to_video,video_generation,"video,min=1,max=1,async",,official_documented,ready,True,provider_local,,not_implemented,ai-money,aspect_ratio|duration|generate_audio|resolution|return_last_frame|seed,stored_snapshot:ai-money-catalog.json,
discovery,discovery_catalog,data/model_capabilities/snapshots/ai-money-catalog.json,321adc45880a,ai-money,,,seedance-2.0-fast-t2v,,,ai-money-seedance-2-0,,1,text_to_video,text_to_video,video_generation,"video,min=1,max=1,async",,official_documented,ready,True,provider_local,,not_implemented,ai-money,aspect_ratio|duration|generate_audio|resolution|return_last_frame|seed,stored_snapshot:ai-money-catalog.json,
discovery,discovery_catalog,data/model_capabilities/snapshots/ai-money-catalog.json,321adc45880a,ai-money,,,seedance-2.0-global-fast-i2v,,,ai-money-seedance-2-0,,1,image_to_video,image_to_video,video_generation,"video,min=1,max=1,async",,official_documented,ready,True,provider_local,,not_implemented,ai-money,aspect_ratio|duration|generate_audio|resolution|return_last_frame|seed,stored_snapshot:ai-money-catalog.json,
discovery,discovery_catalog,data/model_capabilities/snapshots/ai-money-catalog.json,321adc45880a,ai-money,,,seedance-2.0-global-fast-multi,,,ai-money-seedance-2-0,,1,multimodal_to_video,multimodal_to_video,video_generation,"video,min=1,max=1,async",,official_documented,ready,True,provider_local,,not_implemented,ai-money,aspect_ratio|duration|generate_audio|resolution|return_last_frame|seed,stored_snapshot:ai-money-catalog.json,
discovery,discovery_catalog,data/model_capabilities/snapshots/ai-money-catalog.json,321adc45880a,ai-money,,,seedance-2.0-global-fast-t2v,,,ai-money-seedance-2-0,,1,text_to_video,text_to_video,video_generation,"video,min=1,max=1,async",,official_documented,ready,True,provider_local,,not_implemented,ai-money,aspect_ratio|duration|generate_audio|resolution|return_last_frame|seed,stored_snapshot:ai-money-catalog.json,
discovery,discovery_catalog,data/model_capabilities/snapshots/ai-money-catalog.json,321adc45880a,ai-money,,,seedance-2.0-global-mini-i2v,,,ai-money-seedance-2-0,,1,image_to_video,image_to_video,video_generation,"video,min=1,max=1,async",,official_documented,ready,True,provider_local,,not_implemented,ai-money,aspect_ratio|duration|generate_audio|resolution|return_last_frame|seed,stored_snapshot:ai-money-catalog.json,
discovery,discovery_catalog,data/model_capabilities/snapshots/ai-money-catalog.json,321adc45880a,ai-money,,,seedance-2.0-global-mini-multi,,,ai-money-seedance-2-0,,1,multimodal_to_video,multimodal_to_video,video_generation,"video,min=1,max=1,async",,official_documented,ready,True,provider_local,,not_implemented,ai-money,aspect_ratio|duration|generate_audio|resolution|return_last_frame|seed,stored_snapshot:ai-money-catalog.json,
discovery,discovery_catalog,data/model_capabilities/snapshots/ai-money-catalog.json,321adc45880a,ai-money,,,seedance-2.0-global-mini-t2v,,,ai-money-seedance-2-0,,1,text_to_video,text_to_video,video_generation,"video,min=1,max=1,async",,official_documented,ready,True,provider_local,,not_implemented,ai-money,aspect_ratio|duration|generate_audio|resolution|return_last_frame|seed,stored_snapshot:ai-money-catalog.json,
discovery,discovery_catalog,data/model_capabilities/snapshots/ai-money-catalog.json,321adc45880a,ai-money,,,seedance-2.0-global-standard-i2v,,,ai-money-seedance-2-0,,1,image_to_video,image_to_video,video_generation,"video,min=1,max=1,async",,official_documented,ready,True,provider_local,,not_implemented,ai-money,aspect_ratio|duration|generate_audio|resolution|return_last_frame|seed,stored_snapshot:ai-money-catalog.json,
discovery,discovery_catalog,data/model_capabilities/snapshots/ai-money-catalog.json,321adc45880a,ai-money,,,seedance-2.0-global-standard-multi,,,ai-money-seedance-2-0,,1,multimodal_to_video,multimodal_to_video,video_generation,"video,min=1,max=1,async",,official_documented,ready,True,provider_local,,not_implemented,ai-money,aspect_ratio|duration|generate_audio|resolution|return_last_frame|seed,stored_snapshot:ai-money-catalog.json,
discovery,discovery_catalog,data/model_capabilities/snapshots/ai-money-catalog.json,321adc45880a,ai-money,,,seedance-2.0-global-standard-t2v,,,ai-money-seedance-2-0,,1,text_to_video,text_to_video,video_generation,"video,min=1,max=1,async",,official_documented,ready,True,provider_local,,not_implemented,ai-money,aspect_ratio|duration|generate_audio|resolution|return_last_frame|seed,stored_snapshot:ai-money-catalog.json,
discovery,discovery_catalog,data/model_capabilities/snapshots/ai-money-catalog.json,321adc45880a,ai-money,,,seedance-2.0-mini-i2v,,,ai-money-seedance-2-0,,1,image_to_video,image_to_video,video_generation,"video,min=1,max=1,async",,official_documented,ready,True,provider_local,,not_implemented,ai-money,aspect_ratio|duration|generate_audio|resolution|return_last_frame|seed,stored_snapshot:ai-money-catalog.json,
discovery,discovery_catalog,data/model_capabilities/snapshots/ai-money-catalog.json,321adc45880a,ai-money,,,seedance-2.0-mini-multi,,,ai-money-seedance-2-0,,1,multimodal_to_video,multimodal_to_video,video_generation,"video,min=1,max=1,async",,official_documented,ready,True,provider_local,,not_implemented,ai-money,aspect_ratio|duration|generate_audio|resolution|return_last_frame|seed,stored_snapshot:ai-money-catalog.json,
discovery,discovery_catalog,data/model_capabilities/snapshots/ai-money-catalog.json,321adc45880a,ai-money,,,seedance-2.0-mini-t2v,,,ai-money-seedance-2-0,,1,text_to_video,text_to_video,video_generation,"video,min=1,max=1,async",,official_documented,ready,True,provider_local,,not_implemented,ai-money,aspect_ratio|duration|generate_audio|resolution|return_last_frame|seed,stored_snapshot:ai-money-catalog.json,
discovery,discovery_catalog,data/model_capabilities/snapshots/ai-money-catalog.json,321adc45880a,ai-money,,,seedance-2.0-standard-i2v,,,ai-money-seedance-2-0,,1,image_to_video,image_to_video,video_generation,"video,min=1,max=1,async",,official_documented,ready,True,provider_local,,not_implemented,ai-money,aspect_ratio|duration|generate_audio|resolution|return_last_frame|seed,stored_snapshot:ai-money-catalog.json,
discovery,discovery_catalog,data/model_capabilities/snapshots/ai-money-catalog.json,321adc45880a,ai-money,,,seedance-2.0-standard-multi,,,ai-money-seedance-2-0,,1,multimodal_to_video,multimodal_to_video,video_generation,"video,min=1,max=1,async",,official_documented,ready,True,provider_local,,not_implemented,ai-money,aspect_ratio|duration|generate_audio|resolution|return_last_frame|seed,stored_snapshot:ai-money-catalog.json,
discovery,discovery_catalog,data/model_capabilities/snapshots/ai-money-catalog.json,321adc45880a,ai-money,,,seedance-2.0-standard-t2v,,,ai-money-seedance-2-0,,1,text_to_video,text_to_video,video_generation,"video,min=1,max=1,async",,official_documented,ready,True,provider_local,,not_implemented,ai-money,aspect_ratio|duration|generate_audio|resolution|return_last_frame|seed,stored_snapshot:ai-money-catalog.json,
discovery,discovery_catalog,data/model_capabilities/snapshots/ai-money-catalog.json,321adc45880a,ai-money,,,seedance-2.5-global-standard-i2v,,,ai-money-seedance-2-5,,1,image_to_video,image_to_video,video_generation,"video,min=1,max=1,async",,official_documented,ready,True,provider_local,,not_implemented,ai-money,aspect_ratio|duration|generate_audio|resolution|return_last_frame,stored_snapshot:ai-money-catalog.json,
discovery,discovery_catalog,data/model_capabilities/snapshots/ai-money-catalog.json,321adc45880a,ai-money,,,seedance-2.5-global-standard-multi,,,ai-money-seedance-2-5,,1,multimodal_to_video,multimodal_to_video,video_generation,"video,min=1,max=1,async",,official_documented,ready,True,provider_local,,not_implemented,ai-money,aspect_ratio|duration|generate_audio|resolution|return_last_frame,stored_snapshot:ai-money-catalog.json,
discovery,discovery_catalog,data/model_capabilities/snapshots/ai-money-catalog.json,321adc45880a,ai-money,,,seedance-2.5-global-standard-t2v,,,ai-money-seedance-2-5,,1,text_to_video,text_to_video,video_generation,"video,min=1,max=1,async",,official_documented,ready,True,provider_local,,not_implemented,ai-money,aspect_ratio|duration|generate_audio|resolution|return_last_frame,stored_snapshot:ai-money-catalog.json,
discovery,discovery_catalog,data/model_capabilities/snapshots/ai-money-catalog.json,321adc45880a,ai-money,,,seedance-2.5-standard-i2v,,,ai-money-seedance-2-5,,1,image_to_video,image_to_video,video_generation,"video,min=1,max=1,async",,official_documented,ready,True,provider_local,,not_implemented,ai-money,aspect_ratio|duration|generate_audio|resolution|return_last_frame,stored_snapshot:ai-money-catalog.json,
discovery,discovery_catalog,data/model_capabilities/snapshots/ai-money-catalog.json,321adc45880a,ai-money,,,seedance-2.5-standard-multi,,,ai-money-seedance-2-5,,1,multimodal_to_video,multimodal_to_video,video_generation,"video,min=1,max=1,async",,official_documented,ready,True,provider_local,,not_implemented,ai-money,aspect_ratio|duration|generate_audio|resolution|return_last_frame,stored_snapshot:ai-money-catalog.json,
discovery,discovery_catalog,data/model_capabilities/snapshots/ai-money-catalog.json,321adc45880a,ai-money,,,seedance-2.5-standard-t2v,,,ai-money-seedance-2-5,,1,text_to_video,text_to_video,video_generation,"video,min=1,max=1,async",,official_documented,ready,True,provider_local,,not_implemented,ai-money,aspect_ratio|duration|generate_audio|resolution|return_last_frame,stored_snapshot:ai-money-catalog.json,
discovery,discovery_catalog,data/model_capabilities/snapshots/ai-money-catalog.json,321adc45880a,ai-money,,,vidu-q3-ad-r2v,,,ai-money-vidu-q3,,1,reference_to_video,reference_to_video,video_generation,"video,min=1,max=1,async",,official_documented,ready,True,provider_local,,not_implemented,ai-money,aspect_ratio|duration|generate_audio|resolution|return_last_frame|seed,stored_snapshot:ai-money-catalog.json,
discovery,discovery_catalog,data/model_capabilities/snapshots/ai-money-catalog.json,321adc45880a,ai-money,,,vidu-q3-ad-short-play,,,ai-money-vidu-q3,,1,script_to_video,script_to_video,video_generation,"video,min=1,max=1,async",,official_documented,ready,True,provider_local,,not_implemented,ai-money,aspect_ratio|duration|generate_audio|resolution|return_last_frame|script_name|seed,stored_snapshot:ai-money-catalog.json,
discovery,discovery_catalog,data/model_capabilities/snapshots/ai-money-catalog.json,321adc45880a,ai-money,,,vidu-q3-drama-r2v,,,ai-money-vidu-q3,,1,reference_to_video,reference_to_video,video_generation,"video,min=1,max=1,async",,official_documented,ready,True,provider_local,,not_implemented,ai-money,aspect_ratio|duration|generate_audio|resolution|return_last_frame|seed,stored_snapshot:ai-money-catalog.json,
discovery,discovery_catalog,data/model_capabilities/snapshots/ai-money-catalog.json,321adc45880a,ai-money,,,vidu-q3-drama-short-play,,,ai-money-vidu-q3,,1,script_to_video,script_to_video,video_generation,"video,min=1,max=1,async",,official_documented,ready,True,provider_local,,not_implemented,ai-money,aspect_ratio|duration|generate_audio|resolution|return_last_frame|script_name|seed,stored_snapshot:ai-money-catalog.json,
discovery,discovery_catalog,data/model_capabilities/snapshots/ai-money-catalog.json,321adc45880a,ai-money,,,vidu-q3-mix-r2v,,,ai-money-vidu-q3,,1,reference_to_video,reference_to_video,video_generation,"video,min=1,max=1,async",,official_documented,ready,True,provider_local,,not_implemented,ai-money,aspect_ratio|duration|generate_audio|resolution|return_last_frame|seed,stored_snapshot:ai-money-catalog.json,
discovery,discovery_catalog,data/model_capabilities/snapshots/ai-money-catalog.json,321adc45880a,ai-money,,,vidu-q3-pro-fast-i2v,,,ai-money-vidu-q3,,1,image_to_video,image_to_video,video_generation,"video,min=1,max=1,async",,official_documented,ready,True,provider_local,,not_implemented,ai-money,aspect_ratio|duration|generate_audio|resolution|return_last_frame|seed,stored_snapshot:ai-money-catalog.json,
discovery,discovery_catalog,data/model_capabilities/snapshots/ai-money-catalog.json,321adc45880a,ai-money,,,vidu-q3-pro-fast-start-end,,,ai-money-vidu-q3,,1,start_end_to_video,start_end_to_video,video_generation,"video,min=1,max=1,async",,official_documented,ready,True,provider_local,,not_implemented,ai-money,aspect_ratio|duration|generate_audio|resolution|return_last_frame|seed,stored_snapshot:ai-money-catalog.json,
discovery,discovery_catalog,data/model_capabilities/snapshots/ai-money-catalog.json,321adc45880a,ai-money,,,vidu-q3-pro-fast-t2v,,,ai-money-vidu-q3,,1,text_to_video,text_to_video,video_generation,"video,min=1,max=1,async",,official_documented,ready,True,provider_local,,not_implemented,ai-money,aspect_ratio|duration|generate_audio|resolution|return_last_frame|seed,stored_snapshot:ai-money-catalog.json,
discovery,discovery_catalog,data/model_capabilities/snapshots/ai-money-catalog.json,321adc45880a,ai-money,,,vidu-q3-pro-i2v,,,ai-money-vidu-q3,,1,image_to_video,image_to_video,video_generation,"video,min=1,max=1,async",,official_documented,ready,True,provider_local,,not_implemented,ai-money,aspect_ratio|duration|generate_audio|resolution|return_last_frame|seed,stored_snapshot:ai-money-catalog.json,
discovery,discovery_catalog,data/model_capabilities/snapshots/ai-money-catalog.json,321adc45880a,ai-money,,,vidu-q3-pro-start-end,,,ai-money-vidu-q3,,1,start_end_to_video,start_end_to_video,video_generation,"video,min=1,max=1,async",,official_documented,ready,True,provider_local,,not_implemented,ai-money,aspect_ratio|duration|generate_audio|resolution|return_last_frame|seed,stored_snapshot:ai-money-catalog.json,
discovery,discovery_catalog,data/model_capabilities/snapshots/ai-money-catalog.json,321adc45880a,ai-money,,,vidu-q3-pro-t2v,,,ai-money-vidu-q3,,1,text_to_video,text_to_video,video_generation,"video,min=1,max=1,async",,official_documented,ready,True,provider_local,,not_implemented,ai-money,aspect_ratio|duration|generate_audio|resolution|return_last_frame|seed,stored_snapshot:ai-money-catalog.json,
discovery,discovery_catalog,data/model_capabilities/snapshots/ai-money-catalog.json,321adc45880a,ai-money,,,vidu-q3-r2v,,,ai-money-vidu-q3,,1,reference_to_video,reference_to_video,video_generation,"video,min=1,max=1,async",,official_documented,ready,True,provider_local,,not_implemented,ai-money,aspect_ratio|duration|generate_audio|resolution|return_last_frame|seed,stored_snapshot:ai-money-catalog.json,
discovery,discovery_catalog,data/model_capabilities/snapshots/ai-money-catalog.json,321adc45880a,ai-money,,,vidu-q3-turbo-i2v,,,ai-money-vidu-q3,,1,image_to_video,image_to_video,video_generation,"video,min=1,max=1,async",,official_documented,ready,True,provider_local,,not_implemented,ai-money,aspect_ratio|duration|generate_audio|resolution|return_last_frame|seed,stored_snapshot:ai-money-catalog.json,
discovery,discovery_catalog,data/model_capabilities/snapshots/ai-money-catalog.json,321adc45880a,ai-money,,,vidu-q3-turbo-start-end,,,ai-money-vidu-q3,,1,start_end_to_video,start_end_to_video,video_generation,"video,min=1,max=1,async",,official_documented,ready,True,provider_local,,not_implemented,ai-money,aspect_ratio|duration|generate_audio|resolution|return_last_frame|seed,stored_snapshot:ai-money-catalog.json,
discovery,discovery_catalog,data/model_capabilities/snapshots/ai-money-catalog.json,321adc45880a,ai-money,,,vidu-q3-turbo-t2v,,,ai-money-vidu-q3,,1,text_to_video,text_to_video,video_generation,"video,min=1,max=1,async",,official_documented,ready,True,provider_local,,not_implemented,ai-money,aspect_ratio|duration|generate_audio|resolution|return_last_frame|seed,stored_snapshot:ai-money-catalog.json,
discovery,discovery_catalog,data/model_capabilities/snapshots/ai-money-catalog.json,321adc45880a,ai-money,,,vosr2-video-upscale,,,ai-money-vosr2-video-upscale,,2,default,video_upscale,video_generation,"video,min=1,max=1,async",,official_documented,ready,True,provider_local,,not_implemented,ai-money,,stored_snapshot:ai-money-catalog.json,NO_PARAMETER_FIELDS
discovery,discovery_catalog,data/model_capabilities/snapshots/ai-money-catalog.json,321adc45880a,ai-money,,,wan-2.7-spicy-i2v,,,ai-money-wan-2-7-spicy,,1,image_to_video,image_to_video,video_generation,"video,min=1,max=1,async",,official_documented,ready,True,provider_local,,not_implemented,ai-money,aspect_ratio|duration|generate_audio|resolution|return_last_frame|seed,stored_snapshot:ai-money-catalog.json,
discovery,discovery_catalog,data/model_capabilities/snapshots/ai-money-catalog.json,321adc45880a,ai-money,,,wan-3.0-global-i2v,,,ai-money-wan-3-0,,1,image_to_video,image_to_video,video_generation,"video,min=1,max=1,async",,official_documented,ready,True,provider_local,,not_implemented,ai-money,aspect_ratio|duration|generate_audio|resolution|return_last_frame|seed,stored_snapshot:ai-money-catalog.json,
discovery,discovery_catalog,data/model_capabilities/snapshots/ai-money-catalog.json,321adc45880a,ai-money,,,wan-3.0-global-prime-i2v,,,ai-money-wan-3-0,,1,image_to_video,image_to_video,video_generation,"video,min=1,max=1,async",,official_documented,ready,True,provider_local,,not_implemented,ai-money,aspect_ratio|duration|generate_audio|resolution|seed,stored_snapshot:ai-money-catalog.json,
discovery,discovery_catalog,data/model_capabilities/snapshots/ai-money-catalog.json,321adc45880a,ai-money,,,wan-3.0-global-prime-r2v,,,ai-money-wan-3-0,,1,reference_to_video,reference_to_video,video_generation,"video,min=1,max=1,async",,official_documented,ready,True,provider_local,,not_implemented,ai-money,aspect_ratio|duration|generate_audio|resolution|seed,stored_snapshot:ai-money-catalog.json,
discovery,discovery_catalog,data/model_capabilities/snapshots/ai-money-catalog.json,321adc45880a,ai-money,,,wan-3.0-global-r2v,,,ai-money-wan-3-0,,1,reference_to_video,reference_to_video,video_generation,"video,min=1,max=1,async",,official_documented,ready,True,provider_local,,not_implemented,ai-money,aspect_ratio|duration|generate_audio|resolution|return_last_frame|seed,stored_snapshot:ai-money-catalog.json,
discovery,discovery_catalog,data/model_capabilities/snapshots/ai-money-catalog.json,321adc45880a,ai-money,,,wan-3.0-i2v,,,ai-money-wan-3-0,,1,image_to_video,image_to_video,video_generation,"video,min=1,max=1,async",,official_documented,ready,True,provider_local,,not_implemented,ai-money,aspect_ratio|duration|generate_audio|resolution|return_last_frame|seed,stored_snapshot:ai-money-catalog.json,
discovery,discovery_catalog,data/model_capabilities/snapshots/ai-money-catalog.json,321adc45880a,ai-money,,,wan-3.0-prime-i2v,,,ai-money-wan-3-0,,1,image_to_video,image_to_video,video_generation,"video,min=1,max=1,async",,official_documented,ready,True,provider_local,,not_implemented,ai-money,aspect_ratio|duration|generate_audio|resolution|seed,stored_snapshot:ai-money-catalog.json,
discovery,discovery_catalog,data/model_capabilities/snapshots/ai-money-catalog.json,321adc45880a,ai-money,,,wan-3.0-prime-r2v,,,ai-money-wan-3-0,,1,reference_to_video,reference_to_video,video_generation,"video,min=1,max=1,async",,official_documented,ready,True,provider_local,,not_implemented,ai-money,aspect_ratio|duration|generate_audio|resolution|seed,stored_snapshot:ai-money-catalog.json,
discovery,discovery_catalog,data/model_capabilities/snapshots/ai-money-catalog.json,321adc45880a,ai-money,,,wan-3.0-r2v,,,ai-money-wan-3-0,,1,reference_to_video,reference_to_video,video_generation,"video,min=1,max=1,async",,official_documented,ready,True,provider_local,,not_implemented,ai-money,aspect_ratio|duration|generate_audio|resolution|return_last_frame|seed,stored_snapshot:ai-money-catalog.json,
discovery,discovery_catalog,data/model_capabilities/snapshots/ai-money-catalog.json,321adc45880a,ai-money,,,doubao-seed-audio-1.0,,,ai-money-doubao-seed-audio,,1,speech,text_to_audio,audio_generation,"audio,min=1,async",,official_documented,ready,True,provider_local,,not_implemented,ai-money,format|loudness_rate|pitch_rate|sample_rate|speaker|speech_rate,stored_snapshot:ai-money-catalog.json,
discovery,discovery_catalog,data/model_capabilities/snapshots/ai-money-catalog.json,321adc45880a,ai-money,,,flowmusic-cover,,,ai-money-flowmusic-lyria-3-5,,1,cover,flowmusic_cover,music_generation,"audio,min=1,max=1,async",,official_documented,ready,True,provider_local,,not_implemented,ai-money,clip_id|instruction|seed|strength|title,stored_snapshot:ai-money-catalog.json,
discovery,discovery_catalog,data/model_capabilities/snapshots/ai-money-catalog.json,321adc45880a,ai-money,,,flowmusic-download-audio,,,ai-money-flowmusic-lyria-3-5,,1,download-audio,flowmusic_download_audio,music_generation,"audio,min=1,max=1,async",,official_documented,ready,True,provider_local,,not_implemented,ai-money,clip_id|format,stored_snapshot:ai-money-catalog.json,
discovery,discovery_catalog,data/model_capabilities/snapshots/ai-money-catalog.json,321adc45880a,ai-money,,,flowmusic-extend,,,ai-money-flowmusic-lyria-3-5,,1,extend,flowmusic_extend,music_generation,"audio,min=1,max=1,async",,official_documented,ready,True,provider_local,,not_implemented,ai-money,clip_id|extend_from_s|extend_s|instruction|seed|title|version,stored_snapshot:ai-money-catalog.json,
discovery,discovery_catalog,data/model_capabilities/snapshots/ai-money-catalog.json,321adc45880a,ai-money,,,flowmusic-generation,,,ai-money-flowmusic-lyria-3-5,,1,generation,flowmusic_generation,music_generation,"audio,min=1,max=1,async",,official_documented,ready,True,provider_local,,not_implemented,ai-money,bpm|length|lyrics|seed|title|version,stored_snapshot:ai-money-catalog.json,
discovery,discovery_catalog,data/model_capabilities/snapshots/ai-money-catalog.json,321adc45880a,ai-money,,,flowmusic-lyrics,,,ai-money-flowmusic-lyria-3-5,,1,lyrics,flowmusic_lyrics,music_generation,"text,min=1,max=1,async",,official_documented,ready,True,provider_local,,not_implemented,ai-money,,stored_snapshot:ai-money-catalog.json,NO_PARAMETER_FIELDS
discovery,discovery_catalog,data/model_capabilities/snapshots/ai-money-catalog.json,321adc45880a,ai-money,,,flowmusic-replace,,,ai-money-flowmusic-lyria-3-5,,1,replace,flowmusic_replace,music_generation,"audio,min=1,max=1,async",,official_documented,ready,True,provider_local,,not_implemented,ai-money,clip_id|end_s|instruction|seed|start_s|title|version,stored_snapshot:ai-money-catalog.json,
discovery,discovery_catalog,data/model_capabilities/snapshots/ai-money-catalog.json,321adc45880a,ai-money,,,flowmusic-stems,,,ai-money-flowmusic-lyria-3-5,,1,stems,flowmusic_stems,music_generation,"file,min=1,max=1,async",,official_documented,ready,True,provider_local,,not_implemented,ai-money,clip_id,stored_snapshot:ai-money-catalog.json,
discovery,discovery_catalog,data/model_capabilities/snapshots/ai-money-catalog.json,321adc45880a,ai-money,,,flowmusic-upload-audio,,,ai-money-flowmusic-lyria-3-5,,1,upload-audio,flowmusic_upload_audio,music_generation,"audio,min=1,max=1,async",,official_documented,ready,True,provider_local,,not_implemented,ai-money,,stored_snapshot:ai-money-catalog.json,NO_PARAMETER_FIELDS
discovery,discovery_catalog,data/model_capabilities/snapshots/ai-money-catalog.json,321adc45880a,ai-money,,,flowmusic-video-clip,,,ai-money-flowmusic-lyria-3-5,,1,video-clip,flowmusic_video_clip,music_generation,"video,min=1,max=1,async",,official_documented,ready,True,provider_local,,not_implemented,ai-money,clip_id|preset,stored_snapshot:ai-money-catalog.json,
discovery,discovery_catalog,data/model_capabilities/snapshots/ai-money-catalog.json,321adc45880a,ai-money,,,kling-lip-sync-tts,,,ai-money-kling-lip-sync,,1,lip-sync-tts,lip_sync_workflow,audio_generation,"video,min=1,max=1,async",,official_documented,adapter_missing,False,provider_local,,not_implemented,ai-money,,stored_snapshot:ai-money-catalog.json,ADAPTER_MISSING|NO_PARAMETER_FIELDS
discovery,discovery_catalog,data/model_capabilities/snapshots/ai-money-catalog.json,321adc45880a,ai-money,,,minimax-music-2.6,,,ai-money-minimax,,1,music-2.6,music,music_generation,"audio,min=1,max=1,async",,runtime_verified,ready,True,provider_local,,not_implemented,ai-money,bitrate|format|is_instrumental|lyrics|lyrics_optimizer|sample_rate,stored_snapshot:ai-money-catalog.json,
discovery,discovery_catalog,data/model_capabilities/snapshots/ai-money-catalog.json,321adc45880a,ai-money,,,minimax-speech-2.8-hd,,,ai-money-minimax,,1,speech-2.8-hd,text_to_speech,audio_generation,"audio,min=1,max=1,async",,runtime_verified,ready,True,provider_local,,not_implemented,ai-money,bitrate|channel|format|language_boost|pitch|sample_rate|speed|voice_id|volume,stored_snapshot:ai-money-catalog.json,
discovery,discovery_catalog,data/model_capabilities/snapshots/ai-money-catalog.json,321adc45880a,ai-money,,,minimax-speech-2.8-turbo,,,ai-money-minimax,,1,speech-2.8-turbo,text_to_speech,audio_generation,"audio,min=1,max=1,async",,runtime_verified,ready,True,provider_local,,not_implemented,ai-money,bitrate|channel|format|language_boost|pitch|sample_rate|speed|voice_id|volume,stored_snapshot:ai-money-catalog.json,
discovery,discovery_catalog,data/model_capabilities/snapshots/ai-money-catalog.json,321adc45880a,ai-money,,,minimax-voice-clone,,,ai-money-minimax,,1,voice-clone,voice_clone,audio_generation,"text,min=1,max=1,async",,runtime_verified,ready,True,provider_local,,not_implemented,ai-money,clone_target_model|custom_voice_id|need_noise_reduction|need_volume_normalization,stored_snapshot:ai-money-catalog.json,
discovery,discovery_catalog,data/model_capabilities/snapshots/ai-money-catalog.json,321adc45880a,ai-money,,,mureka-o2-song,,,ai-money-mureka-song,,1,o2-song,music_song,music_generation,"audio,min=1,max=3,async",,official_documented,ready,True,provider_local,,not_implemented,ai-money,count|reference_id|style_prompt,stored_snapshot:ai-money-catalog.json,
discovery,discovery_catalog,data/model_capabilities/snapshots/ai-money-catalog.json,321adc45880a,ai-money,,,mureka-v8-bgm,,,ai-money-mureka-bgm,,1,v8-bgm,music,music_generation,"audio,min=1,max=3,async",,official_documented,ready,True,provider_local,,not_implemented,ai-money,count,stored_snapshot:ai-money-catalog.json,
discovery,discovery_catalog,data/model_capabilities/snapshots/ai-money-catalog.json,321adc45880a,ai-money,,,mureka-v9-bgm,,,ai-money-mureka-bgm,,1,v9-bgm,music,music_generation,"audio,min=1,max=3,async",,official_documented,ready,True,provider_local,,not_implemented,ai-money,count,stored_snapshot:ai-money-catalog.json,
discovery,discovery_catalog,data/model_capabilities/snapshots/ai-money-catalog.json,321adc45880a,ai-money,,,mureka-v9-song,,,ai-money-mureka-song,,1,v9-song,music_song,music_generation,"audio,min=1,max=3,async",,official_documented,ready,True,provider_local,,not_implemented,ai-money,count|melody_id|reference_id|stream|style_prompt|vocal_id,stored_snapshot:ai-money-catalog.json,
discovery,discovery_catalog,data/model_capabilities/snapshots/ai-money-catalog.json,321adc45880a,ai-money,,,qwen3-tts-flash,,,ai-money-qwen3-tts,,1,flash,text_to_speech,audio_generation,"audio,min=1,max=1,async",,runtime_verified,ready,True,provider_local,,not_implemented,ai-money,language_type|voice,stored_snapshot:ai-money-catalog.json,
discovery,discovery_catalog,data/model_capabilities/snapshots/ai-money-catalog.json,321adc45880a,ai-money,,,qwen3-tts-instruct-flash,,,ai-money-qwen3-tts,,1,instruct-flash,text_to_speech,audio_generation,"audio,min=1,max=1,async",,runtime_verified,ready,True,provider_local,,not_implemented,ai-money,instructions|language_type|optimize_instructions|voice,stored_snapshot:ai-money-catalog.json,
discovery,discovery_catalog,data/model_capabilities/snapshots/ai-money-catalog.json,321adc45880a,ai-money,,,suno-add-instrumental,,,ai-money-suno,,1,add-instrumental,music_add_instrumental,music_generation,"audio,min=1,async",,official_schema,ready,True,provider_local,,not_implemented,ai-money,upstream_result_index|upstream_task_id|version,stored_snapshot:ai-money-catalog.json,
discovery,discovery_catalog,data/model_capabilities/snapshots/ai-money-catalog.json,321adc45880a,ai-money,,,suno-add-stem,,,ai-money-suno,,1,add-stem,music_add_stem,music_generation,"audio,min=1,async",,official_schema,ready,True,provider_local,,not_implemented,ai-money,upstream_result_index|upstream_task_id|version,stored_snapshot:ai-money-catalog.json,
discovery,discovery_catalog,data/model_capabilities/snapshots/ai-money-catalog.json,321adc45880a,ai-money,,,suno-add-vocals,,,ai-money-suno,,1,add-vocals,music_add_vocals,music_generation,"audio,min=1,async",,official_schema,ready,True,provider_local,,not_implemented,ai-money,upstream_result_index|upstream_task_id|version,stored_snapshot:ai-money-catalog.json,
discovery,discovery_catalog,data/model_capabilities/snapshots/ai-money-catalog.json,321adc45880a,ai-money,,,suno-adjust-speed,,,ai-money-suno,,1,adjust-speed,music_adjust_speed,music_generation,"audio,min=1,async",,official_schema,ready,True,provider_local,,not_implemented,ai-money,upstream_result_index|upstream_task_id|version,stored_snapshot:ai-money-catalog.json,
discovery,discovery_catalog,data/model_capabilities/snapshots/ai-money-catalog.json,321adc45880a,ai-money,,,suno-aligned-lyrics,,,ai-money-suno,,1,aligned-lyrics,music_aligned_lyrics,music_generation,"audio,min=1,async",,official_schema,ready,True,provider_local,,not_implemented,ai-money,upstream_result_index|upstream_task_id|version,stored_snapshot:ai-money-catalog.json,
discovery,discovery_catalog,data/model_capabilities/snapshots/ai-money-catalog.json,321adc45880a,ai-money,,,suno-bpm,,,ai-money-suno,,1,bpm,music_bpm,music_generation,"audio,min=1,async",,official_schema,ready,True,provider_local,,not_implemented,ai-money,upstream_result_index|upstream_task_id|version,stored_snapshot:ai-money-catalog.json,
discovery,discovery_catalog,data/model_capabilities/snapshots/ai-money-catalog.json,321adc45880a,ai-money,,,suno-concat,,,ai-money-suno,,1,concat,music_concat,music_generation,"audio,min=1,async",,official_schema,ready,True,provider_local,,not_implemented,ai-money,upstream_result_index|upstream_task_id|version,stored_snapshot:ai-money-catalog.json,
discovery,discovery_catalog,data/model_capabilities/snapshots/ai-money-catalog.json,321adc45880a,ai-money,,,suno-cover-song,,,ai-money-suno,,1,cover-song,music_cover_song,music_generation,"audio,min=1,async",,official_schema,ready,True,provider_local,,not_implemented,ai-money,upstream_result_index|upstream_task_id|version,stored_snapshot:ai-money-catalog.json,
discovery,discovery_catalog,data/model_capabilities/snapshots/ai-money-catalog.json,321adc45880a,ai-money,,,suno-create-model,,,ai-money-suno-create-model,,2,default,music,music_generation,"text,min=1,max=1,async",,official_documented,ready,True,provider_local,,not_implemented,ai-money,name,stored_snapshot:ai-money-catalog.json,
discovery,discovery_catalog,data/model_capabilities/snapshots/ai-money-catalog.json,321adc45880a,ai-money,,,suno-create-voice,,,ai-money-suno,,1,create-voice,music_create_voice,music_generation,"audio,min=1,async",,official_schema,ready,True,provider_local,,not_implemented,ai-money,version,stored_snapshot:ai-money-catalog.json,
discovery,discovery_catalog,data/model_capabilities/snapshots/ai-money-catalog.json,321adc45880a,ai-money,,,suno-crop,,,ai-money-suno,,1,crop,music_crop,music_generation,"audio,min=1,async",,official_schema,ready,True,provider_local,,not_implemented,ai-money,upstream_result_index|upstream_task_id|version,stored_snapshot:ai-money-catalog.json,
discovery,discovery_catalog,data/model_capabilities/snapshots/ai-money-catalog.json,321adc45880a,ai-money,,,suno-extend,,,ai-money-suno,,1,extend,music_extend,music_generation,"audio,min=1,async",,official_schema,ready,True,provider_local,,not_implemented,ai-money,upstream_result_index|upstream_task_id|version,stored_snapshot:ai-money-catalog.json,
discovery,discovery_catalog,data/model_capabilities/snapshots/ai-money-catalog.json,321adc45880a,ai-money,,,suno-fade-in,,,ai-money-suno,,1,fade-in,music_fade_in,music_generation,"audio,min=1,async",,official_schema,ready,True,provider_local,,not_implemented,ai-money,upstream_result_index|upstream_task_id|version,stored_snapshot:ai-money-catalog.json,
discovery,discovery_catalog,data/model_capabilities/snapshots/ai-money-catalog.json,321adc45880a,ai-money,,,suno-fade-out,,,ai-money-suno,,1,fade-out,music_fade_out,music_generation,"audio,min=1,async",,official_schema,ready,True,provider_local,,not_implemented,ai-money,upstream_result_index|upstream_task_id|version,stored_snapshot:ai-money-catalog.json,
discovery,discovery_catalog,data/model_capabilities/snapshots/ai-money-catalog.json,321adc45880a,ai-money,,,suno-generate-mp4,,,ai-money-suno,,1,generate-mp4,music_generate_mp4,music_generation,"audio,min=1,async",,official_schema,ready,True,provider_local,,not_implemented,ai-money,upstream_result_index|upstream_task_id|version,stored_snapshot:ai-money-catalog.json,
discovery,discovery_catalog,data/model_capabilities/snapshots/ai-money-catalog.json,321adc45880a,ai-money,,,suno-generation,,,ai-money-suno-generation,,2,default,music,music_generation,"audio,min=1,max=10,async",,official_documented,ready,True,provider_local,,not_implemented,ai-money,audio_format|custom|duration|instrumental|max_mode|tags|title|variety|version,stored_snapshot:ai-money-catalog.json,
discovery,discovery_catalog,data/model_capabilities/snapshots/ai-money-catalog.json,321adc45880a,ai-money,,,suno-inspo,,,ai-money-suno,,1,inspo,music_inspo,music_generation,"audio,min=1,async",,official_schema,ready,True,provider_local,,not_implemented,ai-money,version,stored_snapshot:ai-money-catalog.json,
discovery,discovery_catalog,data/model_capabilities/snapshots/ai-money-catalog.json,321adc45880a,ai-money,,,suno-lyrics,,,ai-money-suno,,1,lyrics,music_lyrics,music_generation,"audio,min=1,async",,official_schema,ready,True,provider_local,,not_implemented,ai-money,version,stored_snapshot:ai-money-catalog.json,
discovery,discovery_catalog,data/model_capabilities/snapshots/ai-money-catalog.json,321adc45880a,ai-money,,,suno-mashup,,,ai-money-suno,,1,mashup,music_mashup,music_generation,"audio,min=1,async",,official_schema,ready,True,provider_local,,not_implemented,ai-money,upstream_result_index|upstream_task_id|version,stored_snapshot:ai-money-catalog.json,
discovery,discovery_catalog,data/model_capabilities/snapshots/ai-money-catalog.json,321adc45880a,ai-money,,,suno-midi,,,ai-money-suno,,1,midi,music_midi,music_generation,"audio,min=1,async",,official_schema,ready,True,provider_local,,not_implemented,ai-money,upstream_result_index|upstream_task_id|version,stored_snapshot:ai-money-catalog.json,
discovery,discovery_catalog,data/model_capabilities/snapshots/ai-money-catalog.json,321adc45880a,ai-money,,,suno-persona,,,ai-money-suno,,1,persona,music_persona,music_generation,"audio,min=1,async",,official_schema,ready,True,provider_local,,not_implemented,ai-money,upstream_result_index|upstream_task_id|version,stored_snapshot:ai-money-catalog.json,
discovery,discovery_catalog,data/model_capabilities/snapshots/ai-money-catalog.json,321adc45880a,ai-money,,,suno-remaster,,,ai-money-suno,,1,remaster,music_remaster,music_generation,"audio,min=1,async",,official_schema,ready,True,provider_local,,not_implemented,ai-money,upstream_result_index|upstream_task_id|version,stored_snapshot:ai-money-catalog.json,
discovery,discovery_catalog,data/model_capabilities/snapshots/ai-money-catalog.json,321adc45880a,ai-money,,,suno-remove-section,,,ai-money-suno,,1,remove-section,music_remove_section,music_generation,"audio,min=1,async",,official_schema,ready,True,provider_local,,not_implemented,ai-money,upstream_result_index|upstream_task_id|version,stored_snapshot:ai-money-catalog.json,
discovery,discovery_catalog,data/model_capabilities/snapshots/ai-money-catalog.json,321adc45880a,ai-money,,,suno-replace-music,,,ai-money-suno,,1,replace-music,music_replace_music,music_generation,"audio,min=1,async",,official_schema,ready,True,provider_local,,not_implemented,ai-money,upstream_result_index|upstream_task_id|version,stored_snapshot:ai-money-catalog.json,
discovery,discovery_catalog,data/model_capabilities/snapshots/ai-money-catalog.json,321adc45880a,ai-money,,,suno-sample,,,ai-money-suno,,1,sample,music_sample,music_generation,"audio,min=1,async",,official_schema,ready,True,provider_local,,not_implemented,ai-money,upstream_result_index|upstream_task_id|version,stored_snapshot:ai-money-catalog.json,
discovery,discovery_catalog,data/model_capabilities/snapshots/ai-money-catalog.json,321adc45880a,ai-money,,,suno-sounds,,,ai-money-suno,,1,sounds,music_sounds,music_generation,"audio,min=1,async",,official_schema,ready,True,provider_local,,not_implemented,ai-money,version,stored_snapshot:ai-money-catalog.json,
discovery,discovery_catalog,data/model_capabilities/snapshots/ai-money-catalog.json,321adc45880a,ai-money,,,suno-stems,,,ai-money-suno,,1,stems,music_stems,music_generation,"audio,min=1,async",,official_schema,ready,True,provider_local,,not_implemented,ai-money,upstream_result_index|upstream_task_id|version,stored_snapshot:ai-money-catalog.json,
discovery,discovery_catalog,data/model_capabilities/snapshots/ai-money-catalog.json,321adc45880a,ai-money,,,suno-stems-all,,,ai-money-suno,,1,stems-all,music_stems_all,music_generation,"audio,min=1,async",,official_schema,ready,True,provider_local,,not_implemented,ai-money,upstream_result_index|upstream_task_id|version,stored_snapshot:ai-money-catalog.json,
discovery,discovery_catalog,data/model_capabilities/snapshots/ai-money-catalog.json,321adc45880a,ai-money,,,suno-upload,,,ai-money-suno,,1,upload,music_upload,music_generation,"audio,min=1,async",,official_schema,ready,True,provider_local,,not_implemented,ai-money,version,stored_snapshot:ai-money-catalog.json,
discovery,discovery_catalog,data/model_capabilities/snapshots/ai-money-catalog.json,321adc45880a,ai-money,,,suno-upload-cover,,,ai-money-suno-upload-cover,,2,default,music,music_generation,"audio,min=1,max=10,async",,official_documented,ready,True,provider_local,,not_implemented,ai-money,audio_format|custom|duration|instrumental|max_mode|tags|title|variety|version,stored_snapshot:ai-money-catalog.json,
discovery,discovery_catalog,data/model_capabilities/snapshots/ai-money-catalog.json,321adc45880a,ai-money,,,suno-upload-extend,,,ai-money-suno-upload-extend,,2,default,music,music_generation,"audio,min=1,max=10,async",,official_documented,ready,True,provider_local,,not_implemented,ai-money,audio_format|continue_at|duration|instrumental|max_mode|tags|title|variety|version,stored_snapshot:ai-money-catalog.json,
discovery,discovery_catalog,data/model_capabilities/snapshots/ai-money-catalog.json,321adc45880a,ai-money,,,suno-upsample-tags,,,ai-money-suno,,1,upsample-tags,music_upsample_tags,music_generation,"audio,min=1,async",,official_schema,ready,True,provider_local,,not_implemented,ai-money,version,stored_snapshot:ai-money-catalog.json,
discovery,discovery_catalog,data/model_capabilities/snapshots/ai-money-catalog.json,321adc45880a,ai-money,,,suno-vox,,,ai-money-suno,,1,vox,music_vox,music_generation,"audio,min=1,async",,official_schema,ready,True,provider_local,,not_implemented,ai-money,upstream_result_index|upstream_task_id|version,stored_snapshot:ai-money-catalog.json,
discovery,discovery_catalog,data/model_capabilities/snapshots/ai-money-catalog.json,321adc45880a,ai-money,,,suno-wav,,,ai-money-suno,,1,wav,music_wav,music_generation,"audio,min=1,async",,official_schema,ready,True,provider_local,,not_implemented,ai-money,upstream_result_index|upstream_task_id|version,stored_snapshot:ai-money-catalog.json,
discovery,static_profile,data/model_capabilities/providers/runninghub.json,fbfd7350c935,runninghub,,,gpt-image-2.0/text-to-image-channel-low-price,,,gpt-image-2.0-low-price,,1,text_to_image,text_to_image,image_generation,"image,min=1,async",,official_schema,ready,True,provider_local,,not_implemented,runninghub,aspect_ratio|resolution,stored_snapshot:runninghub-{region}.json + runninghub-official-public.json,
discovery,static_profile,data/model_capabilities/providers/runninghub.json,fbfd7350c935,runninghub,,,gpt-image-2.0/edit-channel-low-price,,,gpt-image-2.0-low-price,,1,image_to_image,image_to_image,image_generation,"image,min=1,async",,official_schema,ready,True,provider_local,,not_implemented,runninghub,aspect_ratio|resolution,stored_snapshot:runninghub-{region}.json + runninghub-official-public.json,
discovery,region_snapshot:global,data/model_capabilities/snapshots/runninghub-global.json,5d477b1e0d73,runninghub,,global,doubao-seed-audio-1.0,,,runninghub-doubao-seed-audio-1.0,,1,doubao-seed-audio-1.0,text_to_audio,audio_generation,"audio,min=1,async",,official_schema,ready,True,provider_local,,not_implemented,runninghub,format|loudness_rate|pitch_rate|sample_rate|speaker|speech_rate|text_prompt,stored_snapshot:runninghub-{region}.json + runninghub-official-public.json,
discovery,region_snapshot:global,data/model_capabilities/snapshots/runninghub-global.json,5d477b1e0d73,runninghub,,global,minimax/music-2.6,,,runninghub-minimax,,1,minimax-music-2.6,music,music_generation,"audio,min=1,async",,official_schema,ready,True,provider_local,,not_implemented,runninghub,bitrate|format|isInstrumental|lyrics|lyricsOptimizer|sampleRate,stored_snapshot:runninghub-{region}.json + runninghub-official-public.json,
discovery,region_snapshot:global,data/model_capabilities/snapshots/runninghub-global.json,5d477b1e0d73,runninghub,,global,minimax/music-cover,,,runninghub-minimax,,1,minimax-music-cover,music_to_music,music_generation,"audio,min=1,async",,official_schema,ready,True,provider_local,,not_implemented,runninghub,bitrate|coverFeatureId|format|lyrics|sampleRate,stored_snapshot:runninghub-{region}.json + runninghub-official-public.json,
discovery,region_snapshot:global,data/model_capabilities/snapshots/runninghub-global.json,5d477b1e0d73,runninghub,,global,minimax/music-cover-preprocess,,,runninghub-minimax,,1,minimax-music-cover-preprocess,music_to_music,music_generation,"audio,min=1,async",,official_schema,ready,True,provider_local,,not_implemented,runninghub,,stored_snapshot:runninghub-{region}.json + runninghub-official-public.json,NO_PARAMETER_FIELDS
discovery,region_snapshot:global,data/model_capabilities/snapshots/runninghub-global.json,5d477b1e0d73,runninghub,,global,minimax/voice-design,,,runninghub-minimax,,1,minimax-voice-design,voice_design,audio_generation,"audio,min=1,async",,official_schema,ready,True,provider_local,,not_implemented,runninghub,aigcWatermark|previewText|voiceId,stored_snapshot:runninghub-{region}.json + runninghub-official-public.json,
discovery,region_snapshot:global,data/model_capabilities/snapshots/runninghub-global.json,5d477b1e0d73,runninghub,,global,suno-custom-v4.5,,,runninghub-suno,,1,suno-custom-v4.5,music,music_generation,"audio,min=1,async",,official_schema,ready,True,provider_local,,not_implemented,runninghub,tags|title,stored_snapshot:runninghub-{region}.json + runninghub-official-public.json,
discovery,region_snapshot:global,data/model_capabilities/snapshots/runninghub-global.json,5d477b1e0d73,runninghub,,global,suno-single-v4.5,,,runninghub-suno,,1,suno-single-v4.5,music,music_generation,"audio,min=1,async",,official_schema,ready,True,provider_local,,not_implemented,runninghub,description|make_instrumental|title,stored_snapshot:runninghub-{region}.json + runninghub-official-public.json,
discovery,region_snapshot:global,data/model_capabilities/snapshots/runninghub-global.json,5d477b1e0d73,runninghub,,global,suno-custom-v5.5,,,runninghub-suno,,1,suno-custom-v5.5,music,music_generation,"audio,min=1,async",,official_schema,ready,True,provider_local,,not_implemented,runninghub,tags|title,stored_snapshot:runninghub-{region}.json + runninghub-official-public.json,
discovery,region_snapshot:global,data/model_capabilities/snapshots/runninghub-global.json,5d477b1e0d73,runninghub,,global,suno-single-v5.5,,,runninghub-suno,,1,suno-single-v5.5,music,music_generation,"audio,min=1,async",,official_schema,ready,True,provider_local,,not_implemented,runninghub,description|make_instrumental|title,stored_snapshot:runninghub-{region}.json + runninghub-official-public.json,
discovery,region_snapshot:global,data/model_capabilities/snapshots/runninghub-global.json,5d477b1e0d73,runninghub,,global,suno-custom-v5,,,runninghub-suno,,1,suno-custom-v5,music,music_generation,"audio,min=1,async",,official_schema,ready,True,provider_local,,not_implemented,runninghub,tags|title,stored_snapshot:runninghub-{region}.json + runninghub-official-public.json,
discovery,region_snapshot:global,data/model_capabilities/snapshots/runninghub-global.json,5d477b1e0d73,runninghub,,global,suno-single-v5,,,runninghub-suno,,1,suno-single-v5,music,music_generation,"audio,min=1,async",,official_schema,ready,True,provider_local,,not_implemented,runninghub,description|make_instrumental|title,stored_snapshot:runninghub-{region}.json + runninghub-official-public.json,
discovery,region_snapshot:global,data/model_capabilities/snapshots/runninghub-global.json,5d477b1e0d73,runninghub,,global,suno-lyrics,,,runninghub-suno,,1,suno-lyrics,music,music_generation,"audio,min=1,async",,official_schema,ready,True,provider_local,,not_implemented,runninghub,,stored_snapshot:runninghub-{region}.json + runninghub-official-public.json,NO_PARAMETER_FIELDS
discovery,region_snapshot:global,data/model_capabilities/snapshots/runninghub-global.json,5d477b1e0d73,runninghub,,global,minimax/music-2.5,,,runninghub-minimax,,1,minimax-music-2.5,music,music_generation,"audio,min=1,async",,official_schema,ready,True,provider_local,,not_implemented,runninghub,bitrate|lyrics|sampleRate,stored_snapshot:runninghub-{region}.json + runninghub-official-public.json,
discovery,region_snapshot:global,data/model_capabilities/snapshots/runninghub-global.json,5d477b1e0d73,runninghub,,global,minimax/speech-02-hd,,,runninghub-minimax,,1,minimax-speech-02-hd,text_to_audio,audio_generation,"audio,min=1,async",,official_schema,ready,True,provider_local,,not_implemented,runninghub,emotion|enable_base64_output|english_normalization|pitch|pronunciation_dict|speed|voice_id|volume,stored_snapshot:runninghub-{region}.json + runninghub-official-public.json,
discovery,region_snapshot:global,data/model_capabilities/snapshots/runninghub-global.json,5d477b1e0d73,runninghub,,global,minimax/speech-02-turbo,,,runninghub-minimax,,1,minimax-speech-02-turbo,text_to_audio,audio_generation,"audio,min=1,async",,official_schema,ready,True,provider_local,,not_implemented,runninghub,emotion|enable_base64_output|english_normalization|pitch|pronunciation_dict|speed|voice_id|volume,stored_snapshot:runninghub-{region}.json + runninghub-official-public.json,
discovery,region_snapshot:global,data/model_capabilities/snapshots/runninghub-global.json,5d477b1e0d73,runninghub,,global,minimax/speech-2.6-hd,,,runninghub-minimax,,1,minimax-speech-2.6-hd,text_to_audio,audio_generation,"audio,min=1,async",,official_schema,ready,True,provider_local,,not_implemented,runninghub,emotion|enable_base64_output|english_normalization|pitch|pronunciation_dict|speed|voice_id|volume,stored_snapshot:runninghub-{region}.json + runninghub-official-public.json,
discovery,region_snapshot:global,data/model_capabilities/snapshots/runninghub-global.json,5d477b1e0d73,runninghub,,global,minimax/speech-2.6-turbo,,,runninghub-minimax,,1,minimax-speech-2.6-turbo,text_to_audio,audio_generation,"audio,min=1,async",,official_schema,ready,True,provider_local,,not_implemented,runninghub,emotion|enable_base64_output|english_normalization|pitch|pronunciation_dict|speed|voice_id|volume,stored_snapshot:runninghub-{region}.json + runninghub-official-public.json,
discovery,region_snapshot:global,data/model_capabilities/snapshots/runninghub-global.json,5d477b1e0d73,runninghub,,global,minimax/speech-2.8-hd,,,runninghub-minimax,,1,minimax-speech-2.8-hd,text_to_audio,audio_generation,"audio,min=1,async",,official_schema,ready,True,provider_local,,not_implemented,runninghub,emotion|enable_base64_output|english_normalization|pitch|pronunciation_dict|speed|voice_id|volume,stored_snapshot:runninghub-{region}.json + runninghub-official-public.json,
discovery,region_snapshot:global,data/model_capabilities/snapshots/runninghub-global.json,5d477b1e0d73,runninghub,,global,minimax/speech-2.8-turbo,,,runninghub-minimax,,1,minimax-speech-2.8-turbo,text_to_audio,audio_generation,"audio,min=1,async",,official_schema,ready,True,provider_local,,not_implemented,runninghub,emotion|enable_base64_output|english_normalization|pitch|pronunciation_dict|speed|voice_id|volume,stored_snapshot:runninghub-{region}.json + runninghub-official-public.json,
discovery,region_snapshot:global,data/model_capabilities/snapshots/runninghub-global.json,5d477b1e0d73,runninghub,,global,minimax/voice-clone,,,runninghub-minimax,,1,minimax-voice-clone,voice_clone,audio_generation,"audio,min=1,async",,official_schema,ready,True,provider_local,,not_implemented,runninghub,accuracy|custom_voice_id|language_boost|model|need_noise_reduction|need_volume_normalization,stored_snapshot:runninghub-{region}.json + runninghub-official-public.json,
discovery,region_snapshot:global,data/model_capabilities/snapshots/runninghub-global.json,5d477b1e0d73,runninghub,,global,qwen-image-2.0-pro/image-edit,,,runninghub-qwen-image-2.0-pro,,1,qwen-image-2.0-pro-image-edit,image_to_image,image_generation,"image,min=1,async",,official_schema,ready,True,provider_local,,not_implemented,runninghub,imageNum|negativePrompt|size,stored_snapshot:runninghub-{region}.json + runninghub-official-public.json,
discovery,region_snapshot:global,data/model_capabilities/snapshots/runninghub-global.json,5d477b1e0d73,runninghub,,global,qwen-image-3.0-pro/text-to-image,,,runninghub-qwen-image-3.0-pro,,1,qwen-image-3.0-pro-text-to-image,text_to_image,image_generation,"image,min=1,async",,official_schema,ready,True,provider_local,,not_implemented,runninghub,imageNum|negativePrompt|promptExtend|promptExtendMode|seed|size,stored_snapshot:runninghub-{region}.json + runninghub-official-public.json,
discovery,region_snapshot:global,data/model_capabilities/snapshots/runninghub-global.json,5d477b1e0d73,runninghub,,global,qwen-image-3.0-pro/image-edit,,,runninghub-qwen-image-3.0-pro,,1,qwen-image-3.0-pro-image-edit,image_to_image,image_generation,"image,min=1,async",,official_schema,ready,True,provider_local,,not_implemented,runninghub,imageNum|negativePrompt|promptExtend|promptExtendMode|seed|size,stored_snapshot:runninghub-{region}.json + runninghub-official-public.json,
discovery,region_snapshot:global,data/model_capabilities/snapshots/runninghub-global.json,5d477b1e0d73,runninghub,,global,qwen-image-2.0-pro/text-to-image,,,runninghub-qwen-image-2.0-pro,,1,qwen-image-2.0-pro-text-to-image,text_to_image,image_generation,"image,min=1,async",,official_schema,ready,True,provider_local,,not_implemented,runninghub,imageNum|negativePrompt|promptExtend|size,stored_snapshot:runninghub-{region}.json + runninghub-official-public.json,
discovery,region_snapshot:global,data/model_capabilities/snapshots/runninghub-global.json,5d477b1e0d73,runninghub,,global,qwen-image-2.0/image-edit,,,runninghub-qwen-image-2.0,,1,qwen-image-2.0-image-edit,image_to_image,image_generation,"image,min=1,async",,official_schema,ready,True,provider_local,,not_implemented,runninghub,imageNum|negativePrompt|size,stored_snapshot:runninghub-{region}.json + runninghub-official-public.json,
discovery,region_snapshot:global,data/model_capabilities/snapshots/runninghub-global.json,5d477b1e0d73,runninghub,,global,qwen-image-2.0/text-to-image,,,runninghub-qwen-image-2.0,,1,qwen-image-2.0-text-to-image,text_to_image,image_generation,"image,min=1,async",,official_schema,ready,True,provider_local,,not_implemented,runninghub,imageNum|negativePrompt|promptExtend|size,stored_snapshot:runninghub-{region}.json + runninghub-official-public.json,
discovery,region_snapshot:global,data/model_capabilities/snapshots/runninghub-global.json,5d477b1e0d73,runninghub,,global,wan-2.5-preview/image-to-image,,,runninghub-wan-2.5,,1,wan-2.5-preview-image-to-image,image_to_image,image_generation,"image,min=1,async",,official_schema,ready,True,provider_local,,not_implemented,runninghub,count|negativePrompt|promptExtend|seed|size,stored_snapshot:runninghub-{region}.json + runninghub-official-public.json,
discovery,region_snapshot:global,data/model_capabilities/snapshots/runninghub-global.json,5d477b1e0d73,runninghub,,global,wan-2.5-preview/text-to-image,,,runninghub-wan-2.5,,1,wan-2.5-preview-text-to-image,text_to_image,image_generation,"image,min=1,async",,official_schema,ready,True,provider_local,,not_implemented,runninghub,count|negativePrompt|promptExtend|seed|size,stored_snapshot:runninghub-{region}.json + runninghub-official-public.json,
discovery,region_snapshot:global,data/model_capabilities/snapshots/runninghub-global.json,5d477b1e0d73,runninghub,,global,wan-2.7/image-edit,,,runninghub-wan-2.7,,1,wan-2.7-image-edit,image_to_image,image_generation,"image,min=1,async",,official_schema,ready,True,provider_local,,not_implemented,runninghub,height|width,stored_snapshot:runninghub-{region}.json + runninghub-official-public.json,
discovery,region_snapshot:global,data/model_capabilities/snapshots/runninghub-global.json,5d477b1e0d73,runninghub,,global,wan-2.7/image-edit-pro,,,runninghub-wan-2.7,,1,wan-2.7-image-edit-pro,image_to_image,image_generation,"image,min=1,async",,official_schema,ready,True,provider_local,,not_implemented,runninghub,height|width,stored_snapshot:runninghub-{region}.json + runninghub-official-public.json,
discovery,region_snapshot:global,data/model_capabilities/snapshots/runninghub-global.json,5d477b1e0d73,runninghub,,global,wan-2.7/text-to-image,,,runninghub-wan-2.7,,1,wan-2.7-text-to-image,text_to_image,image_generation,"image,min=1,async",,official_schema,ready,True,provider_local,,not_implemented,runninghub,height|thinkingMode|width,stored_snapshot:runninghub-{region}.json + runninghub-official-public.json,
discovery,region_snapshot:global,data/model_capabilities/snapshots/runninghub-global.json,5d477b1e0d73,runninghub,,global,wan-2.7/text-to-image-pro,,,runninghub-wan-2.7,,1,wan-2.7-text-to-image-pro,text_to_image,image_generation,"image,min=1,async",,official_schema,ready,True,provider_local,,not_implemented,runninghub,height|thinkingMode|width,stored_snapshot:runninghub-{region}.json + runninghub-official-public.json,
discovery,region_snapshot:global,data/model_capabilities/snapshots/runninghub-global.json,5d477b1e0d73,runninghub,,global,bytedance/jimeng-4.6/image-to-image,,,runninghub-bytedance-jimeng-4.6,,1,bytedance-jimeng-4.6-image-to-image,image_to_image,image_generation,"image,min=1,async",,official_schema,ready,True,provider_local,,not_implemented,runninghub,forceSingle|height|maxRatio|minRatio|scale|width,stored_snapshot:runninghub-{region}.json + runninghub-official-public.json,
discovery,region_snapshot:global,data/model_capabilities/snapshots/runninghub-global.json,5d477b1e0d73,runninghub,,global,bytedance/jimeng-4.6/text-to-image,,,runninghub-bytedance-jimeng-4.6,,1,bytedance-jimeng-4.6-text-to-image,text_to_image,image_generation,"image,min=1,async",,official_schema,ready,True,provider_local,,not_implemented,runninghub,forceSingle|height|maxRatio|minRatio|scale|width,stored_snapshot:runninghub-{region}.json + runninghub-official-public.json,
discovery,region_snapshot:global,data/model_capabilities/snapshots/runninghub-global.json,5d477b1e0d73,runninghub,,global,higgsfield/soul/image-to-image,,,runninghub-higgsfield-soul,,1,higgsfield-soul-image-to-image,image_to_image,image_generation,"image,min=1,async",,official_schema,ready,True,provider_local,,not_implemented,runninghub,quality|size|strength|style,stored_snapshot:runninghub-{region}.json + runninghub-official-public.json,
discovery,region_snapshot:global,data/model_capabilities/snapshots/runninghub-global.json,5d477b1e0d73,runninghub,,global,hypir-balance,,,runninghub-hypir-balance,,1,hypir-balance,image_to_image,image_generation,"image,min=1,async",,official_schema,ready,True,provider_local,,not_implemented,runninghub,longEdgeSize|seed|shortEdgeSize|upscale,stored_snapshot:runninghub-{region}.json + runninghub-official-public.json,
discovery,region_snapshot:global,data/model_capabilities/snapshots/runninghub-global.json,5d477b1e0d73,runninghub,,global,hypir-ultra,,,runninghub-hypir-ultra,,1,hypir-ultra,image_to_image,image_generation,"image,min=1,async",,official_schema,ready,True,provider_local,,not_implemented,runninghub,creativityLevel|longEdgeSize|seed|shortEdgeSize|textureLevel|upscale,stored_snapshot:runninghub-{region}.json + runninghub-official-public.json,
discovery,region_snapshot:global,data/model_capabilities/snapshots/runninghub-global.json,5d477b1e0d73,runninghub,,global,Luma uni-1-max Image Edit,,,runninghub-luma-uni-1-max,,1,luma-uni-1-max-image-edit,image_to_image,image_generation,"image,min=1,async",,official_schema,ready,True,provider_local,,not_implemented,runninghub,aspect_ratio|outputFormat|style,stored_snapshot:runninghub-{region}.json + runninghub-official-public.json,
discovery,region_snapshot:global,data/model_capabilities/snapshots/runninghub-global.json,5d477b1e0d73,runninghub,,global,Luma uni-1-max Image to Image,,,runninghub-luma-uni-1-max,,1,luma-uni-1-max-image-to-image,image_to_image,image_generation,"image,min=1,async",,official_schema,ready,True,provider_local,,not_implemented,runninghub,aspect_ratio|outputFormat|style|webSearch,stored_snapshot:runninghub-{region}.json + runninghub-official-public.json,
discovery,region_snapshot:global,data/model_capabilities/snapshots/runninghub-global.json,5d477b1e0d73,runninghub,,global,Luma uni-1-max Text to Image,,,runninghub-luma-uni-1-max,,1,luma-uni-1-max-text-to-image,text_to_image,image_generation,"image,min=1,async",,official_schema,ready,True,provider_local,,not_implemented,runninghub,aspect_ratio|outputFormat|style|webSearch,stored_snapshot:runninghub-{region}.json + runninghub-official-public.json,
discovery,region_snapshot:global,data/model_capabilities/snapshots/runninghub-global.json,5d477b1e0d73,runninghub,,global,Luma uni-1 Image Edit,,,runninghub-luma-uni-1,,1,luma-uni-1-image-edit,image_to_image,image_generation,"image,min=1,async",,official_schema,ready,True,provider_local,,not_implemented,runninghub,aspect_ratio|outputFormat|style,stored_snapshot:runninghub-{region}.json + runninghub-official-public.json,
discovery,region_snapshot:global,data/model_capabilities/snapshots/runninghub-global.json,5d477b1e0d73,runninghub,,global,Luma uni-1 Image to Image,,,runninghub-luma-uni-1,,1,luma-uni-1-image-to-image,image_to_image,image_generation,"image,min=1,async",,official_schema,ready,True,provider_local,,not_implemented,runninghub,aspect_ratio|outputFormat|style|webSearch,stored_snapshot:runninghub-{region}.json + runninghub-official-public.json,
discovery,region_snapshot:global,data/model_capabilities/snapshots/runninghub-global.json,5d477b1e0d73,runninghub,,global,Luma uni-1 Text to Image,,,runninghub-luma-uni-1,,1,luma-uni-1-text-to-image,text_to_image,image_generation,"image,min=1,async",,official_schema,ready,True,provider_local,,not_implemented,runninghub,aspect_ratio|outputFormat|style|webSearch,stored_snapshot:runninghub-{region}.json + runninghub-official-public.json,
discovery,region_snapshot:global,data/model_capabilities/snapshots/runninghub-global.json,5d477b1e0d73,runninghub,,global,marble-1.0/image-to-world,,,runninghub-marble-1.0-image-to-world,,1,marble-1.0-image-to-world,text_to_image,image_generation,"image,min=1,async",,official_schema,ready,True,provider_local,,not_implemented,runninghub,disableRecaption|displayName|imageUrl|isPano|permissionAllowIdAccess|permissionAllowedReaders|permissionAllowedWriters|permissionPublic|seed|tags|textPrompt,stored_snapshot:runninghub-{region}.json + runninghub-official-public.json,
discovery,region_snapshot:global,data/model_capabilities/snapshots/runninghub-global.json,5d477b1e0d73,runninghub,,global,marble-1.0/multi-image-to-world,,,runninghub-marble-1.0-multi-image-to-world,,1,marble-1.0-multi-image-to-world,text_to_image,image_generation,"image,min=1,async",,official_schema,ready,True,provider_local,,not_implemented,runninghub,disableRecaption|displayName|permissionAllowIdAccess|permissionAllowedReaders|permissionAllowedWriters|permissionPublic|reconstructImages|seed|tags|textPrompt,stored_snapshot:runninghub-{region}.json + runninghub-official-public.json,
discovery,region_snapshot:global,data/model_capabilities/snapshots/runninghub-global.json,5d477b1e0d73,runninghub,,global,marble-1.1-plus/image-to-world,,,runninghub-marble-1.1-plus-image-to-world,,1,marble-1.1-plus-image-to-world,text_to_image,image_generation,"image,min=1,async",,official_schema,ready,True,provider_local,,not_implemented,runninghub,disableRecaption|displayName|imageUrl|isPano|permissionAllowIdAccess|permissionAllowedReaders|permissionAllowedWriters|permissionPublic|seed|tags|textPrompt,stored_snapshot:runninghub-{region}.json + runninghub-official-public.json,
discovery,region_snapshot:global,data/model_capabilities/snapshots/runninghub-global.json,5d477b1e0d73,runninghub,,global,marble-1.1-plus/multi-image-to-world,,,runninghub-marble-1.1-plus-multi-image-to-world,,1,marble-1.1-plus-multi-image-to-world,text_to_image,image_generation,"image,min=1,async",,official_schema,ready,True,provider_local,,not_implemented,runninghub,disableRecaption|displayName|permissionAllowIdAccess|permissionAllowedReaders|permissionAllowedWriters|permissionPublic|reconstructImages|seed|tags|textPrompt,stored_snapshot:runninghub-{region}.json + runninghub-official-public.json,
discovery,region_snapshot:global,data/model_capabilities/snapshots/runninghub-global.json,5d477b1e0d73,runninghub,,global,marble-1.1/image-to-world,,,runninghub-marble-1.1-image-to-world,,1,marble-1.1-image-to-world,text_to_image,image_generation,"image,min=1,async",,official_schema,ready,True,provider_local,,not_implemented,runninghub,disableRecaption|displayName|imageUrl|isPano|permissionAllowIdAccess|permissionAllowedReaders|permissionAllowedWriters|permissionPublic|seed|tags|textPrompt,stored_snapshot:runninghub-{region}.json + runninghub-official-public.json,
discovery,region_snapshot:global,data/model_capabilities/snapshots/runninghub-global.json,5d477b1e0d73,runninghub,,global,marble-1.1/multi-image-to-world,,,runninghub-marble-1.1-multi-image-to-world,,1,marble-1.1-multi-image-to-world,text_to_image,image_generation,"image,min=1,async",,official_schema,ready,True,provider_local,,not_implemented,runninghub,disableRecaption|displayName|permissionAllowIdAccess|permissionAllowedReaders|permissionAllowedWriters|permissionPublic|reconstructImages|seed|tags|textPrompt,stored_snapshot:runninghub-{region}.json + runninghub-official-public.json,
discovery,region_snapshot:global,data/model_capabilities/snapshots/runninghub-global.json,5d477b1e0d73,runninghub,,global,gpt-image-1.5/image-to-image-official-stable,,,runninghub-gpt-image-1.5,,1,gpt-image-1.5-image-to-image-official-stable,image_to_image,image_generation,"image,min=1,async",,official_schema,ready,True,provider_local,,not_implemented,runninghub,background|inputFidelity|quality|size,stored_snapshot:runninghub-{region}.json + runninghub-official-public.json,
discovery,region_snapshot:global,data/model_capabilities/snapshots/runninghub-global.json,5d477b1e0d73,runninghub,,global,gpt-image-1.5/text-to-image-official-stable,,,runninghub-gpt-image-1.5,,1,gpt-image-1.5-text-to-image-official-stable,text_to_image,image_generation,"image,min=1,async",,official_schema,ready,True,provider_local,,not_implemented,runninghub,background|quality|size,stored_snapshot:runninghub-{region}.json + runninghub-official-public.json,
discovery,region_snapshot:global,data/model_capabilities/snapshots/runninghub-global.json,5d477b1e0d73,runninghub,,global,gpt-image-1.5/edit-channel-low-price-[Deprecated] Please use gpt-image-2 instead,,,runninghub-gpt-image-1.5,,1,gpt-image-1.5-edit-channel-low-price-deprecated-please-use-gpt-image-2-instead,image_to_image,image_generation,"image,min=1,async",,official_schema,ready,True,provider_local,,not_implemented,runninghub,aspect_ratio,stored_snapshot:runninghub-{region}.json + runninghub-official-public.json,
discovery,region_snapshot:global,data/model_capabilities/snapshots/runninghub-global.json,5d477b1e0d73,runninghub,,global,gpt-image-1.5/text-to-image-channel-low-price-[Deprecated] Please use gpt-image-2 instead,,,runninghub-gpt-image-1.5,,1,gpt-image-1.5-text-to-image-channel-low-price-deprecated-please-use-gpt-image-2-instead,text_to_image,image_generation,"image,min=1,async",,official_schema,ready,True,provider_local,,not_implemented,runninghub,aspect_ratio,stored_snapshot:runninghub-{region}.json + runninghub-official-public.json,
discovery,region_snapshot:global,data/model_capabilities/snapshots/runninghub-global.json,5d477b1e0d73,runninghub,,global,gpt-image-2/image-to-image-official-stable,,,runninghub-gpt-image-2,,1,gpt-image-2-image-to-image-official-stable,image_to_image,image_generation,"image,min=1,async",,official_schema,ready,True,provider_local,,not_implemented,runninghub,aspect_ratio|quality|resolution,stored_snapshot:runninghub-{region}.json + runninghub-official-public.json,
discovery,region_snapshot:global,data/model_capabilities/snapshots/runninghub-global.json,5d477b1e0d73,runninghub,,global,gpt-image-2/text-to-image-official-stable,,,runninghub-gpt-image-2,,1,gpt-image-2-text-to-image-official-stable,text_to_image,image_generation,"image,min=1,async",,official_schema,ready,True,provider_local,,not_implemented,runninghub,aspect_ratio|quality|resolution,stored_snapshot:runninghub-{region}.json + runninghub-official-public.json,
discovery,region_snapshot:global,data/model_capabilities/snapshots/runninghub-global.json,5d477b1e0d73,runninghub,,global,gpt-image-2.0/edit-channel-low-price,,,runninghub-gpt-image-2.0,,1,gpt-image-2.0-edit-channel-low-price,image_to_image,image_generation,"image,min=1,async",,official_schema,ready,True,provider_local,,not_implemented,runninghub,aspect_ratio|resolution,stored_snapshot:runninghub-{region}.json + runninghub-official-public.json,
discovery,region_snapshot:global,data/model_capabilities/snapshots/runninghub-global.json,5d477b1e0d73,runninghub,,global,gpt-image-2.0/text-to-image-channel-low-price,,,runninghub-gpt-image-2.0,,1,gpt-image-2.0-text-to-image-channel-low-price,text_to_image,image_generation,"image,min=1,async",,official_schema,ready,True,provider_local,,not_implemented,runninghub,aspect_ratio|resolution,stored_snapshot:runninghub-{region}.json + runninghub-official-public.json,
discovery,region_snapshot:global,data/model_capabilities/snapshots/runninghub-global.json,5d477b1e0d73,runninghub,,global,grok-3-image-to-image,,,runninghub-grok-3-image,,1,grok-3-image-to-image,image_to_image,image_generation,"image,min=1,async",,official_schema,ready,True,provider_local,,not_implemented,runninghub,,stored_snapshot:runninghub-{region}.json + runninghub-official-public.json,NO_PARAMETER_FIELDS
discovery,region_snapshot:global,data/model_capabilities/snapshots/runninghub-global.json,5d477b1e0d73,runninghub,,global,grok-3-image-text-to-image,,,runninghub-grok-3-image,,1,grok-3-image-text-to-image,text_to_image,image_generation,"image,min=1,async",,official_schema,ready,True,provider_local,,not_implemented,runninghub,,stored_snapshot:runninghub-{region}.json + runninghub-official-public.json,NO_PARAMETER_FIELDS
discovery,region_snapshot:global,data/model_capabilities/snapshots/runninghub-global.json,5d477b1e0d73,runninghub,,global,grok-4-image-image-to-image,,,runninghub-grok-4-image,,1,grok-4-image-image-to-image,image_to_image,image_generation,"image,min=1,async",,official_schema,ready,True,provider_local,,not_implemented,runninghub,,stored_snapshot:runninghub-{region}.json + runninghub-official-public.json,NO_PARAMETER_FIELDS
discovery,region_snapshot:global,data/model_capabilities/snapshots/runninghub-global.json,5d477b1e0d73,runninghub,,global,grok-4-image-text-to-image,,,runninghub-grok-4-image,,1,grok-4-image-text-to-image,text_to_image,image_generation,"image,min=1,async",,official_schema,ready,True,provider_local,,not_implemented,runninghub,,stored_snapshot:runninghub-{region}.json + runninghub-official-public.json,NO_PARAMETER_FIELDS
discovery,region_snapshot:global,data/model_capabilities/snapshots/runninghub-global.json,5d477b1e0d73,runninghub,,global,grok-image/image-to-image/channel-low-price,,,runninghub-grok-image,,1,grok-image-image-to-image-channel-low-price,image_to_image,image_generation,"image,min=1,async",,official_schema,ready,True,provider_local,,not_implemented,runninghub,model,stored_snapshot:runninghub-{region}.json + runninghub-official-public.json,
discovery,region_snapshot:global,data/model_capabilities/snapshots/runninghub-global.json,5d477b1e0d73,runninghub,,global,grok-image/text-to-image/channel-low-price,,,runninghub-grok-image,,1,grok-image-text-to-image-channel-low-price,text_to_image,image_generation,"image,min=1,async",,official_schema,ready,True,provider_local,,not_implemented,runninghub,aspect_ratio|model,stored_snapshot:runninghub-{region}.json + runninghub-official-public.json,
discovery,region_snapshot:global,data/model_capabilities/snapshots/runninghub-global.json,5d477b1e0d73,runninghub,,global,nano-banana2-gemini31flash-lite/image-to-image-official-stable,,,runninghub-nano-banana2-gemini31flash-lite,,1,nano-banana2-gemini31flash-lite-image-to-image-official-stable,image_to_image,image_generation,"image,min=1,async",,official_schema,ready,True,provider_local,,not_implemented,runninghub,aspect_ratio,stored_snapshot:runninghub-{region}.json + runninghub-official-public.json,
discovery,region_snapshot:global,data/model_capabilities/snapshots/runninghub-global.json,5d477b1e0d73,runninghub,,global,nano-banana2-gemini31flash-lite/text-to-image-official-stable,,,runninghub-nano-banana2-gemini31flash-lite,,1,nano-banana2-gemini31flash-lite-text-to-image-official-stable,text_to_image,image_generation,"image,min=1,async",,official_schema,ready,True,provider_local,,not_implemented,runninghub,aspect_ratio,stored_snapshot:runninghub-{region}.json + runninghub-official-public.json,
discovery,region_snapshot:global,data/model_capabilities/snapshots/runninghub-global.json,5d477b1e0d73,runninghub,,global,nano-banana2-gemini31flash-lite/image-to-image-channel-low-price,,,runninghub-nano-banana2-gemini31flash-lite,,1,nano-banana2-gemini31flash-lite-image-to-image-channel-low-price,image_to_image,image_generation,"image,min=1,async",,official_schema,ready,True,provider_local,,not_implemented,runninghub,aspect_ratio,stored_snapshot:runninghub-{region}.json + runninghub-official-public.json,
discovery,region_snapshot:global,data/model_capabilities/snapshots/runninghub-global.json,5d477b1e0d73,runninghub,,global,nano-banana2-gemini31flash-lite/text-to-image-channel-low-price,,,runninghub-nano-banana2-gemini31flash-lite,,1,nano-banana2-gemini31flash-lite-text-to-image-channel-low-price,text_to_image,image_generation,"image,min=1,async",,official_schema,ready,True,provider_local,,not_implemented,runninghub,aspect_ratio,stored_snapshot:runninghub-{region}.json + runninghub-official-public.json,
discovery,region_snapshot:global,data/model_capabilities/snapshots/runninghub-global.json,5d477b1e0d73,runninghub,,global,nano-banana2-gemini31flash/image-to-image-official-stable,,,runninghub-nano-banana2-gemini31flash,,1,nano-banana2-gemini31flash-image-to-image-official-stable,image_to_image,image_generation,"image,min=1,async",,official_schema,ready,True,provider_local,,not_implemented,runninghub,aspect_ratio|resolution,stored_snapshot:runninghub-{region}.json + runninghub-official-public.json,
discovery,region_snapshot:global,data/model_capabilities/snapshots/runninghub-global.json,5d477b1e0d73,runninghub,,global,nano-banana2-gemini31flash/text-to-image-official-stable,,,runninghub-nano-banana2-gemini31flash,,1,nano-banana2-gemini31flash-text-to-image-official-stable,text_to_image,image_generation,"image,min=1,async",,official_schema,ready,True,provider_local,,not_implemented,runninghub,aspect_ratio|resolution,stored_snapshot:runninghub-{region}.json + runninghub-official-public.json,
discovery,region_snapshot:global,data/model_capabilities/snapshots/runninghub-global.json,5d477b1e0d73,runninghub,,global,nano-banana2-gemini31flash/image-to-image-channel-low-price,,,runninghub-nano-banana2-gemini31flash,,1,nano-banana2-gemini31flash-image-to-image-channel-low-price,image_to_image,image_generation,"image,min=1,async",,official_schema,ready,True,provider_local,,not_implemented,runninghub,aspect_ratio|resolution,stored_snapshot:runninghub-{region}.json + runninghub-official-public.json,
discovery,region_snapshot:global,data/model_capabilities/snapshots/runninghub-global.json,5d477b1e0d73,runninghub,,global,nano-banana2-gemini31flash/text-to-image-channel-low-price,,,runninghub-nano-banana2-gemini31flash,,1,nano-banana2-gemini31flash-text-to-image-channel-low-price,text_to_image,image_generation,"image,min=1,async",,official_schema,ready,True,provider_local,,not_implemented,runninghub,aspect_ratio|resolution,stored_snapshot:runninghub-{region}.json + runninghub-official-public.json,
discovery,region_snapshot:global,data/model_capabilities/snapshots/runninghub-global.json,5d477b1e0d73,runninghub,,global,nano-banana-pro/edit-official-stable,,,runninghub-nano-banana-pro,,1,nano-banana-pro-edit-official-stable,image_to_image,image_generation,"image,min=1,async",,official_schema,ready,True,provider_local,,not_implemented,runninghub,aspect_ratio|resolution,stored_snapshot:runninghub-{region}.json + runninghub-official-public.json,
discovery,region_snapshot:global,data/model_capabilities/snapshots/runninghub-global.json,5d477b1e0d73,runninghub,,global,nano-banana-pro/edit-ultra-official-stable,,,runninghub-nano-banana-pro,,1,nano-banana-pro-edit-ultra-official-stable,image_to_image,image_generation,"image,min=1,async",,official_schema,ready,True,provider_local,,not_implemented,runninghub,aspect_ratio|resolution,stored_snapshot:runninghub-{region}.json + runninghub-official-public.json,
discovery,region_snapshot:global,data/model_capabilities/snapshots/runninghub-global.json,5d477b1e0d73,runninghub,,global,nano-banana-pro/text-to-image-official-stable,,,runninghub-nano-banana-pro,,1,nano-banana-pro-text-to-image-official-stable,text_to_image,image_generation,"image,min=1,async",,official_schema,ready,True,provider_local,,not_implemented,runninghub,aspect_ratio|resolution,stored_snapshot:runninghub-{region}.json + runninghub-official-public.json,
discovery,region_snapshot:global,data/model_capabilities/snapshots/runninghub-global.json,5d477b1e0d73,runninghub,,global,nano-banana-pro/text-to-image-ultra-official-stable,,,runninghub-nano-banana-pro,,1,nano-banana-pro-text-to-image-ultra-official-stable,text_to_image,image_generation,"image,min=1,async",,official_schema,ready,True,provider_local,,not_implemented,runninghub,aspect_ratio|resolution,stored_snapshot:runninghub-{region}.json + runninghub-official-public.json,
discovery,region_snapshot:global,data/model_capabilities/snapshots/runninghub-global.json,5d477b1e0d73,runninghub,,global,nano-banana-pro/edit-channel-low-price,,,runninghub-nano-banana-pro,,1,nano-banana-pro-edit-channel-low-price,image_to_image,image_generation,"image,min=1,async",,official_schema,ready,True,provider_local,,not_implemented,runninghub,aspect_ratio|resolution,stored_snapshot:runninghub-{region}.json + runninghub-official-public.json,
discovery,region_snapshot:global,data/model_capabilities/snapshots/runninghub-global.json,5d477b1e0d73,runninghub,,global,nano-banana-pro/text-to-image-channel-low-price,,,runninghub-nano-banana-pro,,1,nano-banana-pro-text-to-image-channel-low-price,text_to_image,image_generation,"image,min=1,async",,official_schema,ready,True,provider_local,,not_implemented,runninghub,aspect_ratio|resolution,stored_snapshot:runninghub-{region}.json + runninghub-official-public.json,
discovery,region_snapshot:global,data/model_capabilities/snapshots/runninghub-global.json,5d477b1e0d73,runninghub,,global,nano-banana/edit-official-stable,,,runninghub-nano-banana,,1,nano-banana-edit-official-stable,image_to_image,image_generation,"image,min=1,async",,official_schema,ready,True,provider_local,,not_implemented,runninghub,aspect_ratio,stored_snapshot:runninghub-{region}.json + runninghub-official-public.json,
discovery,region_snapshot:global,data/model_capabilities/snapshots/runninghub-global.json,5d477b1e0d73,runninghub,,global,nano-banana/text-to-image-official-stable,,,runninghub-nano-banana,,1,nano-banana-text-to-image-official-stable,text_to_image,image_generation,"image,min=1,async",,official_schema,ready,True,provider_local,,not_implemented,runninghub,aspect_ratio,stored_snapshot:runninghub-{region}.json + runninghub-official-public.json,
discovery,region_snapshot:global,data/model_capabilities/snapshots/runninghub-global.json,5d477b1e0d73,runninghub,,global,nano-banana/edit-channel-low-price,,,runninghub-nano-banana,,1,nano-banana-edit-channel-low-price,image_to_image,image_generation,"image,min=1,async",,official_schema,ready,True,provider_local,,not_implemented,runninghub,aspect_ratio,stored_snapshot:runninghub-{region}.json + runninghub-official-public.json,
discovery,region_snapshot:global,data/model_capabilities/snapshots/runninghub-global.json,5d477b1e0d73,runninghub,,global,nano-banana/text-to-image-channel-low-price,,,runninghub-nano-banana,,1,nano-banana-text-to-image-channel-low-price,text_to_image,image_generation,"image,min=1,async",,official_schema,ready,True,provider_local,,not_implemented,runninghub,aspect_ratio,stored_snapshot:runninghub-{region}.json + runninghub-official-public.json,
discovery,region_snapshot:global,data/model_capabilities/snapshots/runninghub-global.json,5d477b1e0d73,runninghub,,global,xai/grok-imagine-image/edit-official-stable,,,runninghub-xai-grok-imagine-image,,1,xai-grok-imagine-image-edit-official-stable,image_to_image,image_generation,"image,min=1,async",,official_schema,ready,True,provider_local,,not_implemented,runninghub,,stored_snapshot:runninghub-{region}.json + runninghub-official-public.json,NO_PARAMETER_FIELDS
discovery,region_snapshot:global,data/model_capabilities/snapshots/runninghub-global.json,5d477b1e0d73,runninghub,,global,xai/grok-imagine-image/text-to-image-official-stable,,,runninghub-xai-grok-imagine-image,,1,xai-grok-imagine-image-text-to-image-official-stable,text_to_image,image_generation,"image,min=1,async",,official_schema,ready,True,provider_local,,not_implemented,runninghub,aspect_ratio|outputFormat,stored_snapshot:runninghub-{region}.json + runninghub-official-public.json,
discovery,region_snapshot:global,data/model_capabilities/snapshots/runninghub-global.json,5d477b1e0d73,runninghub,,global,f-dev,,,runninghub-f-dev,,1,f-dev,text_to_image,image_generation,"image,min=1,async",,official_schema,needs_profile,False,provider_local,,not_implemented,runninghub,,stored_snapshot:runninghub-{region}.json + runninghub-official-public.json,PROFILE_UNCONFIRMED|NO_PARAMETER_FIELDS
discovery,region_snapshot:global,data/model_capabilities/snapshots/runninghub-global.json,5d477b1e0d73,runninghub,,global,f-dev-lora,,,runninghub-f-dev-lora,,1,f-dev-lora,text_to_image,image_generation,"image,min=1,async",,official_schema,needs_profile,False,provider_local,,not_implemented,runninghub,,stored_snapshot:runninghub-{region}.json + runninghub-official-public.json,PROFILE_UNCONFIRMED|NO_PARAMETER_FIELDS
discovery,region_snapshot:global,data/model_capabilities/snapshots/runninghub-global.json,5d477b1e0d73,runninghub,,global,xai/rhart-imagine-image-quality/edit-official-stable,,,runninghub-xai-rhart-imagine-image-quality,,1,xai-rhart-imagine-image-quality-edit-official-stable,image_to_image,image_generation,"image,min=1,async",,official_schema,ready,True,provider_local,,not_implemented,runninghub,aspect_ratio|numImages|outputFormat|resolution,stored_snapshot:runninghub-{region}.json + runninghub-official-public.json,
discovery,region_snapshot:global,data/model_capabilities/snapshots/runninghub-global.json,5d477b1e0d73,runninghub,,global,xai/rhart-imagine-image-quality/text-to-image-official-stable,,,runninghub-xai-rhart-imagine-image-quality,,1,xai-rhart-imagine-image-quality-text-to-image-official-stable,text_to_image,image_generation,"image,min=1,async",,official_schema,ready,True,provider_local,,not_implemented,runninghub,aspect_ratio|numImages|outputFormat|resolution,stored_snapshot:runninghub-{region}.json + runninghub-official-public.json,
discovery,region_snapshot:global,data/model_capabilities/snapshots/runninghub-global.json,5d477b1e0d73,runninghub,,global,seedream-v4.5/image-to-image,,,runninghub-seedream-v4.5,,1,seedream-v4.5-image-to-image,image_to_image,image_generation,"image,min=1,async",,official_schema,ready,True,provider_local,,not_implemented,runninghub,height|maxImages|resolution|sequentialImageGeneration|width,stored_snapshot:runninghub-{region}.json + runninghub-official-public.json,
discovery,region_snapshot:global,data/model_capabilities/snapshots/runninghub-global.json,5d477b1e0d73,runninghub,,global,seedream-v4.5/text-to-image,,,runninghub-seedream-v4.5,,1,seedream-v4.5-text-to-image,text_to_image,image_generation,"image,min=1,async",,official_schema,ready,True,provider_local,,not_implemented,runninghub,height|maxImages|resolution|sequentialImageGeneration|width,stored_snapshot:runninghub-{region}.json + runninghub-official-public.json,
discovery,region_snapshot:global,data/model_capabilities/snapshots/runninghub-global.json,5d477b1e0d73,runninghub,,global,seedream-v4/image-to-image,,,runninghub-seedream-v4,,1,seedream-v4-image-to-image,image_to_image,image_generation,"image,min=1,async",,official_schema,ready,True,provider_local,,not_implemented,runninghub,height|maxImages|resolution|sequentialImageGeneration|width,stored_snapshot:runninghub-{region}.json + runninghub-official-public.json,
discovery,region_snapshot:global,data/model_capabilities/snapshots/runninghub-global.json,5d477b1e0d73,runninghub,,global,seedream-v4/text-to-image,,,runninghub-seedream-v4,,1,seedream-v4-text-to-image,text_to_image,image_generation,"image,min=1,async",,official_schema,ready,True,provider_local,,not_implemented,runninghub,height|maxImages|resolution|sequentialImageGeneration|width,stored_snapshot:runninghub-{region}.json + runninghub-official-public.json,
discovery,region_snapshot:global,data/model_capabilities/snapshots/runninghub-global.json,5d477b1e0d73,runninghub,,global,seedream-v5-lite/image-to-image,,,runninghub-seedream-v5-lite,,1,seedream-v5-lite-image-to-image,image_to_image,image_generation,"image,min=1,async",,official_schema,ready,True,provider_local,,not_implemented,runninghub,height|maxImages|resolution|sequentialImageGeneration|width,stored_snapshot:runninghub-{region}.json + runninghub-official-public.json,
discovery,region_snapshot:global,data/model_capabilities/snapshots/runninghub-global.json,5d477b1e0d73,runninghub,,global,seedream-v5-lite/text-to-image,,,runninghub-seedream-v5-lite,,1,seedream-v5-lite-text-to-image,text_to_image,image_generation,"image,min=1,async",,official_schema,ready,True,provider_local,,not_implemented,runninghub,height|maxImages|resolution|sequentialImageGeneration|toolsType|width,stored_snapshot:runninghub-{region}.json + runninghub-official-public.json,
discovery,region_snapshot:global,data/model_capabilities/snapshots/runninghub-global.json,5d477b1e0d73,runninghub,,global,seedream-v5-pro/image-to-image,,,runninghub-seedream-v5-pro,,1,seedream-v5-pro-image-to-image,image_to_image,image_generation,"image,min=1,async",,official_schema,ready,True,provider_local,,not_implemented,runninghub,height|outputFormat|resolution|width,stored_snapshot:runninghub-{region}.json + runninghub-official-public.json,
discovery,region_snapshot:global,data/model_capabilities/snapshots/runninghub-global.json,5d477b1e0d73,runninghub,,global,seedream-v5-pro/text-to-image,,,runninghub-seedream-v5-pro,,1,seedream-v5-pro-text-to-image,text_to_image,image_generation,"image,min=1,async",,official_schema,ready,True,provider_local,,not_implemented,runninghub,height|outputFormat|resolution|width,stored_snapshot:runninghub-{region}.json + runninghub-official-public.json,
discovery,region_snapshot:global,data/model_capabilities/snapshots/runninghub-global.json,5d477b1e0d73,runninghub,,global,topazlabs-image-upscale-cgi,,,runninghub-topazlabs-image,,1,topazlabs-image-upscale-cgi,image_enhancement,image_generation,"image,min=1,async",,official_schema,ready,True,provider_local,,not_implemented,runninghub,faceEnhancement|faceEnhancementCreativity|faceEnhancementStrength|scale|subjectDetection,stored_snapshot:runninghub-{region}.json + runninghub-official-public.json,
discovery,region_snapshot:global,data/model_capabilities/snapshots/runninghub-global.json,5d477b1e0d73,runninghub,,global,topazlabs-image-upscale-high fidelity v2,,,runninghub-topazlabs-image,,1,topazlabs-image-upscale-high-fidelity-v2,image_enhancement,image_generation,"image,min=1,async",,official_schema,ready,True,provider_local,,not_implemented,runninghub,faceEnhancement|faceEnhancementCreativity|faceEnhancementStrength|scale|subjectDetection,stored_snapshot:runninghub-{region}.json + runninghub-official-public.json,
discovery,region_snapshot:global,data/model_capabilities/snapshots/runninghub-global.json,5d477b1e0d73,runninghub,,global,topazlabs-image-upscale-standard-v2,,,runninghub-topazlabs-image,,1,topazlabs-image-upscale-standard-v2,image_enhancement,image_generation,"image,min=1,async",,official_schema,ready,True,provider_local,,not_implemented,runninghub,faceEnhancement|faceEnhancementCreativity|faceEnhancementStrength|scale|subjectDetection,stored_snapshot:runninghub-{region}.json + runninghub-official-public.json,
discovery,region_snapshot:global,data/model_capabilities/snapshots/runninghub-global.json,5d477b1e0d73,runninghub,,global,topazlabs-image-upscale-text refine,,,runninghub-topazlabs-image,,1,topazlabs-image-upscale-text-refine,image_enhancement,image_generation,"image,min=1,async",,official_schema,ready,True,provider_local,,not_implemented,runninghub,faceEnhancement|faceEnhancementCreativity|faceEnhancementStrength|scale|subjectDetection,stored_snapshot:runninghub-{region}.json + runninghub-official-public.json,
discovery,region_snapshot:global,data/model_capabilities/snapshots/runninghub-global.json,5d477b1e0d73,runninghub,,global,topazlabs-image-upscale low resolution v2,,,runninghub-topazlabs-image,,1,topazlabs-image-upscale-low-resolution-v2,image_enhancement,image_generation,"image,min=1,async",,official_schema,ready,True,provider_local,,not_implemented,runninghub,faceEnhancement|faceEnhancementCreativity|faceEnhancementStrength|scale|subjectDetection,stored_snapshot:runninghub-{region}.json + runninghub-official-public.json,
discovery,region_snapshot:global,data/model_capabilities/snapshots/runninghub-global.json,5d477b1e0d73,runninghub,,global,midjourney-text-to-image-niji6,,,runninghub-midjourney,,1,midjourney-text-to-image-niji6,text_to_image,image_generation,"image,min=1,async",,official_schema,ready,True,provider_local,,not_implemented,runninghub,aspect_ratio|chaos|cw|iw|quality|raw|stop|stylize|sv|sw|tile|weird,stored_snapshot:runninghub-{region}.json + runninghub-official-public.json,
discovery,region_snapshot:global,data/model_capabilities/snapshots/runninghub-global.json,5d477b1e0d73,runninghub,,global,midjourney-text-to-image-niji7,,,runninghub-midjourney,,1,midjourney-text-to-image-niji7,text_to_image,image_generation,"image,min=1,async",,official_schema,ready,True,provider_local,,not_implemented,runninghub,aspect_ratio|chaos|iw|raw|stylize|sv|sw|weird,stored_snapshot:runninghub-{region}.json + runninghub-official-public.json,
discovery,region_snapshot:global,data/model_capabilities/snapshots/runninghub-global.json,5d477b1e0d73,runninghub,,global,midjourney-text-to-image-v6,,,runninghub-midjourney,,1,midjourney-text-to-image-v6,text_to_image,image_generation,"image,min=1,async",,official_schema,ready,True,provider_local,,not_implemented,runninghub,aspect_ratio|chaos|cw|iw|quality|raw|stop|stylize|sv|sw|tile|weird,stored_snapshot:runninghub-{region}.json + runninghub-official-public.json,
discovery,region_snapshot:global,data/model_capabilities/snapshots/runninghub-global.json,5d477b1e0d73,runninghub,,global,midjourney-text-to-image-v61,,,runninghub-midjourney,,1,midjourney-text-to-image-v61,text_to_image,image_generation,"image,min=1,async",,official_schema,ready,True,provider_local,,not_implemented,runninghub,aspect_ratio|chaos|cw|iw|negativePrompt|quality|raw|stop|stylize|sv|sw|tile|weird,stored_snapshot:runninghub-{region}.json + runninghub-official-public.json,
discovery,region_snapshot:global,data/model_capabilities/snapshots/runninghub-global.json,5d477b1e0d73,runninghub,,global,midjourney-text-to-image-v7,,,runninghub-midjourney,,1,midjourney-text-to-image-v7,text_to_image,image_generation,"image,min=1,async",,official_schema,ready,True,provider_local,,not_implemented,runninghub,aspect_ratio|chaos|iw|negativePrompt|ow|quality|raw|stylize|sv|sw|tile|weird,stored_snapshot:runninghub-{region}.json + runninghub-official-public.json,
discovery,region_snapshot:global,data/model_capabilities/snapshots/runninghub-global.json,5d477b1e0d73,runninghub,,global,midjourney-text-to-image-v8.1,,,runninghub-midjourney,,1,midjourney-text-to-image-v8.1,text_to_image,image_generation,"image,min=1,async",,official_schema,ready,True,provider_local,,not_implemented,runninghub,aspect_ratio|chaos|hd|iw|quality|raw|stylize|sv|sw,stored_snapshot:runninghub-{region}.json + runninghub-official-public.json,
discovery,region_snapshot:global,data/model_capabilities/snapshots/runninghub-global.json,5d477b1e0d73,runninghub,,global,midjourney-text-to-image-v8.2-preview,,,runninghub-midjourney,,1,midjourney-text-to-image-v8.2-preview,text_to_image,image_generation,"image,min=1,async",,official_schema,ready,True,provider_local,,not_implemented,runninghub,aspect_ratio|chaos|hd|iw|quality|raw|stylize|sv|sw,stored_snapshot:runninghub-{region}.json + runninghub-official-public.json,
discovery,region_snapshot:global,data/model_capabilities/snapshots/runninghub-global.json,5d477b1e0d73,runninghub,,global,happyhorse-1.0/image-to-video,,,runninghub-happyhorse-1.0,,1,happyhorse-1.0-image-to-video,image_to_video,video_generation,"video,min=1,async",,official_schema,ready,True,provider_local,,not_implemented,runninghub,duration|resolution|seed,stored_snapshot:runninghub-{region}.json + runninghub-official-public.json,
discovery,region_snapshot:global,data/model_capabilities/snapshots/runninghub-global.json,5d477b1e0d73,runninghub,,global,happyhorse-1.0/reference-to-video,,,runninghub-happyhorse-1.0,,1,happyhorse-1.0-reference-to-video,image_to_video,video_generation,"video,min=1,async",,official_schema,ready,True,provider_local,,not_implemented,runninghub,aspect_ratio|duration|resolution|seed,stored_snapshot:runninghub-{region}.json + runninghub-official-public.json,
discovery,region_snapshot:global,data/model_capabilities/snapshots/runninghub-global.json,5d477b1e0d73,runninghub,,global,happyhorse-1.0/text-to-video,,,runninghub-happyhorse-1.0,,1,happyhorse-1.0-text-to-video,text_to_video,video_generation,"video,min=1,async",,official_schema,ready,True,provider_local,,not_implemented,runninghub,aspect_ratio|duration|resolution|seed,stored_snapshot:runninghub-{region}.json + runninghub-official-public.json,
discovery,region_snapshot:global,data/model_capabilities/snapshots/runninghub-global.json,5d477b1e0d73,runninghub,,global,happyhorse-1.0/video-edit,,,runninghub-happyhorse-1.0,,1,happyhorse-1.0-video-edit,video_to_video,video_generation,"video,min=1,async",,official_schema,ready,True,provider_local,,not_implemented,runninghub,audioSetting|resolution|seed,stored_snapshot:runninghub-{region}.json + runninghub-official-public.json,
discovery,region_snapshot:global,data/model_capabilities/snapshots/runninghub-global.json,5d477b1e0d73,runninghub,,global,happyhorse-1.1/image-to-video,,,runninghub-happyhorse-1.1,,1,happyhorse-1.1-image-to-video,image_to_video,video_generation,"video,min=1,async",,official_schema,ready,True,provider_local,,not_implemented,runninghub,duration|resolution|seed,stored_snapshot:runninghub-{region}.json + runninghub-official-public.json,
discovery,region_snapshot:global,data/model_capabilities/snapshots/runninghub-global.json,5d477b1e0d73,runninghub,,global,happyhorse-1.1/reference-to-video,,,runninghub-happyhorse-1.1,,1,happyhorse-1.1-reference-to-video,image_to_video,video_generation,"video,min=1,async",,official_schema,ready,True,provider_local,,not_implemented,runninghub,aspect_ratio|duration|resolution|seed,stored_snapshot:runninghub-{region}.json + runninghub-official-public.json,
discovery,region_snapshot:global,data/model_capabilities/snapshots/runninghub-global.json,5d477b1e0d73,runninghub,,global,happyhorse-1.1/text-to-video,,,runninghub-happyhorse-1.1,,1,happyhorse-1.1-text-to-video,text_to_video,video_generation,"video,min=1,async",,official_schema,ready,True,provider_local,,not_implemented,runninghub,aspect_ratio|duration|resolution|seed,stored_snapshot:runninghub-{region}.json + runninghub-official-public.json,
discovery,region_snapshot:global,data/model_capabilities/snapshots/runninghub-global.json,5d477b1e0d73,runninghub,,global,wan-2.5-preview/image-to-video,,,runninghub-wan-2.5,,1,wan-2.5-preview-image-to-video,multimodal_to_video,video_generation,"video,min=1,async",,official_schema,ready,True,provider_local,,not_implemented,runninghub,duration|negativePrompt|promptExtend|resolution|seed,stored_snapshot:runninghub-{region}.json + runninghub-official-public.json,
discovery,region_snapshot:global,data/model_capabilities/snapshots/runninghub-global.json,5d477b1e0d73,runninghub,,global,wan-2.5-preview/text-to-video,,,runninghub-wan-2.5,,1,wan-2.5-preview-text-to-video,multimodal_to_video,video_generation,"video,min=1,async",,official_schema,ready,True,provider_local,,not_implemented,runninghub,duration|negativePrompt|promptExtend|seed|size,stored_snapshot:runninghub-{region}.json + runninghub-official-public.json,
discovery,region_snapshot:global,data/model_capabilities/snapshots/runninghub-global.json,5d477b1e0d73,runninghub,,global,alibaba/wan-2.6/image-to-video,,,runninghub-alibaba-wan-2.6,,1,alibaba-wan-2.6-image-to-video,image_to_video,video_generation,"video,min=1,async",,official_schema,ready,True,provider_local,,not_implemented,runninghub,duration|negativePrompt|resolution|shotType,stored_snapshot:runninghub-{region}.json + runninghub-official-public.json,
discovery,region_snapshot:global,data/model_capabilities/snapshots/runninghub-global.json,5d477b1e0d73,runninghub,,global,wan-2.6-image-to-video-flash,,,runninghub-wan-2.6,,1,wan-2.6-image-to-video-flash,multimodal_to_video,video_generation,"video,min=1,async",,official_schema,ready,True,provider_local,,not_implemented,runninghub,duration|enableAudio|enablePromptExpansion|negativePrompt|resolution|shotType,stored_snapshot:runninghub-{region}.json + runninghub-official-public.json,
discovery,region_snapshot:global,data/model_capabilities/snapshots/runninghub-global.json,5d477b1e0d73,runninghub,,global,wan-2.6-reference-to-video,,,runninghub-wan-2.6,,1,wan-2.6-reference-to-video,multimodal_to_video,video_generation,"video,min=1,async",,official_schema,ready,True,provider_local,,not_implemented,runninghub,duration|negativePrompt|shotType|size,stored_snapshot:runninghub-{region}.json + runninghub-official-public.json,
discovery,region_snapshot:global,data/model_capabilities/snapshots/runninghub-global.json,5d477b1e0d73,runninghub,,global,wan-2.6-reference-to-video-flash,,,runninghub-wan-2.6,,1,wan-2.6-reference-to-video-flash,multimodal_to_video,video_generation,"video,min=1,async",,official_schema,ready,True,provider_local,,not_implemented,runninghub,audio|duration|negativePrompt|shotType|size,stored_snapshot:runninghub-{region}.json + runninghub-official-public.json,
discovery,region_snapshot:global,data/model_capabilities/snapshots/runninghub-global.json,5d477b1e0d73,runninghub,,global,alibaba/wan-2.6/text-to-video,,,runninghub-alibaba-wan-2.6,,1,alibaba-wan-2.6-text-to-video,text_to_video,video_generation,"video,min=1,async",,official_schema,ready,True,provider_local,,not_implemented,runninghub,duration|negativePrompt|resolution|shotType,stored_snapshot:runninghub-{region}.json + runninghub-official-public.json,
discovery,region_snapshot:global,data/model_capabilities/snapshots/runninghub-global.json,5d477b1e0d73,runninghub,,global,wan-2.7-spicy/image-to-video,,,runninghub-wan-2.7,,1,wan-2.7-spicy-image-to-video,multimodal_to_video,video_generation,"video,min=1,async",,official_schema,ready,True,provider_local,,not_implemented,runninghub,duration|negativePrompt|promptExtend|resolution|seed,stored_snapshot:runninghub-{region}.json + runninghub-official-public.json,
discovery,region_snapshot:global,data/model_capabilities/snapshots/runninghub-global.json,5d477b1e0d73,runninghub,,global,wan-2.7/image-to-video,,,runninghub-wan-2.7,,1,wan-2.7-image-to-video,multimodal_to_video,video_generation,"video,min=1,async",,official_schema,ready,True,provider_local,,not_implemented,runninghub,duration|negativePrompt|promptExtend|resolution|seed,stored_snapshot:runninghub-{region}.json + runninghub-official-public.json,
discovery,region_snapshot:global,data/model_capabilities/snapshots/runninghub-global.json,5d477b1e0d73,runninghub,,global,wan-2.7-reference-to-video,,,runninghub-wan-2.7,,1,wan-2.7-reference-to-video,multimodal_to_video,video_generation,"video,min=1,async",,official_schema,ready,True,provider_local,,not_implemented,runninghub,aspect_ratio|duration|negativePrompt|promptExtend|resolution|seed,stored_snapshot:runninghub-{region}.json + runninghub-official-public.json,
discovery,region_snapshot:global,data/model_capabilities/snapshots/runninghub-global.json,5d477b1e0d73,runninghub,,global,wan-2.7/text-to-video,,,runninghub-wan-2.7,,1,wan-2.7-text-to-video,multimodal_to_video,video_generation,"video,min=1,async",,official_schema,ready,True,provider_local,,not_implemented,runninghub,aspect_ratio|duration|negativePrompt|promptExtend|resolution|seed,stored_snapshot:runninghub-{region}.json + runninghub-official-public.json,
discovery,region_snapshot:global,data/model_capabilities/snapshots/runninghub-global.json,5d477b1e0d73,runninghub,,global,wan-2.7/video-edit,,,runninghub-wan-2.7,,1,wan-2.7-video-edit,video_to_video,video_generation,"video,min=1,async",,official_schema,ready,True,provider_local,,not_implemented,runninghub,aspect_ratio|duration|negativePrompt|promptExtend|resolution|seed,stored_snapshot:runninghub-{region}.json + runninghub-official-public.json,
discovery,region_snapshot:global,data/model_capabilities/snapshots/runninghub-global.json,5d477b1e0d73,runninghub,,global,wan-2.7/video-extend,,,runninghub-wan-2.7,,1,wan-2.7-video-extend,video_extend,video_generation,"video,min=1,async",,official_schema,ready,True,provider_local,,not_implemented,runninghub,duration|negativePrompt|promptExtend|resolution|seed,stored_snapshot:runninghub-{region}.json + runninghub-official-public.json,
discovery,region_snapshot:global,data/model_capabilities/snapshots/runninghub-global.json,5d477b1e0d73,runninghub,,global,sd2.0/video-ref-to-video-trial,,,runninghub-sd2.0-video,,1,sd2.0-video-ref-to-video-trial,multimodal_to_video,video_generation,"video,min=1,async",,official_schema,ready,True,provider_local,,not_implemented,runninghub,,stored_snapshot:runninghub-{region}.json + runninghub-official-public.json,NO_PARAMETER_FIELDS
discovery,region_snapshot:global,data/model_capabilities/snapshots/runninghub-global.json,5d477b1e0d73,runninghub,,global,gemini-omni-flash/image-to-video/channel-low-price,,,runninghub-gemini-omni-flash,,1,gemini-omni-flash-image-to-video-channel-low-price,image_to_video,video_generation,"video,min=1,async",,official_schema,ready,True,provider_local,,not_implemented,runninghub,aspect_ratio|duration|resolution,stored_snapshot:runninghub-{region}.json + runninghub-official-public.json,
discovery,region_snapshot:global,data/model_capabilities/snapshots/runninghub-global.json,5d477b1e0d73,runninghub,,global,gemini-omni-flash/text-to-video/channel-low-price,,,runninghub-gemini-omni-flash,,1,gemini-omni-flash-text-to-video-channel-low-price,text_to_video,video_generation,"video,min=1,async",,official_schema,ready,True,provider_local,,not_implemented,runninghub,aspect_ratio|duration|resolution,stored_snapshot:runninghub-{region}.json + runninghub-official-public.json,
discovery,region_snapshot:global,data/model_capabilities/snapshots/runninghub-global.json,5d477b1e0d73,runninghub,,global,gemini-omni-flash/video-edit/channel-low-price,,,runninghub-gemini-omni-flash,,1,gemini-omni-flash-video-edit-channel-low-price,video_to_video,video_generation,"video,min=1,async",,official_schema,ready,True,provider_local,,not_implemented,runninghub,aspect_ratio|resolution,stored_snapshot:runninghub-{region}.json + runninghub-official-public.json,
discovery,region_snapshot:global,data/model_capabilities/snapshots/runninghub-global.json,5d477b1e0d73,runninghub,,global,higgsfield/dop/image-to-video,,,runninghub-higgsfield-dop,,1,higgsfield-dop-image-to-video,image_to_video,video_generation,"video,min=1,async",,official_schema,ready,True,provider_local,,not_implemented,runninghub,options,stored_snapshot:runninghub-{region}.json + runninghub-official-public.json,
discovery,region_snapshot:global,data/model_capabilities/snapshots/runninghub-global.json,5d477b1e0d73,runninghub,,global,kling-o3/element,,,runninghub-kling-o3,,1,kling-o3-element,multimodal_to_video,video_generation,"video,min=1,async",,official_schema,ready,True,provider_local,,not_implemented,runninghub,elementDescription|elementName|referenceType|tagList,stored_snapshot:runninghub-{region}.json + runninghub-official-public.json,
discovery,region_snapshot:global,data/model_capabilities/snapshots/runninghub-global.json,5d477b1e0d73,runninghub,,global,kling-lip-sync/lip-sync-video,,,runninghub-kling-lip-sync-lip-sync-video,,1,kling-lip-sync-lip-sync-video,lip_sync,video_generation,"video,min=1,async",,official_schema,ready,True,provider_local,,not_implemented,runninghub,audioId|faceId|originalAudioVolume|sessionId|soundEndTime|soundInsertTime|soundStartTime|soundVolume,stored_snapshot:runninghub-{region}.json + runninghub-official-public.json,
discovery,region_snapshot:global,data/model_capabilities/snapshots/runninghub-global.json,5d477b1e0d73,runninghub,,global,kling-v2-ai-avatar-pro/image-audio-to-video,,,runninghub-kling-v2-ai-avatar-pro-image-audio-to-video,,1,kling-v2-ai-avatar-pro-image-audio-to-video,avatar_video,video_generation,"video,min=1,async",,official_schema,ready,True,provider_local,,not_implemented,runninghub,,stored_snapshot:runninghub-{region}.json + runninghub-official-public.json,NO_PARAMETER_FIELDS
discovery,region_snapshot:global,data/model_capabilities/snapshots/runninghub-global.json,5d477b1e0d73,runninghub,,global,kling-v2-ai-avatar-standard/image-audio-to-video,,,runninghub-kling-v2-ai-avatar-standard-image-audio-to-video,,1,kling-v2-ai-avatar-standard-image-audio-to-video,avatar_video,video_generation,"video,min=1,async",,official_schema,ready,True,provider_local,,not_implemented,runninghub,,stored_snapshot:runninghub-{region}.json + runninghub-official-public.json,NO_PARAMETER_FIELDS
discovery,region_snapshot:global,data/model_capabilities/snapshots/runninghub-global.json,5d477b1e0d73,runninghub,,global,kling-v2.5-turbo-pro/image-to-video,,,runninghub-kling-2.5,,1,kling-v2.5-turbo-pro-image-to-video,image_to_video,video_generation,"video,min=1,async",,official_schema,ready,True,provider_local,,not_implemented,runninghub,duration|guidanceScale|negativePrompt,stored_snapshot:runninghub-{region}.json + runninghub-official-public.json,
discovery,region_snapshot:global,data/model_capabilities/snapshots/runninghub-global.json,5d477b1e0d73,runninghub,,global,kling-v2.5-turbo-pro/text-to-video,,,runninghub-kling-2.5,,1,kling-v2.5-turbo-pro-text-to-video,text_to_video,video_generation,"video,min=1,async",,official_schema,ready,True,provider_local,,not_implemented,runninghub,aspect_ratio|duration|guidanceScale|negativePrompt,stored_snapshot:runninghub-{region}.json + runninghub-official-public.json,
discovery,region_snapshot:global,data/model_capabilities/snapshots/runninghub-global.json,5d477b1e0d73,runninghub,,global,kling-v2.5-turbo-std/image-to-video,,,runninghub-kling-2.5,,1,kling-v2.5-turbo-std-image-to-video,image_to_video,video_generation,"video,min=1,async",,official_schema,ready,True,provider_local,,not_implemented,runninghub,duration|guidanceScale|negativePrompt,stored_snapshot:runninghub-{region}.json + runninghub-official-public.json,
discovery,region_snapshot:global,data/model_capabilities/snapshots/runninghub-global.json,5d477b1e0d73,runninghub,,global,kling-v2.5-turbo-std/text-to-video,,,runninghub-kling-2.5,,1,kling-v2.5-turbo-std-text-to-video,text_to_video,video_generation,"video,min=1,async",,official_schema,ready,True,provider_local,,not_implemented,runninghub,aspect_ratio|duration|guidanceScale|negativePrompt,stored_snapshot:runninghub-{region}.json + runninghub-official-public.json,
discovery,region_snapshot:global,data/model_capabilities/snapshots/runninghub-global.json,5d477b1e0d73,runninghub,,global,kling-v2.6-pro-image-to-video,,,runninghub-kling-2.6,,1,kling-v2.6-pro-image-to-video,image_to_video,video_generation,"video,min=1,async",,official_schema,ready,True,provider_local,,not_implemented,runninghub,duration|negativePrompt|sound,stored_snapshot:runninghub-{region}.json + runninghub-official-public.json,
discovery,region_snapshot:global,data/model_capabilities/snapshots/runninghub-global.json,5d477b1e0d73,runninghub,,global,kling-v2.6-pro-motion-control,,,runninghub-kling-2.6,,1,kling-v2.6-pro-motion-control,motion_control,video_generation,"video,min=1,async",,official_schema,ready,True,provider_local,,not_implemented,runninghub,characterOrientation|keepOriginalSound,stored_snapshot:runninghub-{region}.json + runninghub-official-public.json,
discovery,region_snapshot:global,data/model_capabilities/snapshots/runninghub-global.json,5d477b1e0d73,runninghub,,global,kling-v2.6-pro-text-to-video,,,runninghub-kling-2.6,,1,kling-v2.6-pro-text-to-video,text_to_video,video_generation,"video,min=1,async",,official_schema,ready,True,provider_local,,not_implemented,runninghub,aspect_ratio|duration|negativePrompt|sound,stored_snapshot:runninghub-{region}.json + runninghub-official-public.json,
discovery,region_snapshot:global,data/model_capabilities/snapshots/runninghub-global.json,5d477b1e0d73,runninghub,,global,kling-v2.6-std-image-to-video,,,runninghub-kling-2.6,,1,kling-v2.6-std-image-to-video,image_to_video,video_generation,"video,min=1,async",,official_schema,ready,True,provider_local,,not_implemented,runninghub,duration|negativePrompt,stored_snapshot:runninghub-{region}.json + runninghub-official-public.json,
discovery,region_snapshot:global,data/model_capabilities/snapshots/runninghub-global.json,5d477b1e0d73,runninghub,,global,kling-v2.6-std-motion-control,,,runninghub-kling-2.6,,1,kling-v2.6-std-motion-control,motion_control,video_generation,"video,min=1,async",,official_schema,ready,True,provider_local,,not_implemented,runninghub,characterOrientation|keepOriginalSound,stored_snapshot:runninghub-{region}.json + runninghub-official-public.json,
discovery,region_snapshot:global,data/model_capabilities/snapshots/runninghub-global.json,5d477b1e0d73,runninghub,,global,kling-v2.6-std-text-to-video,,,runninghub-kling-2.6,,1,kling-v2.6-std-text-to-video,text_to_video,video_generation,"video,min=1,async",,official_schema,ready,True,provider_local,,not_implemented,runninghub,aspect_ratio|duration|negativePrompt,stored_snapshot:runninghub-{region}.json + runninghub-official-public.json,
discovery,region_snapshot:global,data/model_capabilities/snapshots/runninghub-global.json,5d477b1e0d73,runninghub,,global,kling-v3.0-4k-image-to-video,,,runninghub-kling-3.0,,1,kling-v3.0-4k-image-to-video,image_to_video,video_generation,"video,min=1,async",,official_schema,ready,True,provider_local,,not_implemented,runninghub,cfgScale|duration|multiShot|negativePrompt|shotType|sound,stored_snapshot:runninghub-{region}.json + runninghub-official-public.json,
discovery,region_snapshot:global,data/model_capabilities/snapshots/runninghub-global.json,5d477b1e0d73,runninghub,,global,kling-v3-4k-text-to-video,,,runninghub-kling-3.0,,1,kling-v3-4k-text-to-video,text_to_video,video_generation,"video,min=1,async",,official_schema,ready,True,provider_local,,not_implemented,runninghub,aspect_ratio|cfgScale|duration|multiShot|negativePrompt|shotType|sound,stored_snapshot:runninghub-{region}.json + runninghub-official-public.json,
discovery,region_snapshot:global,data/model_capabilities/snapshots/runninghub-global.json,5d477b1e0d73,runninghub,,global,kling-v3-turbo-pro-image-to-video,,,runninghub-kling-3.0,,1,kling-v3-turbo-pro-image-to-video,image_to_video,video_generation,"video,min=1,async",,official_schema,ready,True,provider_local,,not_implemented,runninghub,duration,stored_snapshot:runninghub-{region}.json + runninghub-official-public.json,
discovery,region_snapshot:global,data/model_capabilities/snapshots/runninghub-global.json,5d477b1e0d73,runninghub,,global,kling-v3-turbo-pro-text-to-video,,,runninghub-kling-3.0,,1,kling-v3-turbo-pro-text-to-video,text_to_video,video_generation,"video,min=1,async",,official_schema,ready,True,provider_local,,not_implemented,runninghub,aspect_ratio|duration,stored_snapshot:runninghub-{region}.json + runninghub-official-public.json,
discovery,region_snapshot:global,data/model_capabilities/snapshots/runninghub-global.json,5d477b1e0d73,runninghub,,global,kling-v3-turbo-std-image-to-video,,,runninghub-kling-3.0,,1,kling-v3-turbo-std-image-to-video,image_to_video,video_generation,"video,min=1,async",,official_schema,ready,True,provider_local,,not_implemented,runninghub,duration,stored_snapshot:runninghub-{region}.json + runninghub-official-public.json,
discovery,region_snapshot:global,data/model_capabilities/snapshots/runninghub-global.json,5d477b1e0d73,runninghub,,global,kling-v3-turbo-std-text-to-video,,,runninghub-kling-3.0,,1,kling-v3-turbo-std-text-to-video,text_to_video,video_generation,"video,min=1,async",,official_schema,ready,True,provider_local,,not_implemented,runninghub,aspect_ratio|duration,stored_snapshot:runninghub-{region}.json + runninghub-official-public.json,
discovery,region_snapshot:global,data/model_capabilities/snapshots/runninghub-global.json,5d477b1e0d73,runninghub,,global,kling-v3.0-4k-motion-control,,,runninghub-kling-3.0,,1,kling-v3.0-4k-motion-control,motion_control,video_generation,"video,min=1,async",,official_schema,needs_profile,False,provider_local,,not_implemented,runninghub,,stored_snapshot:runninghub-{region}.json + runninghub-official-public.json,PROFILE_UNCONFIRMED|NO_PARAMETER_FIELDS
discovery,region_snapshot:global,data/model_capabilities/snapshots/runninghub-global.json,5d477b1e0d73,runninghub,,global,kling-v3.0-pro-image-to-video,,,runninghub-kling-3.0,,1,kling-v3.0-pro-image-to-video,image_to_video,video_generation,"video,min=1,async",,official_schema,ready,True,provider_local,,not_implemented,runninghub,cfgScale|duration|multiShot|negativePrompt|shotType|sound,stored_snapshot:runninghub-{region}.json + runninghub-official-public.json,
discovery,region_snapshot:global,data/model_capabilities/snapshots/runninghub-global.json,5d477b1e0d73,runninghub,,global,kling-v3.0-pro-motion-control,,,runninghub-kling-3.0,,1,kling-v3.0-pro-motion-control,motion_control,video_generation,"video,min=1,async",,official_schema,ready,True,provider_local,,not_implemented,runninghub,characterOrientation|keepOriginalSound|negativePrompt,stored_snapshot:runninghub-{region}.json + runninghub-official-public.json,
discovery,region_snapshot:global,data/model_capabilities/snapshots/runninghub-global.json,5d477b1e0d73,runninghub,,global,kling-v3.0-pro-text-to-video,,,runninghub-kling-3.0,,1,kling-v3.0-pro-text-to-video,text_to_video,video_generation,"video,min=1,async",,official_schema,ready,True,provider_local,,not_implemented,runninghub,aspect_ratio|cfgScale|duration|multiShot|negativePrompt|shotType|sound,stored_snapshot:runninghub-{region}.json + runninghub-official-public.json,
discovery,region_snapshot:global,data/model_capabilities/snapshots/runninghub-global.json,5d477b1e0d73,runninghub,,global,kling-v3.0-std-image-to-video,,,runninghub-kling-3.0,,1,kling-v3.0-std-image-to-video,image_to_video,video_generation,"video,min=1,async",,official_schema,ready,True,provider_local,,not_implemented,runninghub,cfgScale|duration|multiShot|negativePrompt|shotType|sound,stored_snapshot:runninghub-{region}.json + runninghub-official-public.json,
discovery,region_snapshot:global,data/model_capabilities/snapshots/runninghub-global.json,5d477b1e0d73,runninghub,,global,kling-v3.0-std-motion-control,,,runninghub-kling-3.0,,1,kling-v3.0-std-motion-control,motion_control,video_generation,"video,min=1,async",,official_schema,ready,True,provider_local,,not_implemented,runninghub,characterOrientation|keepOriginalSound|negativePrompt,stored_snapshot:runninghub-{region}.json + runninghub-official-public.json,
discovery,region_snapshot:global,data/model_capabilities/snapshots/runninghub-global.json,5d477b1e0d73,runninghub,,global,kling-v3.0-std-text-to-video,,,runninghub-kling-3.0,,1,kling-v3.0-std-text-to-video,text_to_video,video_generation,"video,min=1,async",,official_schema,ready,True,provider_local,,not_implemented,runninghub,aspect_ratio|cfgScale|duration|multiShot|negativePrompt|shotType|sound,stored_snapshot:runninghub-{region}.json + runninghub-official-public.json,
discovery,region_snapshot:global,data/model_capabilities/snapshots/runninghub-global.json,5d477b1e0d73,runninghub,,global,kling-video-o1-std/edit-video,,,runninghub-kling-o1,,1,kling-video-o1-std-edit-video,video_to_video,video_generation,"video,min=1,async",,official_schema,ready,True,provider_local,,not_implemented,runninghub,keepOriginalSound|mode,stored_snapshot:runninghub-{region}.json + runninghub-official-public.json,
discovery,region_snapshot:global,data/model_capabilities/snapshots/runninghub-global.json,5d477b1e0d73,runninghub,,global,kling-video-o1-std/refrence-to-video,,,runninghub-kling-o1,,1,kling-video-o1-std-refrence-to-video,multimodal_to_video,video_generation,"video,min=1,async",,official_schema,ready,True,provider_local,,not_implemented,runninghub,aspect_ratio|duration|keepOriginalSound|mode,stored_snapshot:runninghub-{region}.json + runninghub-official-public.json,
discovery,region_snapshot:global,data/model_capabilities/snapshots/runninghub-global.json,5d477b1e0d73,runninghub,,global,kling-video-o1/image-to-video,,,runninghub-kling-o1,,1,kling-video-o1-image-to-video,image_to_video,video_generation,"video,min=1,async",,official_schema,ready,True,provider_local,,not_implemented,runninghub,aspect_ratio|duration|mode,stored_snapshot:runninghub-{region}.json + runninghub-official-public.json,
discovery,region_snapshot:global,data/model_capabilities/snapshots/runninghub-global.json,5d477b1e0d73,runninghub,,global,kling-video-o1/start-to-end,,,runninghub-kling-o1,,1,kling-video-o1-start-to-end,image_to_video,video_generation,"video,min=1,async",,official_schema,ready,True,provider_local,,not_implemented,runninghub,aspect_ratio|duration|mode,stored_snapshot:runninghub-{region}.json + runninghub-official-public.json,
discovery,region_snapshot:global,data/model_capabilities/snapshots/runninghub-global.json,5d477b1e0d73,runninghub,,global,kling-video-o1/text-to-video,,,runninghub-kling-o1,,1,kling-video-o1-text-to-video,text_to_video,video_generation,"video,min=1,async",,official_schema,ready,True,provider_local,,not_implemented,runninghub,aspect_ratio|duration|mode,stored_snapshot:runninghub-{region}.json + runninghub-official-public.json,
discovery,region_snapshot:global,data/model_capabilities/snapshots/runninghub-global.json,5d477b1e0d73,runninghub,,global,kling-video-o3-4k-image-to-video,,,runninghub-kling-o3,,1,kling-video-o3-4k-image-to-video,image_to_video,video_generation,"video,min=1,async",,official_schema,ready,True,provider_local,,not_implemented,runninghub,duration|multiShot|shotType|sound,stored_snapshot:runninghub-{region}.json + runninghub-official-public.json,
discovery,region_snapshot:global,data/model_capabilities/snapshots/runninghub-global.json,5d477b1e0d73,runninghub,,global,kling-video-o3-4k-reference-to-video,,,runninghub-kling-o3,,1,kling-video-o3-4k-reference-to-video,image_to_video,video_generation,"video,min=1,async",,official_schema,ready,True,provider_local,,not_implemented,runninghub,aspect_ratio|duration|keepOriginalSound|multiShot|shotType|sound,stored_snapshot:runninghub-{region}.json + runninghub-official-public.json,
discovery,region_snapshot:global,data/model_capabilities/snapshots/runninghub-global.json,5d477b1e0d73,runninghub,,global,kling-video-o3-4k-text-to-video,,,runninghub-kling-o3,,1,kling-video-o3-4k-text-to-video,text_to_video,video_generation,"video,min=1,async",,official_schema,ready,True,provider_local,,not_implemented,runninghub,aspect_ratio|duration|multiShot|shotType|sound,stored_snapshot:runninghub-{region}.json + runninghub-official-public.json,
discovery,region_snapshot:global,data/model_capabilities/snapshots/runninghub-global.json,5d477b1e0d73,runninghub,,global,kling-video-o3-pro-image-to-video,,,runninghub-kling-o3,,1,kling-video-o3-pro-image-to-video,image_to_video,video_generation,"video,min=1,async",,official_schema,ready,True,provider_local,,not_implemented,runninghub,duration|multiShot|shotType|sound,stored_snapshot:runninghub-{region}.json + runninghub-official-public.json,
discovery,region_snapshot:global,data/model_capabilities/snapshots/runninghub-global.json,5d477b1e0d73,runninghub,,global,kling-video-o3-pro/reference-to-video,,,runninghub-kling-o3,,1,kling-video-o3-pro-reference-to-video,multimodal_to_video,video_generation,"video,min=1,async",,official_schema,ready,True,provider_local,,not_implemented,runninghub,aspect_ratio|duration|keepOriginalSound|multiShot|shotType|sound,stored_snapshot:runninghub-{region}.json + runninghub-official-public.json,
discovery,region_snapshot:global,data/model_capabilities/snapshots/runninghub-global.json,5d477b1e0d73,runninghub,,global,kling-video-o3-pro-text-to-video,,,runninghub-kling-o3,,1,kling-video-o3-pro-text-to-video,text_to_video,video_generation,"video,min=1,async",,official_schema,ready,True,provider_local,,not_implemented,runninghub,aspect_ratio|duration|multiShot|shotType|sound,stored_snapshot:runninghub-{region}.json + runninghub-official-public.json,
discovery,region_snapshot:global,data/model_capabilities/snapshots/runninghub-global.json,5d477b1e0d73,runninghub,,global,kling-video-o3-pro/video-edit,,,runninghub-kling-o3,,1,kling-video-o3-pro-video-edit,video_to_video,video_generation,"video,min=1,async",,official_schema,ready,True,provider_local,,not_implemented,runninghub,keepOriginalSound,stored_snapshot:runninghub-{region}.json + runninghub-official-public.json,
discovery,region_snapshot:global,data/model_capabilities/snapshots/runninghub-global.json,5d477b1e0d73,runninghub,,global,kling-video-o3-std-image-to-video,,,runninghub-kling-o3,,1,kling-video-o3-std-image-to-video,image_to_video,video_generation,"video,min=1,async",,official_schema,ready,True,provider_local,,not_implemented,runninghub,duration|multiShot|shotType|sound,stored_snapshot:runninghub-{region}.json + runninghub-official-public.json,
discovery,region_snapshot:global,data/model_capabilities/snapshots/runninghub-global.json,5d477b1e0d73,runninghub,,global,kling-video-o3-std/reference-to-video,,,runninghub-kling-o3,,1,kling-video-o3-std-reference-to-video,multimodal_to_video,video_generation,"video,min=1,async",,official_schema,ready,True,provider_local,,not_implemented,runninghub,aspect_ratio|duration|keepOriginalSound|multiShot|shotType|sound,stored_snapshot:runninghub-{region}.json + runninghub-official-public.json,
discovery,region_snapshot:global,data/model_capabilities/snapshots/runninghub-global.json,5d477b1e0d73,runninghub,,global,kling-video-o3-std-text-to-video,,,runninghub-kling-o3,,1,kling-video-o3-std-text-to-video,text_to_video,video_generation,"video,min=1,async",,official_schema,ready,True,provider_local,,not_implemented,runninghub,aspect_ratio|duration|multiShot|shotType|sound,stored_snapshot:runninghub-{region}.json + runninghub-official-public.json,
discovery,region_snapshot:global,data/model_capabilities/snapshots/runninghub-global.json,5d477b1e0d73,runninghub,,global,kling-video-o3-std/video-edit,,,runninghub-kling-o3,,1,kling-video-o3-std-video-edit,video_to_video,video_generation,"video,min=1,async",,official_schema,ready,True,provider_local,,not_implemented,runninghub,keepOriginalSound,stored_snapshot:runninghub-{region}.json + runninghub-official-public.json,
discovery,region_snapshot:global,data/model_capabilities/snapshots/runninghub-global.json,5d477b1e0d73,runninghub,,global,marble-1.0/video-to-world,,,runninghub-marble-1.0-video-to-world,,1,marble-1.0-video-to-world,text_to_video,video_generation,"video,min=1,async",,official_schema,ready,True,provider_local,,not_implemented,runninghub,disableRecaption|displayName|permissionAllowIdAccess|permissionAllowedReaders|permissionAllowedWriters|permissionPublic|seed|tags|textPrompt|videoUrl,stored_snapshot:runninghub-{region}.json + runninghub-official-public.json,
discovery,region_snapshot:global,data/model_capabilities/snapshots/runninghub-global.json,5d477b1e0d73,runninghub,,global,marble-1.1-plus/video-to-world,,,runninghub-marble-1.1-plus-video-to-world,,1,marble-1.1-plus-video-to-world,text_to_video,video_generation,"video,min=1,async",,official_schema,ready,True,provider_local,,not_implemented,runninghub,disableRecaption|displayName|permissionAllowIdAccess|permissionAllowedReaders|permissionAllowedWriters|permissionPublic|seed|tags|textPrompt|videoUrl,stored_snapshot:runninghub-{region}.json + runninghub-official-public.json,
discovery,region_snapshot:global,data/model_capabilities/snapshots/runninghub-global.json,5d477b1e0d73,runninghub,,global,marble-1.1/video-to-world,,,runninghub-marble-1.1-video-to-world,,1,marble-1.1-video-to-world,text_to_video,video_generation,"video,min=1,async",,official_schema,ready,True,provider_local,,not_implemented,runninghub,disableRecaption|displayName|permissionAllowIdAccess|permissionAllowedReaders|permissionAllowedWriters|permissionPublic|seed|tags|textPrompt|videoUrl,stored_snapshot:runninghub-{region}.json + runninghub-official-public.json,
discovery,region_snapshot:global,data/model_capabilities/snapshots/runninghub-global.json,5d477b1e0d73,runninghub,,global,hailuo-02-fast,,,runninghub-hailuo-02,,1,hailuo-02-fast,image_to_video,video_generation,"video,min=1,async",,official_schema,ready,True,provider_local,,not_implemented,runninghub,duration|enablePromptExpansion,stored_snapshot:runninghub-{region}.json + runninghub-official-public.json,
discovery,region_snapshot:global,data/model_capabilities/snapshots/runninghub-global.json,5d477b1e0d73,runninghub,,global,hailuo-02-i2v-pro,,,runninghub-hailuo-02,,1,hailuo-02-i2v-pro,image_to_video,video_generation,"video,min=1,async",,official_schema,ready,True,provider_local,,not_implemented,runninghub,enablePromptExpansion,stored_snapshot:runninghub-{region}.json + runninghub-official-public.json,
discovery,region_snapshot:global,data/model_capabilities/snapshots/runninghub-global.json,5d477b1e0d73,runninghub,,global,hailuo-02-i2v-standard,,,runninghub-hailuo-02,,1,hailuo-02-i2v-standard,image_to_video,video_generation,"video,min=1,async",,official_schema,ready,True,provider_local,,not_implemented,runninghub,duration|enablePromptExpansion,stored_snapshot:runninghub-{region}.json + runninghub-official-public.json,
discovery,region_snapshot:global,data/model_capabilities/snapshots/runninghub-global.json,5d477b1e0d73,runninghub,,global,hailuo-02-pro,,,runninghub-hailuo-02,,1,hailuo-02-pro,image_to_video,video_generation,"video,min=1,async",,official_schema,ready,True,provider_local,,not_implemented,runninghub,duration|enablePromptExpansion,stored_snapshot:runninghub-{region}.json + runninghub-official-public.json,
discovery,region_snapshot:global,data/model_capabilities/snapshots/runninghub-global.json,5d477b1e0d73,runninghub,,global,hailuo-02-standard,,,runninghub-hailuo-02,,1,hailuo-02-standard,image_to_video,video_generation,"video,min=1,async",,official_schema,ready,True,provider_local,,not_implemented,runninghub,duration|enablePromptExpansion,stored_snapshot:runninghub-{region}.json + runninghub-official-public.json,
discovery,region_snapshot:global,data/model_capabilities/snapshots/runninghub-global.json,5d477b1e0d73,runninghub,,global,hailuo-02-t2v-pro,,,runninghub-hailuo-02,,1,hailuo-02-t2v-pro,text_to_video,video_generation,"video,min=1,async",,official_schema,ready,True,provider_local,,not_implemented,runninghub,enablePromptExpansion,stored_snapshot:runninghub-{region}.json + runninghub-official-public.json,
discovery,region_snapshot:global,data/model_capabilities/snapshots/runninghub-global.json,5d477b1e0d73,runninghub,,global,hailuo-02-t2v-standard,,,runninghub-hailuo-02,,1,hailuo-02-t2v-standard,text_to_video,video_generation,"video,min=1,async",,official_schema,ready,True,provider_local,,not_implemented,runninghub,duration|enablePromptExpansion,stored_snapshot:runninghub-{region}.json + runninghub-official-public.json,
discovery,region_snapshot:global,data/model_capabilities/snapshots/runninghub-global.json,5d477b1e0d73,runninghub,,global,hailuo-2.3-fast-pro/image-to-video,,,runninghub-hailuo-2.3,,1,hailuo-2.3-fast-pro-image-to-video,image_to_video,video_generation,"video,min=1,async",,official_schema,ready,True,provider_local,,not_implemented,runninghub,duration|enablePromptExpansion,stored_snapshot:runninghub-{region}.json + runninghub-official-public.json,
discovery,region_snapshot:global,data/model_capabilities/snapshots/runninghub-global.json,5d477b1e0d73,runninghub,,global,hailuo-2.3-fast/image-to-video,,,runninghub-hailuo-2.3,,1,hailuo-2.3-fast-image-to-video,image_to_video,video_generation,"video,min=1,async",,official_schema,ready,True,provider_local,,not_implemented,runninghub,duration|enablePromptExpansion,stored_snapshot:runninghub-{region}.json + runninghub-official-public.json,
discovery,region_snapshot:global,data/model_capabilities/snapshots/runninghub-global.json,5d477b1e0d73,runninghub,,global,hailuo-2.3/i2v-standard,,,runninghub-hailuo-2.3,,1,hailuo-2.3-i2v-standard,image_to_video,video_generation,"video,min=1,async",,official_schema,ready,True,provider_local,,not_implemented,runninghub,duration|enablePromptExpansion,stored_snapshot:runninghub-{region}.json + runninghub-official-public.json,
discovery,region_snapshot:global,data/model_capabilities/snapshots/runninghub-global.json,5d477b1e0d73,runninghub,,global,hailuo-2.3/i2v-pro,,,runninghub-hailuo-2.3,,1,hailuo-2.3-i2v-pro,image_to_video,video_generation,"video,min=1,async",,official_schema,ready,True,provider_local,,not_implemented,runninghub,enablePromptExpansion,stored_snapshot:runninghub-{region}.json + runninghub-official-public.json,
discovery,region_snapshot:global,data/model_capabilities/snapshots/runninghub-global.json,5d477b1e0d73,runninghub,,global,hailuo-2.3-t2v-pro,,,runninghub-hailuo-2.3,,1,hailuo-2.3-t2v-pro,text_to_video,video_generation,"video,min=1,async",,official_schema,ready,True,provider_local,,not_implemented,runninghub,enablePromptExpansion,stored_snapshot:runninghub-{region}.json + runninghub-official-public.json,
discovery,region_snapshot:global,data/model_capabilities/snapshots/runninghub-global.json,5d477b1e0d73,runninghub,,global,hailuo-2.3-t2v-standard,,,runninghub-hailuo-2.3,,1,hailuo-2.3-t2v-standard,text_to_video,video_generation,"video,min=1,async",,official_schema,ready,True,provider_local,,not_implemented,runninghub,duration|enablePromptExpansion,stored_snapshot:runninghub-{region}.json + runninghub-official-public.json,
discovery,region_snapshot:global,data/model_capabilities/snapshots/runninghub-global.json,5d477b1e0d73,runninghub,,global,pixverse-c1/image-to-video,,,runninghub-pixverse-c1,,1,pixverse-c1-image-to-video,image_to_video,video_generation,"video,min=1,async",,official_schema,ready,True,provider_local,,not_implemented,runninghub,duration|generateAudioSwitch|resolution,stored_snapshot:runninghub-{region}.json + runninghub-official-public.json,
discovery,region_snapshot:global,data/model_capabilities/snapshots/runninghub-global.json,5d477b1e0d73,runninghub,,global,pixverse-c1/reference-to-video,,,runninghub-pixverse-c1,,1,pixverse-c1-reference-to-video,text_to_video,video_generation,"video,min=1,async",,official_schema,ready,True,provider_local,,not_implemented,runninghub,aspect_ratio|duration|generateAudioSwitch|resolution|seed,stored_snapshot:runninghub-{region}.json + runninghub-official-public.json,
discovery,region_snapshot:global,data/model_capabilities/snapshots/runninghub-global.json,5d477b1e0d73,runninghub,,global,pixverse-c1/text-to-video,,,runninghub-pixverse-c1,,1,pixverse-c1-text-to-video,text_to_video,video_generation,"video,min=1,async",,official_schema,ready,True,provider_local,,not_implemented,runninghub,aspect_ratio|duration|generateAudioSwitch|resolution,stored_snapshot:runninghub-{region}.json + runninghub-official-public.json,
discovery,region_snapshot:global,data/model_capabilities/snapshots/runninghub-global.json,5d477b1e0d73,runninghub,,global,pixverse-c1/transition,,,runninghub-pixverse-c1,,1,pixverse-c1-transition,video_transition,video_generation,"video,min=1,async",,official_schema,ready,True,provider_local,,not_implemented,runninghub,aspect_ratio|duration|generateAudioSwitch|resolution,stored_snapshot:runninghub-{region}.json + runninghub-official-public.json,
discovery,region_snapshot:global,data/model_capabilities/snapshots/runninghub-global.json,5d477b1e0d73,runninghub,,global,pixverse-v5.5-effects,,,runninghub-pixverse-v5.5,,1,pixverse-v5.5-effects,video_effects,video_generation,"video,min=1,async",,official_schema,ready,True,provider_local,,not_implemented,runninghub,duration|effect|negativePrompt|resolution|thinkingType,stored_snapshot:runninghub-{region}.json + runninghub-official-public.json,
discovery,region_snapshot:global,data/model_capabilities/snapshots/runninghub-global.json,5d477b1e0d73,runninghub,,global,pixverse-v5.5-transition,,,runninghub-pixverse-v5.5,,1,pixverse-v5.5-transition,video_transition,video_generation,"video,min=1,async",,official_schema,ready,True,provider_local,,not_implemented,runninghub,aspect_ratio|duration|negativePrompt|resolution|thinkingType,stored_snapshot:runninghub-{region}.json + runninghub-official-public.json,
discovery,region_snapshot:global,data/model_capabilities/snapshots/runninghub-global.json,5d477b1e0d73,runninghub,,global,pixverse-v5.5/image-to-video,,,runninghub-pixverse-v5.5,,1,pixverse-v5.5-image-to-video,image_to_video,video_generation,"video,min=1,async",,official_schema,ready,True,provider_local,,not_implemented,runninghub,duration|generateAudioSwitch|generateMultiClipSwitch|negativePrompt|resolution|thinkingType,stored_snapshot:runninghub-{region}.json + runninghub-official-public.json,
discovery,region_snapshot:global,data/model_capabilities/snapshots/runninghub-global.json,5d477b1e0d73,runninghub,,global,pixverse-v5.5/text-to-video,,,runninghub-pixverse-v5.5,,1,pixverse-v5.5-text-to-video,text_to_video,video_generation,"video,min=1,async",,official_schema,ready,True,provider_local,,not_implemented,runninghub,aspect_ratio|duration|generateAudioSwitch|generateMultiClipSwitch|negativePrompt|resolution|thinkingType,stored_snapshot:runninghub-{region}.json + runninghub-official-public.json,
discovery,region_snapshot:global,data/model_capabilities/snapshots/runninghub-global.json,5d477b1e0d73,runninghub,,global,pixverse-v5.6/image-to-video,,,runninghub-pixverse-v5.6,,1,pixverse-v5.6-image-to-video,image_to_video,video_generation,"video,min=1,async",,official_schema,ready,True,provider_local,,not_implemented,runninghub,duration|generateAudioSwitch|negativePrompt|resolution|thinkingType,stored_snapshot:runninghub-{region}.json + runninghub-official-public.json,
discovery,region_snapshot:global,data/model_capabilities/snapshots/runninghub-global.json,5d477b1e0d73,runninghub,,global,pixverse-v5.6/text-to-video,,,runninghub-pixverse-v5.6,,1,pixverse-v5.6-text-to-video,text_to_video,video_generation,"video,min=1,async",,official_schema,ready,True,provider_local,,not_implemented,runninghub,aspect_ratio|duration|generateAudioSwitch|negativePrompt|resolution|thinkingType,stored_snapshot:runninghub-{region}.json + runninghub-official-public.json,
discovery,region_snapshot:global,data/model_capabilities/snapshots/runninghub-global.json,5d477b1e0d73,runninghub,,global,pixverse-v6/effects,,,runninghub-pixverse-v6,,1,pixverse-v6-effects,video_effects,video_generation,"video,min=1,async",,official_schema,ready,True,provider_local,,not_implemented,runninghub,duration|generateAudioSwitch|motionMode|negativePrompt|quality|seed|templateId|thinkingType,stored_snapshot:runninghub-{region}.json + runninghub-official-public.json,
discovery,region_snapshot:global,data/model_capabilities/snapshots/runninghub-global.json,5d477b1e0d73,runninghub,,global,pixverse-v6/image-to-video,,,runninghub-pixverse-v6,,1,pixverse-v6-image-to-video,image_to_video,video_generation,"video,min=1,async",,official_schema,ready,True,provider_local,,not_implemented,runninghub,duration|generateAudioSwitch|resolution,stored_snapshot:runninghub-{region}.json + runninghub-official-public.json,
discovery,region_snapshot:global,data/model_capabilities/snapshots/runninghub-global.json,5d477b1e0d73,runninghub,,global,pixverse-v6/text-to-video,,,runninghub-pixverse-v6,,1,pixverse-v6-text-to-video,text_to_video,video_generation,"video,min=1,async",,official_schema,ready,True,provider_local,,not_implemented,runninghub,aspect_ratio|duration|generateAudioSwitch|resolution,stored_snapshot:runninghub-{region}.json + runninghub-official-public.json,
discovery,region_snapshot:global,data/model_capabilities/snapshots/runninghub-global.json,5d477b1e0d73,runninghub,,global,pixverse-v6/transition,,,runninghub-pixverse-v6,,1,pixverse-v6-transition,video_transition,video_generation,"video,min=1,async",,official_schema,ready,True,provider_local,,not_implemented,runninghub,aspect_ratio|duration|generateAudioSwitch|generateMultiClipSwitch|negativePrompt|resolution|seed|style|thinkingType,stored_snapshot:runninghub-{region}.json + runninghub-official-public.json,
discovery,region_snapshot:global,data/model_capabilities/snapshots/runninghub-global.json,5d477b1e0d73,runninghub,,global,xai/grok-imagine/edit-video-official-stable,,,runninghub-xai-grok-imagine,,1,xai-grok-imagine-edit-video-official-stable,video_to_video,video_generation,"video,min=1,async",,official_schema,ready,True,provider_local,,not_implemented,runninghub,resolution,stored_snapshot:runninghub-{region}.json + runninghub-official-public.json,
discovery,region_snapshot:global,data/model_capabilities/snapshots/runninghub-global.json,5d477b1e0d73,runninghub,,global,xai/grok-imagine/image-to-video-official-stable,,,runninghub-xai-grok-imagine,,1,xai-grok-imagine-image-to-video-official-stable,image_to_video,video_generation,"video,min=1,async",,official_schema,ready,True,provider_local,,not_implemented,runninghub,duration|resolution,stored_snapshot:runninghub-{region}.json + runninghub-official-public.json,
discovery,region_snapshot:global,data/model_capabilities/snapshots/runninghub-global.json,5d477b1e0d73,runninghub,,global,xai/grok-imagine-video-v1.5/image-to-video-official-stable,,,runninghub-xai-grok-imagine-video-v1.5,,1,xai-grok-imagine-video-v1.5-image-to-video-official-stable,image_to_video,video_generation,"video,min=1,async",,official_schema,ready,True,provider_local,,not_implemented,runninghub,duration|resolution,stored_snapshot:runninghub-{region}.json + runninghub-official-public.json,
discovery,region_snapshot:global,data/model_capabilities/snapshots/runninghub-global.json,5d477b1e0d73,runninghub,,global,xai/grok-imagine-video/reference-to-video-official-stable,,,runninghub-xai-grok-imagine-video,,1,xai-grok-imagine-video-reference-to-video-official-stable,image_to_video,video_generation,"video,min=1,async",,official_schema,ready,True,provider_local,,not_implemented,runninghub,duration|resolution,stored_snapshot:runninghub-{region}.json + runninghub-official-public.json,
discovery,region_snapshot:global,data/model_capabilities/snapshots/runninghub-global.json,5d477b1e0d73,runninghub,,global,xai/grok-imagine/text-to-video-official-stable,,,runninghub-xai-grok-imagine,,1,xai-grok-imagine-text-to-video-official-stable,text_to_video,video_generation,"video,min=1,async",,official_schema,ready,True,provider_local,,not_implemented,runninghub,aspect_ratio|duration|resolution,stored_snapshot:runninghub-{region}.json + runninghub-official-public.json,
discovery,region_snapshot:global,data/model_capabilities/snapshots/runninghub-global.json,5d477b1e0d73,runninghub,,global,xai/grok-imagine-video/video-extend-official-stable,,,runninghub-xai-grok-imagine-video,,1,xai-grok-imagine-video-video-extend-official-stable,video_extend,video_generation,"video,min=1,async",,official_schema,ready,True,provider_local,,not_implemented,runninghub,duration,stored_snapshot:runninghub-{region}.json + runninghub-official-public.json,
discovery,region_snapshot:global,data/model_capabilities/snapshots/runninghub-global.json,5d477b1e0d73,runninghub,,global,xai/grok-imagine/image-to-video-channel-low-price-v1.5,,,runninghub-xai-grok-imagine,,1,xai-grok-imagine-image-to-video-channel-low-price-v1.5,image_to_video,video_generation,"video,min=1,async",,official_schema,ready,True,provider_local,,not_implemented,runninghub,aspect_ratio|duration|resolution,stored_snapshot:runninghub-{region}.json + runninghub-official-public.json,
discovery,region_snapshot:global,data/model_capabilities/snapshots/runninghub-global.json,5d477b1e0d73,runninghub,,global,xai/grok-imagine/text-to-video-channel-low-price-v1.5,,,runninghub-xai-grok-imagine,,1,xai-grok-imagine-text-to-video-channel-low-price-v1.5,text_to_video,video_generation,"video,min=1,async",,official_schema,ready,True,provider_local,,not_implemented,runninghub,aspect_ratio|duration|resolution,stored_snapshot:runninghub-{region}.json + runninghub-official-public.json,
discovery,region_snapshot:global,data/model_capabilities/snapshots/runninghub-global.json,5d477b1e0d73,runninghub,,global,runwayml/gen4-aleph/video-to-video-official-stable,,,runninghub-runwayml-gen4-aleph,,1,runwayml-gen4-aleph-video-to-video-official-stable,video_to_video,video_generation,"video,min=1,async",,official_schema,ready,True,provider_local,,not_implemented,runninghub,aspect_ratio,stored_snapshot:runninghub-{region}.json + runninghub-official-public.json,
discovery,region_snapshot:global,data/model_capabilities/snapshots/runninghub-global.json,5d477b1e0d73,runninghub,,global,runwayml/gen4-turbo/image-to-video-official-stable,,,runninghub-runwayml-gen4-turbo,,1,runwayml-gen4-turbo-image-to-video-official-stable,image_to_video,video_generation,"video,min=1,async",,official_schema,ready,True,provider_local,,not_implemented,runninghub,aspect_ratio|duration,stored_snapshot:runninghub-{region}.json + runninghub-official-public.json,
discovery,region_snapshot:global,data/model_capabilities/snapshots/runninghub-global.json,5d477b1e0d73,runninghub,,global,runwayml/gen4-turbo/image-to-video-channel-low-price,,,runninghub-runwayml-gen4-turbo,,1,runwayml-gen4-turbo-image-to-video-channel-low-price,image_to_video,video_generation,"video,min=1,async",,official_schema,ready,True,provider_local,,not_implemented,runninghub,aspect_ratio|duration,stored_snapshot:runninghub-{region}.json + runninghub-official-public.json,
discovery,region_snapshot:global,data/model_capabilities/snapshots/runninghub-global.json,5d477b1e0d73,runninghub,,global,sora-2/image-to-video-official-stable,,,runninghub-sora-2,,1,sora-2-image-to-video-official-stable,image_to_video,video_generation,"video,min=1,async",,official_schema,ready,True,provider_local,,not_implemented,runninghub,duration,stored_snapshot:runninghub-{region}.json + runninghub-official-public.json,
discovery,region_snapshot:global,data/model_capabilities/snapshots/runninghub-global.json,5d477b1e0d73,runninghub,,global,sora-2/image-to-video-pro-official-stable,,,runninghub-sora-2,,1,sora-2-image-to-video-pro-official-stable,image_to_video,video_generation,"video,min=1,async",,official_schema,ready,True,provider_local,,not_implemented,runninghub,duration|resolution,stored_snapshot:runninghub-{region}.json + runninghub-official-public.json,
discovery,region_snapshot:global,data/model_capabilities/snapshots/runninghub-global.json,5d477b1e0d73,runninghub,,global,sora-2/image-to-video-realistic-official-stable,,,runninghub-sora-2,,1,sora-2-image-to-video-realistic-official-stable,image_to_video,video_generation,"video,min=1,async",,official_schema,ready,True,provider_local,,not_implemented,runninghub,duration,stored_snapshot:runninghub-{region}.json + runninghub-official-public.json,
discovery,region_snapshot:global,data/model_capabilities/snapshots/runninghub-global.json,5d477b1e0d73,runninghub,,global,sora-upload-character-official,,,runninghub-sora-upload-character-official,,1,sora-upload-character-official,multimodal_to_video,video_generation,"video,min=1,async",,official_schema,ready,True,provider_local,,not_implemented,runninghub,name,stored_snapshot:runninghub-{region}.json + runninghub-official-public.json,
discovery,region_snapshot:global,data/model_capabilities/snapshots/runninghub-global.json,5d477b1e0d73,runninghub,,global,sora-2/text-to-video-official-stable,,,runninghub-sora-2,,1,sora-2-text-to-video-official-stable,text_to_video,video_generation,"video,min=1,async",,official_schema,ready,True,provider_local,,not_implemented,runninghub,duration|size,stored_snapshot:runninghub-{region}.json + runninghub-official-public.json,
discovery,region_snapshot:global,data/model_capabilities/snapshots/runninghub-global.json,5d477b1e0d73,runninghub,,global,sora-2/text-to-video-pro-official-stable,,,runninghub-sora-2,,1,sora-2-text-to-video-pro-official-stable,text_to_video,video_generation,"video,min=1,async",,official_schema,ready,True,provider_local,,not_implemented,runninghub,duration|size,stored_snapshot:runninghub-{region}.json + runninghub-official-public.json,
discovery,region_snapshot:global,data/model_capabilities/snapshots/runninghub-global.json,5d477b1e0d73,runninghub,,global,sora-2/image-to-video-channel-low-price,,,runninghub-sora-2,,1,sora-2-image-to-video-channel-low-price,image_to_video,video_generation,"video,min=1,async",,official_schema,ready,True,provider_local,,not_implemented,runninghub,aspect_ratio|duration|storyboard,stored_snapshot:runninghub-{region}.json + runninghub-official-public.json,
discovery,region_snapshot:global,data/model_capabilities/snapshots/runninghub-global.json,5d477b1e0d73,runninghub,,global,sora-2/image-to-video-asyn-channel-low-price,,,runninghub-sora-2,,1,sora-2-image-to-video-asyn-channel-low-price,image_to_video,video_generation,"video,min=1,async",,official_schema,ready,True,provider_local,,not_implemented,runninghub,aspect_ratio|duration,stored_snapshot:runninghub-{region}.json + runninghub-official-public.json,
discovery,region_snapshot:global,data/model_capabilities/snapshots/runninghub-global.json,5d477b1e0d73,runninghub,,global,sora-2/image-to-video-pro-channel-low-price,,,runninghub-sora-2,,1,sora-2-image-to-video-pro-channel-low-price,image_to_video,video_generation,"video,min=1,async",,official_schema,ready,True,provider_local,,not_implemented,runninghub,aspect_ratio|duration|storyboard,stored_snapshot:runninghub-{region}.json + runninghub-official-public.json,
discovery,region_snapshot:global,data/model_capabilities/snapshots/runninghub-global.json,5d477b1e0d73,runninghub,,global,sora-2/text-to-video-channel-low-price,,,runninghub-sora-2,,1,sora-2-text-to-video-channel-low-price,text_to_video,video_generation,"video,min=1,async",,official_schema,ready,True,provider_local,,not_implemented,runninghub,aspect_ratio|duration|storyboard,stored_snapshot:runninghub-{region}.json + runninghub-official-public.json,
discovery,region_snapshot:global,data/model_capabilities/snapshots/runninghub-global.json,5d477b1e0d73,runninghub,,global,sora-2/text-to-video-pro-channel-low-price,,,runninghub-sora-2,,1,sora-2-text-to-video-pro-channel-low-price,text_to_video,video_generation,"video,min=1,async",,official_schema,ready,True,provider_local,,not_implemented,runninghub,aspect_ratio|duration|storyboard,stored_snapshot:runninghub-{region}.json + runninghub-official-public.json,
discovery,region_snapshot:global,data/model_capabilities/snapshots/runninghub-global.json,5d477b1e0d73,runninghub,,global,google/veo3.1-fast/image-to-video-official-stable,,,runninghub-google-veo3.1,,1,google-veo3.1-fast-image-to-video-official-stable,image_to_video,video_generation,"video,min=1,async",,official_schema,ready,True,provider_local,,not_implemented,runninghub,aspect_ratio|duration|generate_audio|negativePrompt|resolution|seed,stored_snapshot:runninghub-{region}.json + runninghub-official-public.json,
discovery,region_snapshot:global,data/model_capabilities/snapshots/runninghub-global.json,5d477b1e0d73,runninghub,,global,google/veo3.1-fast/reference-to-video-official-stable,,,runninghub-google-veo3.1,,1,google-veo3.1-fast-reference-to-video-official-stable,image_to_video,video_generation,"video,min=1,async",,official_schema,ready,True,provider_local,,not_implemented,runninghub,aspect_ratio|generate_audio|negativePrompt|resolution|seed,stored_snapshot:runninghub-{region}.json + runninghub-official-public.json,
discovery,region_snapshot:global,data/model_capabilities/snapshots/runninghub-global.json,5d477b1e0d73,runninghub,,global,google/veo3.1-fast/text-to-video-official-stable,,,runninghub-google-veo3.1,,1,google-veo3.1-fast-text-to-video-official-stable,text_to_video,video_generation,"video,min=1,async",,official_schema,ready,True,provider_local,,not_implemented,runninghub,aspect_ratio|duration|generate_audio|negativePrompt|resolution|seed,stored_snapshot:runninghub-{region}.json + runninghub-official-public.json,
discovery,region_snapshot:global,data/model_capabilities/snapshots/runninghub-global.json,5d477b1e0d73,runninghub,,global,google/veo3.1-fast/video-extend-official-stable,,,runninghub-google-veo3.1,,1,google-veo3.1-fast-video-extend-official-stable,video_extend,video_generation,"video,min=1,async",,official_schema,ready,True,provider_local,,not_implemented,runninghub,negativePrompt|resolution|seed,stored_snapshot:runninghub-{region}.json + runninghub-official-public.json,
discovery,region_snapshot:global,data/model_capabilities/snapshots/runninghub-global.json,5d477b1e0d73,runninghub,,global,google/veo3.1-fast/image-to-video-channel-low-price,,,runninghub-google-veo3.1,,1,google-veo3.1-fast-image-to-video-channel-low-price,image_to_video,video_generation,"video,min=1,async",,official_schema,ready,True,provider_local,,not_implemented,runninghub,aspect_ratio|duration|resolution,stored_snapshot:runninghub-{region}.json + runninghub-official-public.json,
discovery,region_snapshot:global,data/model_capabilities/snapshots/runninghub-global.json,5d477b1e0d73,runninghub,,global,google/veo3.1-fast/start-end-to-video-channel-low-price,,,runninghub-google-veo3.1,,1,google-veo3.1-fast-start-end-to-video-channel-low-price,image_to_video,video_generation,"video,min=1,async",,official_schema,ready,True,provider_local,,not_implemented,runninghub,aspect_ratio|duration|resolution,stored_snapshot:runninghub-{region}.json + runninghub-official-public.json,
discovery,region_snapshot:global,data/model_capabilities/snapshots/runninghub-global.json,5d477b1e0d73,runninghub,,global,google/veo3.1-fast/text-to-video-channel-low-price,,,runninghub-google-veo3.1,,1,google-veo3.1-fast-text-to-video-channel-low-price,text_to_video,video_generation,"video,min=1,async",,official_schema,ready,True,provider_local,,not_implemented,runninghub,aspect_ratio|duration|resolution,stored_snapshot:runninghub-{region}.json + runninghub-official-public.json,
discovery,region_snapshot:global,data/model_capabilities/snapshots/runninghub-global.json,5d477b1e0d73,runninghub,,global,google/veo3.1-lite/image-to-video-official-stable,,,runninghub-google-veo3.1,,1,google-veo3.1-lite-image-to-video-official-stable,image_to_video,video_generation,"video,min=1,async",,official_schema,ready,True,provider_local,,not_implemented,runninghub,aspect_ratio|duration|negativePrompt|resolution|seed,stored_snapshot:runninghub-{region}.json + runninghub-official-public.json,
discovery,region_snapshot:global,data/model_capabilities/snapshots/runninghub-global.json,5d477b1e0d73,runninghub,,global,google/veo3.1-lite/start-end-to-video-official-stable,,,runninghub-google-veo3.1,,1,google-veo3.1-lite-start-end-to-video-official-stable,image_to_video,video_generation,"video,min=1,async",,official_schema,ready,True,provider_local,,not_implemented,runninghub,aspect_ratio|negativePrompt|resolution|seed,stored_snapshot:runninghub-{region}.json + runninghub-official-public.json,
discovery,region_snapshot:global,data/model_capabilities/snapshots/runninghub-global.json,5d477b1e0d73,runninghub,,global,google/veo3.1-lite/text-to-video-official-stable,,,runninghub-google-veo3.1,,1,google-veo3.1-lite-text-to-video-official-stable,text_to_video,video_generation,"video,min=1,async",,official_schema,ready,True,provider_local,,not_implemented,runninghub,aspect_ratio|duration|negativePrompt|resolution|seed,stored_snapshot:runninghub-{region}.json + runninghub-official-public.json,
discovery,region_snapshot:global,data/model_capabilities/snapshots/runninghub-global.json,5d477b1e0d73,runninghub,,global,google/veo3.1-lite/image-to-video-channel-low-price,,,runninghub-google-veo3.1,,1,google-veo3.1-lite-image-to-video-channel-low-price,image_to_video,video_generation,"video,min=1,async",,official_schema,ready,True,provider_local,,not_implemented,runninghub,aspect_ratio|duration|resolution,stored_snapshot:runninghub-{region}.json + runninghub-official-public.json,
discovery,region_snapshot:global,data/model_capabilities/snapshots/runninghub-global.json,5d477b1e0d73,runninghub,,global,google/veo3.1-lite/text-to-video-channel-low-price,,,runninghub-google-veo3.1,,1,google-veo3.1-lite-text-to-video-channel-low-price,text_to_video,video_generation,"video,min=1,async",,official_schema,ready,True,provider_local,,not_implemented,runninghub,aspect_ratio|duration|resolution,stored_snapshot:runninghub-{region}.json + runninghub-official-public.json,
discovery,region_snapshot:global,data/model_capabilities/snapshots/runninghub-global.json,5d477b1e0d73,runninghub,,global,google/veo3.1-pro/image-to-video-official-stable,,,runninghub-google-veo3.1,,1,google-veo3.1-pro-image-to-video-official-stable,image_to_video,video_generation,"video,min=1,async",,official_schema,ready,True,provider_local,,not_implemented,runninghub,aspect_ratio|duration|generate_audio|negativePrompt|resolution|seed,stored_snapshot:runninghub-{region}.json + runninghub-official-public.json,
discovery,region_snapshot:global,data/model_capabilities/snapshots/runninghub-global.json,5d477b1e0d73,runninghub,,global,google/veo3.1-pro/reference-to-video-official-stable,,,runninghub-google-veo3.1,,1,google-veo3.1-pro-reference-to-video-official-stable,image_to_video,video_generation,"video,min=1,async",,official_schema,ready,True,provider_local,,not_implemented,runninghub,generate_audio|negativePrompt|resolution|seed,stored_snapshot:runninghub-{region}.json + runninghub-official-public.json,
discovery,region_snapshot:global,data/model_capabilities/snapshots/runninghub-global.json,5d477b1e0d73,runninghub,,global,google/veo3.1-pro/text-to-video-official-stable,,,runninghub-google-veo3.1,,1,google-veo3.1-pro-text-to-video-official-stable,text_to_video,video_generation,"video,min=1,async",,official_schema,ready,True,provider_local,,not_implemented,runninghub,aspect_ratio|duration|generate_audio|negativePrompt|resolution|seed,stored_snapshot:runninghub-{region}.json + runninghub-official-public.json,
discovery,region_snapshot:global,data/model_capabilities/snapshots/runninghub-global.json,5d477b1e0d73,runninghub,,global,google/veo3.1-pro/video-extend-official-stable,,,runninghub-google-veo3.1,,1,google-veo3.1-pro-video-extend-official-stable,video_extend,video_generation,"video,min=1,async",,official_schema,ready,True,provider_local,,not_implemented,runninghub,negativePrompt|resolution|seed,stored_snapshot:runninghub-{region}.json + runninghub-official-public.json,
discovery,region_snapshot:global,data/model_capabilities/snapshots/runninghub-global.json,5d477b1e0d73,runninghub,,global,google/veo3.1-pro/image-to-video-channel-low-price,,,runninghub-google-veo3.1,,1,google-veo3.1-pro-image-to-video-channel-low-price,image_to_video,video_generation,"video,min=1,async",,official_schema,ready,True,provider_local,,not_implemented,runninghub,aspect_ratio|duration|resolution,stored_snapshot:runninghub-{region}.json + runninghub-official-public.json,
discovery,region_snapshot:global,data/model_capabilities/snapshots/runninghub-global.json,5d477b1e0d73,runninghub,,global,google/veo3.1-pro/start-end-to-video-channel-low-price,,,runninghub-google-veo3.1,,1,google-veo3.1-pro-start-end-to-video-channel-low-price,image_to_video,video_generation,"video,min=1,async",,official_schema,ready,True,provider_local,,not_implemented,runninghub,aspect_ratio|duration|resolution,stored_snapshot:runninghub-{region}.json + runninghub-official-public.json,
discovery,region_snapshot:global,data/model_capabilities/snapshots/runninghub-global.json,5d477b1e0d73,runninghub,,global,google/veo3.1-pro/text-to-video-channel-low-price,,,runninghub-google-veo3.1,,1,google-veo3.1-pro-text-to-video-channel-low-price,text_to_video,video_generation,"video,min=1,async",,official_schema,ready,True,provider_local,,not_implemented,runninghub,aspect_ratio|duration|resolution,stored_snapshot:runninghub-{region}.json + runninghub-official-public.json,
discovery,region_snapshot:global,data/model_capabilities/snapshots/runninghub-global.json,5d477b1e0d73,runninghub,,global,ltx-2-19b/text-to-video-lora,,,runninghub-ltx-2-19b,,1,ltx-2-19b-text-to-video-lora,text_to_video,video_generation,"video,min=1,async",,official_schema,needs_profile,False,provider_local,,not_implemented,runninghub,,stored_snapshot:runninghub-{region}.json + runninghub-official-public.json,PROFILE_UNCONFIRMED|NO_PARAMETER_FIELDS
discovery,region_snapshot:global,data/model_capabilities/snapshots/runninghub-global.json,5d477b1e0d73,runninghub,,global,Seedance2.0 Fast Image to Video,,,runninghub-seedance-2.0,,1,seedance2.0-fast-image-to-video,image_to_video,video_generation,"video,min=1,async",,official_schema,ready,True,provider_local,,not_implemented,runninghub,aspect_ratio|duration|generate_audio|resolution|return_last_frame,stored_snapshot:runninghub-{region}.json + runninghub-official-public.json,
discovery,region_snapshot:global,data/model_capabilities/snapshots/runninghub-global.json,5d477b1e0d73,runninghub,,global,Seedance2.0 Fast Multimodal Video,,,runninghub-seedance-2.0,,1,seedance2.0-fast-multimodal-video,multimodal_to_video,video_generation,"video,min=1,async",,official_schema,ready,True,provider_local,,not_implemented,runninghub,aspect_ratio|duration|generate_audio|resolution|return_last_frame,stored_snapshot:runninghub-{region}.json + runninghub-official-public.json,
discovery,region_snapshot:global,data/model_capabilities/snapshots/runninghub-global.json,5d477b1e0d73,runninghub,,global,Seedance2.0 Fast Text to Video,,,runninghub-seedance-2.0,,1,seedance2.0-fast-text-to-video,text_to_video,video_generation,"video,min=1,async",,official_schema,ready,True,provider_local,,not_implemented,runninghub,aspect_ratio|duration|generate_audio|resolution|return_last_frame|webSearch,stored_snapshot:runninghub-{region}.json + runninghub-official-public.json,
discovery,region_snapshot:global,data/model_capabilities/snapshots/runninghub-global.json,5d477b1e0d73,runninghub,,global,seedance-2.0-mini/image-to-video,,,runninghub-seedance-2.0,,1,seedance-2.0-mini-image-to-video,image_to_video,video_generation,"video,min=1,async",,official_schema,ready,True,provider_local,,not_implemented,runninghub,aspect_ratio|conversionSlots|duration|generate_audio|realPersonMode|resolution|return_last_frame|seed,stored_snapshot:runninghub-{region}.json + runninghub-official-public.json,
discovery,region_snapshot:global,data/model_capabilities/snapshots/runninghub-global.json,5d477b1e0d73,runninghub,,global,seedance-2.0-mini/multimodal-video,,,runninghub-seedance-2.0,,1,seedance-2.0-mini-multimodal-video,multimodal_to_video,video_generation,"video,min=1,async",,official_schema,ready,True,provider_local,,not_implemented,runninghub,aspect_ratio|conversionSlots|duration|generate_audio|realPersonMode|resolution|return_last_frame|seed,stored_snapshot:runninghub-{region}.json + runninghub-official-public.json,
discovery,region_snapshot:global,data/model_capabilities/snapshots/runninghub-global.json,5d477b1e0d73,runninghub,,global,seedance-2.0-mini/text-to-video,,,runninghub-seedance-2.0,,1,seedance-2.0-mini-text-to-video,text_to_video,video_generation,"video,min=1,async",,official_schema,ready,True,provider_local,,not_implemented,runninghub,aspect_ratio|duration|generate_audio|resolution|return_last_frame|seed|webSearch,stored_snapshot:runninghub-{region}.json + runninghub-official-public.json,
discovery,region_snapshot:global,data/model_capabilities/snapshots/runninghub-global.json,5d477b1e0d73,runninghub,,global,Seedance2.0 Image to Video,,,runninghub-seedance-2.0,,1,seedance2.0-image-to-video,image_to_video,video_generation,"video,min=1,async",,official_schema,ready,True,provider_local,,not_implemented,runninghub,aspect_ratio|duration|generate_audio|resolution|return_last_frame,stored_snapshot:runninghub-{region}.json + runninghub-official-public.json,
discovery,region_snapshot:global,data/model_capabilities/snapshots/runninghub-global.json,5d477b1e0d73,runninghub,,global,Seedance2.0 Multimodal Video,,,runninghub-seedance-2.0,,1,seedance2.0-multimodal-video,multimodal_to_video,video_generation,"video,min=1,async",,official_schema,ready,True,provider_local,,not_implemented,runninghub,aspect_ratio|duration|generate_audio|resolution|return_last_frame,stored_snapshot:runninghub-{region}.json + runninghub-official-public.json,
discovery,region_snapshot:global,data/model_capabilities/snapshots/runninghub-global.json,5d477b1e0d73,runninghub,,global,Stephen Chow IP Video Gen(Seedance 2.0),,,runninghub-seedance-2.0,,1,stephen-chow-ip-video-gen-seedance-2.0,image_to_video,video_generation,"video,min=1,async",,official_schema,ready,True,provider_local,,not_implemented,runninghub,aspect_ratio|duration|resolution|templateId,stored_snapshot:runninghub-{region}.json + runninghub-official-public.json,
discovery,region_snapshot:global,data/model_capabilities/snapshots/runninghub-global.json,5d477b1e0d73,runninghub,,global,Stephen Chow IP Video Gen-Fast (Seedance 2.0 Fast),,,runninghub-seedance-2.0,,1,stephen-chow-ip-video-gen-fast-seedance-2.0-fast,image_to_video,video_generation,"video,min=1,async",,official_schema,ready,True,provider_local,,not_implemented,runninghub,aspect_ratio|duration|resolution|templateId,stored_snapshot:runninghub-{region}.json + runninghub-official-public.json,
discovery,region_snapshot:global,data/model_capabilities/snapshots/runninghub-global.json,5d477b1e0d73,runninghub,,global,Seedance2.0 Text to Video,,,runninghub-seedance-2.0,,1,seedance2.0-text-to-video,text_to_video,video_generation,"video,min=1,async",,official_schema,ready,True,provider_local,,not_implemented,runninghub,aspect_ratio|duration|generate_audio|resolution|return_last_frame|webSearch,stored_snapshot:runninghub-{region}.json + runninghub-official-public.json,
discovery,region_snapshot:global,data/model_capabilities/snapshots/runninghub-global.json,5d477b1e0d73,runninghub,,global,rh-video-fps-increaser,,,runninghub-rh-video-fps-increaser,,1,rh-video-fps-increaser,video_enhancement,video_generation,"video,min=1,async",,official_schema,ready,True,provider_local,,not_implemented,runninghub,,stored_snapshot:runninghub-{region}.json + runninghub-official-public.json,NO_PARAMETER_FIELDS
discovery,region_snapshot:global,data/model_capabilities/snapshots/runninghub-global.json,5d477b1e0d73,runninghub,,global,rh-video-upscaler,,,runninghub-rh-video-upscaler,,1,rh-video-upscaler,video_enhancement,video_generation,"video,min=1,async",,official_schema,ready,True,provider_local,,not_implemented,runninghub,targetResolution,stored_snapshot:runninghub-{region}.json + runninghub-official-public.json,
discovery,region_snapshot:global,data/model_capabilities/snapshots/runninghub-global.json,5d477b1e0d73,runninghub,,global,seedance-v1-lite-reference-to-video,,,runninghub-seedance-1,,1,seedance-v1-lite-reference-to-video,image_to_video,video_generation,"video,min=1,async",,official_schema,ready,True,provider_local,,not_implemented,runninghub,aspect_ratio|cameraFixed|duration|resolution,stored_snapshot:runninghub-{region}.json + runninghub-official-public.json,
discovery,region_snapshot:global,data/model_capabilities/snapshots/runninghub-global.json,5d477b1e0d73,runninghub,,global,seedance-v1.5-pro-image-to-video,,,runninghub-seedance-1.5,,1,seedance-v1.5-pro-image-to-video,image_to_video,video_generation,"video,min=1,async",,official_schema,ready,True,provider_local,,not_implemented,runninghub,aspect_ratio|cameraFixed|duration|generate_audio|resolution,stored_snapshot:runninghub-{region}.json + runninghub-official-public.json,
discovery,region_snapshot:global,data/model_capabilities/snapshots/runninghub-global.json,5d477b1e0d73,runninghub,,global,seedance-v1.5-pro-image-to-video-fast,,,runninghub-seedance-1.5,,1,seedance-v1.5-pro-image-to-video-fast,image_to_video,video_generation,"video,min=1,async",,official_schema,ready,True,provider_local,,not_implemented,runninghub,aspect_ratio|cameraFixed|duration|generate_audio|resolution,stored_snapshot:runninghub-{region}.json + runninghub-official-public.json,
discovery,region_snapshot:global,data/model_capabilities/snapshots/runninghub-global.json,5d477b1e0d73,runninghub,,global,seedance-v1.5-pro-text-to-video,,,runninghub-seedance-1.5,,1,seedance-v1.5-pro-text-to-video,text_to_video,video_generation,"video,min=1,async",,official_schema,ready,True,provider_local,,not_implemented,runninghub,aspect_ratio|cameraFixed|duration|generate_audio|resolution,stored_snapshot:runninghub-{region}.json + runninghub-official-public.json,
discovery,region_snapshot:global,data/model_capabilities/snapshots/runninghub-global.json,5d477b1e0d73,runninghub,,global,seedance-v1.5-pro-text-to-video-fast,,,runninghub-seedance-1.5,,1,seedance-v1.5-pro-text-to-video-fast,text_to_video,video_generation,"video,min=1,async",,official_schema,ready,True,provider_local,,not_implemented,runninghub,aspect_ratio|cameraFixed|duration|generate_audio|resolution,stored_snapshot:runninghub-{region}.json + runninghub-official-public.json,
discovery,region_snapshot:global,data/model_capabilities/snapshots/runninghub-global.json,5d477b1e0d73,runninghub,,global,skyreels-v3/reference-to-video,,,runninghub-skyreels-v3,,1,skyreels-v3-reference-to-video,image_to_video,video_generation,"video,min=1,async",,official_schema,ready,True,provider_local,,not_implemented,runninghub,aspect_ratio|duration,stored_snapshot:runninghub-{region}.json + runninghub-official-public.json,
discovery,region_snapshot:global,data/model_capabilities/snapshots/runninghub-global.json,5d477b1e0d73,runninghub,,global,skyreels-v3/shot-switching-video-extension,,,runninghub-skyreels-v3,,1,skyreels-v3-shot-switching-video-extension,video_extend,video_generation,"video,min=1,async",,official_schema,ready,True,provider_local,,not_implemented,runninghub,cutType|duration,stored_snapshot:runninghub-{region}.json + runninghub-official-public.json,
discovery,region_snapshot:global,data/model_capabilities/snapshots/runninghub-global.json,5d477b1e0d73,runninghub,,global,skyreels-v3/single-shot-video-extension,,,runninghub-skyreels-v3,,1,skyreels-v3-single-shot-video-extension,video_extend,video_generation,"video,min=1,async",,official_schema,ready,True,provider_local,,not_implemented,runninghub,duration,stored_snapshot:runninghub-{region}.json + runninghub-official-public.json,
discovery,region_snapshot:global,data/model_capabilities/snapshots/runninghub-global.json,5d477b1e0d73,runninghub,,global,skyreels-v3/video-restyling,,,runninghub-skyreels-v3,,1,skyreels-v3-video-restyling,video_to_video,video_generation,"video,min=1,async",,official_schema,ready,True,provider_local,,not_implemented,runninghub,styleName,stored_snapshot:runninghub-{region}.json + runninghub-official-public.json,
discovery,region_snapshot:global,data/model_capabilities/snapshots/runninghub-global.json,5d477b1e0d73,runninghub,,global,skyreels-v4/image-to-video-fast,,,runninghub-skyreels-v4,,1,skyreels-v4-image-to-video-fast,image_to_video,video_generation,"video,min=1,async",,official_schema,ready,True,provider_local,,not_implemented,runninghub,duration|promptOptimizer|resolution,stored_snapshot:runninghub-{region}.json + runninghub-official-public.json,
discovery,region_snapshot:global,data/model_capabilities/snapshots/runninghub-global.json,5d477b1e0d73,runninghub,,global,skyreels-v4/image-to-video-std,,,runninghub-skyreels-v4,,1,skyreels-v4-image-to-video-std,image_to_video,video_generation,"video,min=1,async",,official_schema,ready,True,provider_local,,not_implemented,runninghub,duration|promptOptimizer|resolution|sound,stored_snapshot:runninghub-{region}.json + runninghub-official-public.json,
discovery,region_snapshot:global,data/model_capabilities/snapshots/runninghub-global.json,5d477b1e0d73,runninghub,,global,skyreels-v4/omni-reference-fast,,,runninghub-skyreels-v4,,1,skyreels-v4-omni-reference-fast,text_to_video,video_generation,"video,min=1,async",,official_schema,ready,True,provider_local,,not_implemented,runninghub,aspect_ratio|duration|promptOptimizer|resolution,stored_snapshot:runninghub-{region}.json + runninghub-official-public.json,
discovery,region_snapshot:global,data/model_capabilities/snapshots/runninghub-global.json,5d477b1e0d73,runninghub,,global,skyreels-v4/omni-reference-std,,,runninghub-skyreels-v4,,1,skyreels-v4-omni-reference-std,text_to_video,video_generation,"video,min=1,async",,official_schema,ready,True,provider_local,,not_implemented,runninghub,aspect_ratio|duration|promptOptimizer|resolution|sound,stored_snapshot:runninghub-{region}.json + runninghub-official-public.json,
discovery,region_snapshot:global,data/model_capabilities/snapshots/runninghub-global.json,5d477b1e0d73,runninghub,,global,skyreels-v4/text-to-video-fast,,,runninghub-skyreels-v4,,1,skyreels-v4-text-to-video-fast,text_to_video,video_generation,"video,min=1,async",,official_schema,ready,True,provider_local,,not_implemented,runninghub,aspect_ratio|duration|promptOptimizer|resolution,stored_snapshot:runninghub-{region}.json + runninghub-official-public.json,
discovery,region_snapshot:global,data/model_capabilities/snapshots/runninghub-global.json,5d477b1e0d73,runninghub,,global,skyreels-v4/text-to-video-std,,,runninghub-skyreels-v4,,1,skyreels-v4-text-to-video-std,text_to_video,video_generation,"video,min=1,async",,official_schema,ready,True,provider_local,,not_implemented,runninghub,aspect_ratio|duration|promptOptimizer|resolution|sound,stored_snapshot:runninghub-{region}.json + runninghub-official-public.json,
discovery,region_snapshot:global,data/model_capabilities/snapshots/runninghub-global.json,5d477b1e0d73,runninghub,,global,topazlabs-video-upscale,,,runninghub-topazlabs-video,,1,topazlabs-video-upscale,video_enhancement,video_generation,"video,min=1,async",,official_schema,ready,True,provider_local,,not_implemented,runninghub,targetFps|targetResolution,stored_snapshot:runninghub-{region}.json + runninghub-official-public.json,
discovery,region_snapshot:global,data/model_capabilities/snapshots/runninghub-global.json,5d477b1e0d73,runninghub,,global,Vidu-image-to-video-q2-pro,,,runninghub-vidu-q2,,1,vidu-image-to-video-q2-pro,image_to_video,video_generation,"video,min=1,async",,official_schema,ready,True,provider_local,,not_implemented,runninghub,bgm|duration|movementAmplitude|resolution,stored_snapshot:runninghub-{region}.json + runninghub-official-public.json,
discovery,region_snapshot:global,data/model_capabilities/snapshots/runninghub-global.json,5d477b1e0d73,runninghub,,global,Vidu-image-to-video-q2-pro-fast,,,runninghub-vidu-q2,,1,vidu-image-to-video-q2-pro-fast,image_to_video,video_generation,"video,min=1,async",,official_schema,ready,True,provider_local,,not_implemented,runninghub,bgm|duration|movementAmplitude|resolution,stored_snapshot:runninghub-{region}.json + runninghub-official-public.json,
discovery,region_snapshot:global,data/model_capabilities/snapshots/runninghub-global.json,5d477b1e0d73,runninghub,,global,Vidu-image-to-video-q2-turbo,,,runninghub-vidu-q2,,1,vidu-image-to-video-q2-turbo,image_to_video,video_generation,"video,min=1,async",,official_schema,ready,True,provider_local,,not_implemented,runninghub,bgm|duration|movementAmplitude|resolution,stored_snapshot:runninghub-{region}.json + runninghub-official-public.json,
discovery,region_snapshot:global,data/model_capabilities/snapshots/runninghub-global.json,5d477b1e0d73,runninghub,,global,Vidu-image-to-video-q3-pro,,,runninghub-vidu-q3,,1,vidu-image-to-video-q3-pro,image_to_video,video_generation,"video,min=1,async",,official_schema,ready,True,provider_local,,not_implemented,runninghub,audio|duration|resolution,stored_snapshot:runninghub-{region}.json + runninghub-official-public.json,
discovery,region_snapshot:global,data/model_capabilities/snapshots/runninghub-global.json,5d477b1e0d73,runninghub,,global,Vidu-image-to-video-q3-pro-fast,,,runninghub-vidu-q3,,1,vidu-image-to-video-q3-pro-fast,image_to_video,video_generation,"video,min=1,async",,official_schema,ready,True,provider_local,,not_implemented,runninghub,audio|duration|resolution,stored_snapshot:runninghub-{region}.json + runninghub-official-public.json,
discovery,region_snapshot:global,data/model_capabilities/snapshots/runninghub-global.json,5d477b1e0d73,runninghub,,global,Vidu-image-to-video-q3-turbo,,,runninghub-vidu-q3,,1,vidu-image-to-video-q3-turbo,image_to_video,video_generation,"video,min=1,async",,official_schema,ready,True,provider_local,,not_implemented,runninghub,audio|duration|resolution,stored_snapshot:runninghub-{region}.json + runninghub-official-public.json,
discovery,region_snapshot:global,data/model_capabilities/snapshots/runninghub-global.json,5d477b1e0d73,runninghub,,global,Vidu-reference-to-video-q2,,,runninghub-vidu-q2,,1,vidu-reference-to-video-q2,image_to_video,video_generation,"video,min=1,async",,official_schema,ready,True,provider_local,,not_implemented,runninghub,aspect_ratio|duration|movementAmplitude|resolution,stored_snapshot:runninghub-{region}.json + runninghub-official-public.json,
discovery,region_snapshot:global,data/model_capabilities/snapshots/runninghub-global.json,5d477b1e0d73,runninghub,,global,Vidu-reference-to-video-q2-pro,,,runninghub-vidu-q2,,1,vidu-reference-to-video-q2-pro,multimodal_to_video,video_generation,"video,min=1,async",,official_schema,ready,True,provider_local,,not_implemented,runninghub,aspect_ratio|duration|movementAmplitude|resolution,stored_snapshot:runninghub-{region}.json + runninghub-official-public.json,
discovery,region_snapshot:global,data/model_capabilities/snapshots/runninghub-global.json,5d477b1e0d73,runninghub,,global,Vidu-reference-to-video-q3,,,runninghub-vidu-q3,,1,vidu-reference-to-video-q3,image_to_video,video_generation,"video,min=1,async",,official_schema,ready,True,provider_local,,not_implemented,runninghub,aspect_ratio|audio|duration|resolution,stored_snapshot:runninghub-{region}.json + runninghub-official-public.json,
discovery,region_snapshot:global,data/model_capabilities/snapshots/runninghub-global.json,5d477b1e0d73,runninghub,,global,Vidu-reference-to-video-q3-ad,,,runninghub-vidu-q3,,1,vidu-reference-to-video-q3-ad,image_to_video,video_generation,"video,min=1,async",,official_schema,ready,True,provider_local,,not_implemented,runninghub,aspect_ratio|audio|duration|resolution,stored_snapshot:runninghub-{region}.json + runninghub-official-public.json,
discovery,region_snapshot:global,data/model_capabilities/snapshots/runninghub-global.json,5d477b1e0d73,runninghub,,global,Vidu-reference-to-video-q3-drama,,,runninghub-vidu-q3,,1,vidu-reference-to-video-q3-drama,image_to_video,video_generation,"video,min=1,async",,official_schema,ready,True,provider_local,,not_implemented,runninghub,aspect_ratio|audio|duration|resolution,stored_snapshot:runninghub-{region}.json + runninghub-official-public.json,
discovery,region_snapshot:global,data/model_capabilities/snapshots/runninghub-global.json,5d477b1e0d73,runninghub,,global,Vidu-reference-to-video-q3-mix,,,runninghub-vidu-q3,,1,vidu-reference-to-video-q3-mix,image_to_video,video_generation,"video,min=1,async",,official_schema,ready,True,provider_local,,not_implemented,runninghub,aspect_ratio|audio|duration|resolution,stored_snapshot:runninghub-{region}.json + runninghub-official-public.json,
discovery,region_snapshot:global,data/model_capabilities/snapshots/runninghub-global.json,5d477b1e0d73,runninghub,,global,Vidu-start-end-to-video-q2-pro,,,runninghub-vidu-q2,,1,vidu-start-end-to-video-q2-pro,image_to_video,video_generation,"video,min=1,async",,official_schema,ready,True,provider_local,,not_implemented,runninghub,bgm|duration|movementAmplitude|resolution,stored_snapshot:runninghub-{region}.json + runninghub-official-public.json,
discovery,region_snapshot:global,data/model_capabilities/snapshots/runninghub-global.json,5d477b1e0d73,runninghub,,global,Vidu-start-end-to-video-q2-pro-fast,,,runninghub-vidu-q2,,1,vidu-start-end-to-video-q2-pro-fast,image_to_video,video_generation,"video,min=1,async",,official_schema,ready,True,provider_local,,not_implemented,runninghub,bgm|duration|movementAmplitude|resolution,stored_snapshot:runninghub-{region}.json + runninghub-official-public.json,
discovery,region_snapshot:global,data/model_capabilities/snapshots/runninghub-global.json,5d477b1e0d73,runninghub,,global,Vidu-start-end-to-video-q2-turbo,,,runninghub-vidu-q2,,1,vidu-start-end-to-video-q2-turbo,image_to_video,video_generation,"video,min=1,async",,official_schema,ready,True,provider_local,,not_implemented,runninghub,bgm|duration|movementAmplitude|resolution,stored_snapshot:runninghub-{region}.json + runninghub-official-public.json,
discovery,region_snapshot:global,data/model_capabilities/snapshots/runninghub-global.json,5d477b1e0d73,runninghub,,global,Vidu-start-end-to-video-q3-pro,,,runninghub-vidu-q3,,1,vidu-start-end-to-video-q3-pro,image_to_video,video_generation,"video,min=1,async",,official_schema,ready,True,provider_local,,not_implemented,runninghub,audio|duration|movementAmplitude|resolution,stored_snapshot:runninghub-{region}.json + runninghub-official-public.json,
discovery,region_snapshot:global,data/model_capabilities/snapshots/runninghub-global.json,5d477b1e0d73,runninghub,,global,Vidu-start-end-to-video-q3-pro-fast,,,runninghub-vidu-q3,,1,vidu-start-end-to-video-q3-pro-fast,image_to_video,video_generation,"video,min=1,async",,official_schema,ready,True,provider_local,,not_implemented,runninghub,audio|duration|resolution,stored_snapshot:runninghub-{region}.json + runninghub-official-public.json,
discovery,region_snapshot:global,data/model_capabilities/snapshots/runninghub-global.json,5d477b1e0d73,runninghub,,global,Vidu-start-end-to-video-q3-turbo,,,runninghub-vidu-q3,,1,vidu-start-end-to-video-q3-turbo,image_to_video,video_generation,"video,min=1,async",,official_schema,ready,True,provider_local,,not_implemented,runninghub,audio|duration|movementAmplitude|resolution,stored_snapshot:runninghub-{region}.json + runninghub-official-public.json,
discovery,region_snapshot:global,data/model_capabilities/snapshots/runninghub-global.json,5d477b1e0d73,runninghub,,global,Vidu-text-to-video-q2,,,runninghub-vidu-q2,,1,vidu-text-to-video-q2,text_to_video,video_generation,"video,min=1,async",,official_schema,ready,True,provider_local,,not_implemented,runninghub,aspect_ratio|duration|movementAmplitude|resolution|style,stored_snapshot:runninghub-{region}.json + runninghub-official-public.json,
discovery,region_snapshot:global,data/model_capabilities/snapshots/runninghub-global.json,5d477b1e0d73,runninghub,,global,Vidu-text-to-video-q3-pro,,,runninghub-vidu-q3,,1,vidu-text-to-video-q3-pro,text_to_video,video_generation,"video,min=1,async",,official_schema,ready,True,provider_local,,not_implemented,runninghub,aspect_ratio|audio|duration|resolution|style,stored_snapshot:runninghub-{region}.json + runninghub-official-public.json,
discovery,region_snapshot:global,data/model_capabilities/snapshots/runninghub-global.json,5d477b1e0d73,runninghub,,global,Vidu-text-to-video-q3-pro-fast,,,runninghub-vidu-q3,,1,vidu-text-to-video-q3-pro-fast,text_to_video,video_generation,"video,min=1,async",,official_schema,ready,True,provider_local,,not_implemented,runninghub,aspect_ratio|audio|duration|resolution,stored_snapshot:runninghub-{region}.json + runninghub-official-public.json,
discovery,region_snapshot:global,data/model_capabilities/snapshots/runninghub-global.json,5d477b1e0d73,runninghub,,global,Vidu-text-to-video-q3-turbo,,,runninghub-vidu-q3,,1,vidu-text-to-video-q3-turbo,text_to_video,video_generation,"video,min=1,async",,official_schema,ready,True,provider_local,,not_implemented,runninghub,aspect_ratio|audio|duration|resolution|style,stored_snapshot:runninghub-{region}.json + runninghub-official-public.json,
discovery,region_snapshot:global,data/model_capabilities/snapshots/runninghub-global.json,5d477b1e0d73,runninghub,,global,volc-drama/serial-video-translate,,,runninghub-volc-drama-serial-video-translate,,1,volc-drama-serial-video-translate,video_translation,video_generation,"video,min=1,async",,official_schema,ready,True,provider_local,,not_implemented,runninghub,aiRemoveType|dubVoiceMode|isDub|needVideoSpeed|projectName|sourceLang|targetLangs|targetStyleMap|translationModel,stored_snapshot:runninghub-{region}.json + runninghub-official-public.json,
discovery,region_snapshot:global,data/model_capabilities/snapshots/runninghub-global.json,5d477b1e0d73,runninghub,,global,volc-drama/video-translate,,,runninghub-volc-drama-video-translate,,1,volc-drama-video-translate,video_translation,video_generation,"video,min=1,async",,official_schema,ready,True,provider_local,,not_implemented,runninghub,aiRemoveType|dubVoiceMode|isDub|projectName|sourceLang|targetLangs,stored_snapshot:runninghub-{region}.json + runninghub-official-public.json,
discovery,region_snapshot:global,data/model_capabilities/snapshots/runninghub-global.json,5d477b1e0d73,runninghub,,global,volc-subtitle-erase/video(Refined version),,,runninghub-volc-subtitle-erase-video-refined-version,,1,volc-subtitle-erase-video-refined-version,subtitle_erase,video_generation,"video,min=1,async",,official_schema,ready,True,provider_local,,not_implemented,runninghub,clientToken|encodeMode|eraseType,stored_snapshot:runninghub-{region}.json + runninghub-official-public.json,
discovery,region_snapshot:global,data/model_capabilities/snapshots/runninghub-global.json,5d477b1e0d73,runninghub,,global,volc-subtitle-erase/video(Standard Version),,,runninghub-volc-subtitle-erase-video-standard-version,,1,volc-subtitle-erase-video-standard-version,subtitle_erase,video_generation,"video,min=1,async",,official_schema,ready,True,provider_local,,not_implemented,runninghub,clientToken,stored_snapshot:runninghub-{region}.json + runninghub-official-public.json,
discovery,region_snapshot:global,data/model_capabilities/snapshots/runninghub-global.json,5d477b1e0d73,runninghub,,global,midjourney-image-to-video,,,runninghub-midjourney,,1,midjourney-image-to-video,image_to_video,video_generation,"video,min=1,async",,official_schema,ready,True,provider_local,,not_implemented,runninghub,loop|motion|raw|resolution,stored_snapshot:runninghub-{region}.json + runninghub-official-public.json,
discovery,region_snapshot:global,data/model_capabilities/snapshots/runninghub-global.json,5d477b1e0d73,runninghub,,global,MiniMax-H3 Image-to-Video (first/last frame),,,runninghub-minimax-h3,,1,minimax-h3-image-to-video-first-last-frame,image_to_video,video_generation,"video,min=1,async",,official_schema,ready,True,provider_local,,not_implemented,runninghub,duration|resolution,stored_snapshot:runninghub-{region}.json + runninghub-official-public.json,
discovery,region_snapshot:global,data/model_capabilities/snapshots/runninghub-global.json,5d477b1e0d73,runninghub,,global,MiniMax-H3 Multimodal Reference-to-Video,,,runninghub-minimax-h3,,1,minimax-h3-multimodal-reference-to-video,multimodal_to_video,video_generation,"video,min=1,async",,official_schema,ready,True,provider_local,,not_implemented,runninghub,aspect_ratio|duration|resolution,stored_snapshot:runninghub-{region}.json + runninghub-official-public.json,
discovery,region_snapshot:global,data/model_capabilities/snapshots/runninghub-global.json,5d477b1e0d73,runninghub,,global,MiniMax-H3 Text-to-Video,,,runninghub-minimax-h3,,1,minimax-h3-text-to-video,text_to_video,video_generation,"video,min=1,async",,official_schema,ready,True,provider_local,,not_implemented,runninghub,aspect_ratio|duration|resolution,stored_snapshot:runninghub-{region}.json + runninghub-official-public.json,
discovery,region_snapshot:global,data/model_capabilities/snapshots/runninghub-global.json,5d477b1e0d73,runninghub,,global,topazlabs-image-gigapixel-art-and-cgi,,,runninghub-topazlabs-image,,1,topazlabs-image-gigapixel-art-and-cgi,image_enhancement,image_generation,"image,min=1,async",,official_schema,ready,True,provider_local,,not_implemented,runninghub,cropToFill|deblurStrength|denoise|faceEnhancement|faceEnhancementCreativity|faceEnhancementStrength|fixCompression|outputFormat|outputHeight|outputWidth|sharpen|strength|subjectDetection,stored_snapshot:runninghub-{region}.json + runninghub-official-public.json,
discovery,region_snapshot:global,data/model_capabilities/snapshots/runninghub-global.json,5d477b1e0d73,runninghub,,global,topazlabs-image-gigapixel-high-fidelity-2,,,runninghub-topazlabs-image,,1,topazlabs-image-gigapixel-high-fidelity-2,image_enhancement,image_generation,"image,min=1,async",,official_schema,ready,True,provider_local,,not_implemented,runninghub,cropToFill|denoise|faceEnhancement|faceEnhancementCreativity|faceEnhancementStrength|fixCompression|outputFormat|outputHeight|outputWidth|sharpen|strength|subjectDetection,stored_snapshot:runninghub-{region}.json + runninghub-official-public.json,
discovery,region_snapshot:global,data/model_capabilities/snapshots/runninghub-global.json,5d477b1e0d73,runninghub,,global,topazlabs-image-gigapixel-low-resolution-2,,,runninghub-topazlabs-image,,1,topazlabs-image-gigapixel-low-resolution-2,image_enhancement,image_generation,"image,min=1,async",,official_schema,ready,True,provider_local,,not_implemented,runninghub,cropToFill|denoise|faceEnhancement|faceEnhancementCreativity|faceEnhancementStrength|fixCompression|outputFormat|outputHeight|outputWidth|sharpen|strength|subjectDetection,stored_snapshot:runninghub-{region}.json + runninghub-official-public.json,
discovery,region_snapshot:global,data/model_capabilities/snapshots/runninghub-global.json,5d477b1e0d73,runninghub,,global,topazlabs-image-gigapixel-standard-2,,,runninghub-topazlabs-image,,1,topazlabs-image-gigapixel-standard-2,image_enhancement,image_generation,"image,min=1,async",,official_schema,ready,True,provider_local,,not_implemented,runninghub,cropToFill|denoise|faceEnhancement|faceEnhancementCreativity|faceEnhancementStrength|fixCompression|outputFormat|outputHeight|outputWidth|sharpen|strength|subjectDetection,stored_snapshot:runninghub-{region}.json + runninghub-official-public.json,
discovery,region_snapshot:global,data/model_capabilities/snapshots/runninghub-global.json,5d477b1e0d73,runninghub,,global,topazlabs-image-gigapixel-text-and-shapes,,,runninghub-topazlabs-image,,1,topazlabs-image-gigapixel-text-and-shapes,image_enhancement,image_generation,"image,min=1,async",,official_schema,ready,True,provider_local,,not_implemented,runninghub,cropToFill|deblurStrength|decompressionStrength|denoise|denoiseStrength|faceEnhancement|faceEnhancementCreativity|faceEnhancementStrength|fixCompression|opacity|outputFormat|outputHeight|outputWidth|sharpen|strength|subjectDetection,stored_snapshot:runninghub-{region}.json + runninghub-official-public.json,
discovery,region_snapshot:global,data/model_capabilities/snapshots/runninghub-global.json,5d477b1e0d73,runninghub,,global,topazlabs-image-upscale-detail-faces,,,runninghub-topazlabs-image,,1,topazlabs-image-upscale-detail-faces,image_enhancement,image_generation,"image,min=1,async",,official_schema,ready,True,provider_local,,not_implemented,runninghub,cropToFill|detailStrength|outputFormat|outputHeight|outputWidth,stored_snapshot:runninghub-{region}.json + runninghub-official-public.json,
discovery,region_snapshot:global,data/model_capabilities/snapshots/runninghub-global.json,5d477b1e0d73,runninghub,,global,topazlabs-image-upscale-high-fidelity-v3,,,runninghub-topazlabs-image,,1,topazlabs-image-upscale-high-fidelity-v3,image_enhancement,image_generation,"image,min=1,async",,official_schema,ready,True,provider_local,,not_implemented,runninghub,cropToFill|denoise|faceEnhancement|faceEnhancementCreativity|faceEnhancementStrength|fixCompression|opacity|outputFormat|outputHeight|outputWidth|recoveryStrength|sharpen|strength|subjectDetection,stored_snapshot:runninghub-{region}.json + runninghub-official-public.json,
discovery,region_snapshot:global,data/model_capabilities/snapshots/runninghub-global.json,5d477b1e0d73,runninghub,,global,topazlabs-image-upscale-transparent,,,runninghub-topazlabs-image,,1,topazlabs-image-upscale-transparent,image_enhancement,image_generation,"image,min=1,async",,official_schema,ready,True,provider_local,,not_implemented,runninghub,cropToFill|outputFormat|outputHeight|outputWidth,stored_snapshot:runninghub-{region}.json + runninghub-official-public.json,
discovery,region_snapshot:global,data/model_capabilities/snapshots/runninghub-global.json,5d477b1e0d73,runninghub,,global,topazlabs-video-astra,,,runninghub-topazlabs-video,,1,topazlabs-video-astra,video_enhancement,video_generation,"video,min=1,async",,official_schema,ready,True,provider_local,,not_implemented,runninghub,model|outputHeight|outputWidth,stored_snapshot:runninghub-{region}.json + runninghub-official-public.json,
discovery,region_snapshot:global,data/model_capabilities/snapshots/runninghub-global.json,5d477b1e0d73,runninghub,,global,topazlabs-video-denoise,,,runninghub-topazlabs-video,,1,topazlabs-video-denoise,video_enhancement,video_generation,"video,min=1,async",,official_schema,ready,True,provider_local,,not_implemented,runninghub,model|outputHeight|outputWidth,stored_snapshot:runninghub-{region}.json + runninghub-official-public.json,
discovery,region_snapshot:global,data/model_capabilities/snapshots/runninghub-global.json,5d477b1e0d73,runninghub,,global,topazlabs-video-frame-interpolation,,,runninghub-topazlabs-video,,1,topazlabs-video-frame-interpolation,video_enhancement,video_generation,"video,min=1,async",,official_schema,ready,True,provider_local,,not_implemented,runninghub,model|outputFrameRate|outputHeight|outputWidth,stored_snapshot:runninghub-{region}.json + runninghub-official-public.json,
discovery,region_snapshot:global,data/model_capabilities/snapshots/runninghub-global.json,5d477b1e0d73,runninghub,,global,topazlabs-video-proteus,,,runninghub-topazlabs-video,,1,topazlabs-video-proteus,video_enhancement,video_generation,"video,min=1,async",,official_schema,ready,True,provider_local,,not_implemented,runninghub,model|outputHeight|outputWidth,stored_snapshot:runninghub-{region}.json + runninghub-official-public.json,
discovery,region_snapshot:global,data/model_capabilities/snapshots/runninghub-global.json,5d477b1e0d73,runninghub,,global,topazlabs-video-starlight,,,runninghub-topazlabs-video,,1,topazlabs-video-starlight,video_enhancement,video_generation,"video,min=1,async",,official_schema,ready,True,provider_local,,not_implemented,runninghub,model|outputHeight|outputWidth,stored_snapshot:runninghub-{region}.json + runninghub-official-public.json,
discovery,region_snapshot:global,data/model_capabilities/snapshots/runninghub-global.json,5d477b1e0d73,runninghub,,global,qwen-image-3.0/text-to-image,,,runninghub-qwen-image-3.0,,1,qwen-image-3.0-text-to-image,text_to_image,image_generation,"image,min=1,async",,official_schema,ready,True,provider_local,,not_implemented,runninghub,imageNum|negativePrompt|promptExtend|promptExtendMode|seed|size,stored_snapshot:runninghub-{region}.json + runninghub-official-public.json,
discovery,region_snapshot:global,data/model_capabilities/snapshots/runninghub-global.json,5d477b1e0d73,runninghub,,global,qwen-image-3.0/image-edit,,,runninghub-qwen-image-3.0,,1,qwen-image-3.0-image-edit,image_to_image,image_generation,"image,min=1,async",,official_schema,ready,True,provider_local,,not_implemented,runninghub,imageNum|negativePrompt|promptExtend|promptExtendMode|seed|size,stored_snapshot:runninghub-{region}.json + runninghub-official-public.json,
discovery,region_snapshot:global,data/model_capabilities/snapshots/runninghub-global.json,5d477b1e0d73,runninghub,,global,flux-3-video/text-to-video,,,runninghub-flux-3-video,,1,flux-3-video-text-to-video,text_to_video,video_generation,"video,min=1,async",,official_schema,ready,True,provider_local,,not_implemented,runninghub,aspect_ratio|draft|duration|generate_audio|resolution|safetyTolerance,stored_snapshot:runninghub-{region}.json + runninghub-official-public.json,
discovery,region_snapshot:global,data/model_capabilities/snapshots/runninghub-global.json,5d477b1e0d73,runninghub,,global,flux-3-video/image-to-video,,,runninghub-flux-3-video,,1,flux-3-video-image-to-video,image_to_video,video_generation,"video,min=1,async",,official_schema,ready,True,provider_local,,not_implemented,runninghub,aspect_ratio|draft|duration|generate_audio|resolution|safetyTolerance,stored_snapshot:runninghub-{region}.json + runninghub-official-public.json,
discovery,region_snapshot:global,data/model_capabilities/snapshots/runninghub-global.json,5d477b1e0d73,runninghub,,global,flux-3-video/video-continuation,,,runninghub-flux-3-video,,1,flux-3-video-video-continuation,video_extend,video_generation,"video,min=1,async",,official_schema,ready,True,provider_local,,not_implemented,runninghub,aspect_ratio|draft|duration|generate_audio|resolution|safetyTolerance,stored_snapshot:runninghub-{region}.json + runninghub-official-public.json,
discovery,region_snapshot:global,data/model_capabilities/snapshots/runninghub-global.json,5d477b1e0d73,runninghub,,global,flux-3-video/draft-enhance,,,runninghub-flux-3-video-draft-enhance,,1,flux-3-video-draft-enhance,text_to_video,video_generation,"video,min=1,async",,official_schema,ready,True,provider_local,,not_implemented,runninghub,draftCache|resolution|safetyTolerance,stored_snapshot:runninghub-{region}.json + runninghub-official-public.json,
discovery,region_snapshot:global,data/model_capabilities/snapshots/runninghub-global.json,5d477b1e0d73,runninghub,,global,MiniMax-H3 Text-to-Video Regeneration (768P->2K),,,runninghub-minimax-h3,,1,minimax-h3-text-to-video-regeneration-768p-2k,multimodal_to_video,video_generation,"video,min=1,async",,official_schema,ready,True,provider_local,,not_implemented,runninghub,resolution,stored_snapshot:runninghub-{region}.json + runninghub-official-public.json,
discovery,region_snapshot:global,data/model_capabilities/snapshots/runninghub-global.json,5d477b1e0d73,runninghub,,global,MiniMax-H3 Image-to-Video Regeneration (768P->2K),,,runninghub-minimax-h3,,1,minimax-h3-image-to-video-regeneration-768p-2k,multimodal_to_video,video_generation,"video,min=1,async",,official_schema,ready,True,provider_local,,not_implemented,runninghub,resolution,stored_snapshot:runninghub-{region}.json + runninghub-official-public.json,
discovery,region_snapshot:global,data/model_capabilities/snapshots/runninghub-global.json,5d477b1e0d73,runninghub,,global,MiniMax-H3 Multimodal Reference-to-Video Regeneration (768P->2K),,,runninghub-minimax-h3,,1,minimax-h3-multimodal-reference-to-video-regeneration-768p-2k,multimodal_to_video,video_generation,"video,min=1,async",,official_schema,ready,True,provider_local,,not_implemented,runninghub,resolution,stored_snapshot:runninghub-{region}.json + runninghub-official-public.json,
discovery,region_snapshot:global,data/model_capabilities/snapshots/runninghub-global.json,5d477b1e0d73,runninghub,,global,MiniMax-H3-Context-IR (i2va),,,runninghub-minimax-h3-context-ir-i2va,,1,minimax-h3-context-ir-i2va,text_to_image,image_generation,"image,min=1,async",,official_schema,ready,True,provider_local,,not_implemented,runninghub,duration,stored_snapshot:runninghub-{region}.json + runninghub-official-public.json,
discovery,region_snapshot:global,data/model_capabilities/snapshots/runninghub-global.json,5d477b1e0d73,runninghub,,global,seedance-2.5/text-to-video Token,,,runninghub-seedance-2.5,,1,seedance-2.5-text-to-video-token,text_to_video,video_generation,"video,min=1,async",,official_schema,ready,True,provider_local,,not_implemented,runninghub,aspect_ratio|bitrateMode|duration|generate_audio|outputFormat|resolution|return_last_frame|seed|webSearch,stored_snapshot:runninghub-{region}.json + runninghub-official-public.json,
discovery,region_snapshot:global,data/model_capabilities/snapshots/runninghub-global.json,5d477b1e0d73,runninghub,,global,seedance-2.5/image-to-video Token,,,runninghub-seedance-2.5,,1,seedance-2.5-image-to-video-token,image_to_video,video_generation,"video,min=1,async",,official_schema,ready,True,provider_local,,not_implemented,runninghub,aspect_ratio|bitrateMode|conversionSlots|duration|generate_audio|outputFormat|realPersonMode|resolution|return_last_frame|seed,stored_snapshot:runninghub-{region}.json + runninghub-official-public.json,
discovery,region_snapshot:global,data/model_capabilities/snapshots/runninghub-global.json,5d477b1e0d73,runninghub,,global,seedance-2.5/multimodal-video Token,,,runninghub-seedance-2.5,,1,seedance-2.5-multimodal-video-token,multimodal_to_video,video_generation,"video,min=1,async",,official_schema,ready,True,provider_local,,not_implemented,runninghub,aspect_ratio|bitrateMode|conversionSlots|duration|generate_audio|outputFormat|realPersonMode|resolution|return_last_frame|seed,stored_snapshot:runninghub-{region}.json + runninghub-official-public.json,
discovery,region_snapshot:global,data/model_capabilities/snapshots/runninghub-global.json,5d477b1e0d73,runninghub,,global,xai/grok-imagine-video-v1.5/reference-to-video-official-stable,,,runninghub-xai-grok-imagine-video-v1.5,,1,xai-grok-imagine-video-v1.5-reference-to-video-official-stable,image_to_video,video_generation,"video,min=1,async",,official_schema,ready,True,provider_local,,not_implemented,runninghub,aspect_ratio|duration|resolution,stored_snapshot:runninghub-{region}.json + runninghub-official-public.json,
discovery,region_snapshot:global,data/model_capabilities/snapshots/runninghub-global.json,5d477b1e0d73,runninghub,,global,xai / grok-imagine-video-v1.5 / text-to-video-official-stable,,,runninghub-xai-grok-imagine-video-v1.5,,1,xai-grok-imagine-video-v1.5-text-to-video-official-stable,text_to_video,video_generation,"video,min=1,async",,official_schema,ready,True,provider_local,,not_implemented,runninghub,aspect_ratio|duration|resolution,stored_snapshot:runninghub-{region}.json + runninghub-official-public.json,
discovery,region_snapshot:global,data/model_capabilities/snapshots/runninghub-global.json,5d477b1e0d73,runninghub,,global,anthropic/claude-fable-5,,,runninghub-anthropic-claude-fable-5,,1,anthropic-claude-fable-5,chat,text_generation,"chat,min=1,async",,official_schema,ready,True,provider_local,,not_implemented,runninghub,frequency_penalty|max_output_tokens|presence_penalty|reasoning_effort|temperature|top_p,stored_snapshot:runninghub-{region}.json + runninghub-official-public.json,
discovery,region_snapshot:global,data/model_capabilities/snapshots/runninghub-global.json,5d477b1e0d73,runninghub,,global,anthropic/claude-haiku-4.5,,,runninghub-anthropic-claude-haiku-4.5,,1,anthropic-claude-haiku-4.5,chat,text_generation,"chat,min=1,async",,official_schema,ready,True,provider_local,,not_implemented,runninghub,frequency_penalty|max_output_tokens|presence_penalty|reasoning_effort|temperature|top_p,stored_snapshot:runninghub-{region}.json + runninghub-official-public.json,
discovery,region_snapshot:global,data/model_capabilities/snapshots/runninghub-global.json,5d477b1e0d73,runninghub,,global,anthropic/claude-haiku-4.5-saver,,,runninghub-anthropic-claude-haiku-4.5-saver,,1,anthropic-claude-haiku-4.5-saver,chat,text_generation,"chat,min=1,async",,official_schema,ready,True,provider_local,,not_implemented,runninghub,frequency_penalty|max_output_tokens|presence_penalty|reasoning_effort|temperature|top_p,stored_snapshot:runninghub-{region}.json + runninghub-official-public.json,
discovery,region_snapshot:global,data/model_capabilities/snapshots/runninghub-global.json,5d477b1e0d73,runninghub,,global,anthropic/claude-opus-4.5,,,runninghub-anthropic-claude-opus-4.5,,1,anthropic-claude-opus-4.5,chat,text_generation,"chat,min=1,async",,official_schema,ready,True,provider_local,,not_implemented,runninghub,frequency_penalty|max_output_tokens|presence_penalty|reasoning_effort|temperature|top_p,stored_snapshot:runninghub-{region}.json + runninghub-official-public.json,
discovery,region_snapshot:global,data/model_capabilities/snapshots/runninghub-global.json,5d477b1e0d73,runninghub,,global,anthropic/claude-opus-4.6,,,runninghub-anthropic-claude-opus-4.6,,1,anthropic-claude-opus-4.6,chat,text_generation,"chat,min=1,async",,official_schema,ready,True,provider_local,,not_implemented,runninghub,frequency_penalty|max_output_tokens|presence_penalty|reasoning_effort|temperature|top_p,stored_snapshot:runninghub-{region}.json + runninghub-official-public.json,
discovery,region_snapshot:global,data/model_capabilities/snapshots/runninghub-global.json,5d477b1e0d73,runninghub,,global,anthropic/claude-opus-4.6-saver,,,runninghub-anthropic-claude-opus-4.6-saver,,1,anthropic-claude-opus-4.6-saver,chat,text_generation,"chat,min=1,async",,official_schema,ready,True,provider_local,,not_implemented,runninghub,frequency_penalty|max_output_tokens|presence_penalty|reasoning_effort|temperature|top_p,stored_snapshot:runninghub-{region}.json + runninghub-official-public.json,
discovery,region_snapshot:global,data/model_capabilities/snapshots/runninghub-global.json,5d477b1e0d73,runninghub,,global,anthropic/claude-opus-4.7,,,runninghub-anthropic-claude-opus-4.7,,1,anthropic-claude-opus-4.7,chat,text_generation,"chat,min=1,async",,official_schema,ready,True,provider_local,,not_implemented,runninghub,frequency_penalty|max_output_tokens|presence_penalty|reasoning_effort|temperature|top_p,stored_snapshot:runninghub-{region}.json + runninghub-official-public.json,
discovery,region_snapshot:global,data/model_capabilities/snapshots/runninghub-global.json,5d477b1e0d73,runninghub,,global,anthropic/claude-opus-4.7-saver,,,runninghub-anthropic-claude-opus-4.7-saver,,1,anthropic-claude-opus-4.7-saver,chat,text_generation,"chat,min=1,async",,official_schema,ready,True,provider_local,,not_implemented,runninghub,frequency_penalty|max_output_tokens|presence_penalty|reasoning_effort|temperature|top_p,stored_snapshot:runninghub-{region}.json + runninghub-official-public.json,
discovery,region_snapshot:global,data/model_capabilities/snapshots/runninghub-global.json,5d477b1e0d73,runninghub,,global,anthropic/claude-opus-4.8,,,runninghub-anthropic-claude-opus-4.8,,1,anthropic-claude-opus-4.8,chat,text_generation,"chat,min=1,async",,official_schema,ready,True,provider_local,,not_implemented,runninghub,frequency_penalty|max_output_tokens|presence_penalty|reasoning_effort|temperature|top_p,stored_snapshot:runninghub-{region}.json + runninghub-official-public.json,
discovery,region_snapshot:global,data/model_capabilities/snapshots/runninghub-global.json,5d477b1e0d73,runninghub,,global,anthropic/claude-opus-4.8-saver,,,runninghub-anthropic-claude-opus-4.8-saver,,1,anthropic-claude-opus-4.8-saver,chat,text_generation,"chat,min=1,async",,official_schema,ready,True,provider_local,,not_implemented,runninghub,frequency_penalty|max_output_tokens|presence_penalty|reasoning_effort|temperature|top_p,stored_snapshot:runninghub-{region}.json + runninghub-official-public.json,
discovery,region_snapshot:global,data/model_capabilities/snapshots/runninghub-global.json,5d477b1e0d73,runninghub,,global,anthropic/claude-opus-5,,,runninghub-anthropic-claude-opus-5,,1,anthropic-claude-opus-5,chat,text_generation,"chat,min=1,async",,official_schema,ready,True,provider_local,,not_implemented,runninghub,frequency_penalty|max_output_tokens|presence_penalty|reasoning_effort|temperature|top_p,stored_snapshot:runninghub-{region}.json + runninghub-official-public.json,
discovery,region_snapshot:global,data/model_capabilities/snapshots/runninghub-global.json,5d477b1e0d73,runninghub,,global,anthropic/claude-sonnet-4.5,,,runninghub-anthropic-claude-sonnet-4.5,,1,anthropic-claude-sonnet-4.5,chat,text_generation,"chat,min=1,async",,official_schema,ready,True,provider_local,,not_implemented,runninghub,frequency_penalty|max_output_tokens|presence_penalty|reasoning_effort|temperature|top_p,stored_snapshot:runninghub-{region}.json + runninghub-official-public.json,
discovery,region_snapshot:global,data/model_capabilities/snapshots/runninghub-global.json,5d477b1e0d73,runninghub,,global,anthropic/claude-sonnet-4.6,,,runninghub-anthropic-claude-sonnet-4.6,,1,anthropic-claude-sonnet-4.6,chat,text_generation,"chat,min=1,async",,official_schema,ready,True,provider_local,,not_implemented,runninghub,frequency_penalty|max_output_tokens|presence_penalty|reasoning_effort|temperature|top_p,stored_snapshot:runninghub-{region}.json + runninghub-official-public.json,
discovery,region_snapshot:global,data/model_capabilities/snapshots/runninghub-global.json,5d477b1e0d73,runninghub,,global,anthropic/claude-sonnet-4.6-saver,,,runninghub-anthropic-claude-sonnet-4.6-saver,,1,anthropic-claude-sonnet-4.6-saver,chat,text_generation,"chat,min=1,async",,official_schema,ready,True,provider_local,,not_implemented,runninghub,frequency_penalty|max_output_tokens|presence_penalty|reasoning_effort|temperature|top_p,stored_snapshot:runninghub-{region}.json + runninghub-official-public.json,
discovery,region_snapshot:global,data/model_capabilities/snapshots/runninghub-global.json,5d477b1e0d73,runninghub,,global,anthropic/claude-sonnet-5,,,runninghub-anthropic-claude-sonnet-5,,1,anthropic-claude-sonnet-5,chat,text_generation,"chat,min=1,async",,official_schema,ready,True,provider_local,,not_implemented,runninghub,frequency_penalty|max_output_tokens|presence_penalty|reasoning_effort|temperature|top_p,stored_snapshot:runninghub-{region}.json + runninghub-official-public.json,
discovery,region_snapshot:global,data/model_capabilities/snapshots/runninghub-global.json,5d477b1e0d73,runninghub,,global,bytedance/doubao-seed-2.0-code,,,runninghub-bytedance-doubao-seed-2.0-code,,1,bytedance-doubao-seed-2.0-code,chat,text_generation,"chat,min=1,async",,official_schema,ready,True,provider_local,,not_implemented,runninghub,frequency_penalty|max_output_tokens|presence_penalty|reasoning_effort|temperature|top_p,stored_snapshot:runninghub-{region}.json + runninghub-official-public.json,
discovery,region_snapshot:global,data/model_capabilities/snapshots/runninghub-global.json,5d477b1e0d73,runninghub,,global,bytedance/doubao-seed-2.0-lite,,,runninghub-bytedance-doubao-seed-2.0-lite,,1,bytedance-doubao-seed-2.0-lite,chat,text_generation,"chat,min=1,async",,official_schema,ready,True,provider_local,,not_implemented,runninghub,frequency_penalty|max_output_tokens|presence_penalty|reasoning_effort|temperature|top_p,stored_snapshot:runninghub-{region}.json + runninghub-official-public.json,
discovery,region_snapshot:global,data/model_capabilities/snapshots/runninghub-global.json,5d477b1e0d73,runninghub,,global,bytedance/doubao-seed-2.0-mini,,,runninghub-bytedance-doubao-seed-2.0-mini,,1,bytedance-doubao-seed-2.0-mini,chat,text_generation,"chat,min=1,async",,official_schema,ready,True,provider_local,,not_implemented,runninghub,frequency_penalty|max_output_tokens|presence_penalty|reasoning_effort|temperature|top_p,stored_snapshot:runninghub-{region}.json + runninghub-official-public.json,
discovery,region_snapshot:global,data/model_capabilities/snapshots/runninghub-global.json,5d477b1e0d73,runninghub,,global,bytedance/doubao-seed-2.0-pro,,,runninghub-bytedance-doubao-seed-2.0-pro,,1,bytedance-doubao-seed-2.0-pro,chat,text_generation,"chat,min=1,async",,official_schema,ready,True,provider_local,,not_implemented,runninghub,frequency_penalty|max_output_tokens|presence_penalty|reasoning_effort|temperature|top_p,stored_snapshot:runninghub-{region}.json + runninghub-official-public.json,
discovery,region_snapshot:global,data/model_capabilities/snapshots/runninghub-global.json,5d477b1e0d73,runninghub,,global,bytedance/doubao-seed-2.1-pro,,,runninghub-bytedance-doubao-seed-2.1-pro,,1,bytedance-doubao-seed-2.1-pro,chat,text_generation,"chat,min=1,async",,official_schema,ready,True,provider_local,,not_implemented,runninghub,frequency_penalty|max_output_tokens|presence_penalty|reasoning_effort|temperature|top_p,stored_snapshot:runninghub-{region}.json + runninghub-official-public.json,
discovery,region_snapshot:global,data/model_capabilities/snapshots/runninghub-global.json,5d477b1e0d73,runninghub,,global,bytedance/doubao-seed-2.1-turbo,,,runninghub-bytedance-doubao-seed-2.1-turbo,,1,bytedance-doubao-seed-2.1-turbo,chat,text_generation,"chat,min=1,async",,official_schema,ready,True,provider_local,,not_implemented,runninghub,frequency_penalty|max_output_tokens|presence_penalty|reasoning_effort|temperature|top_p,stored_snapshot:runninghub-{region}.json + runninghub-official-public.json,
discovery,region_snapshot:global,data/model_capabilities/snapshots/runninghub-global.json,5d477b1e0d73,runninghub,,global,bytedance/doubao-seed-evolving,,,runninghub-bytedance-doubao-seed-evolving,,1,bytedance-doubao-seed-evolving,chat,text_generation,"chat,min=1,async",,official_schema,ready,True,provider_local,,not_implemented,runninghub,frequency_penalty|max_output_tokens|presence_penalty|reasoning_effort|temperature|top_p,stored_snapshot:runninghub-{region}.json + runninghub-official-public.json,
discovery,region_snapshot:global,data/model_capabilities/snapshots/runninghub-global.json,5d477b1e0d73,runninghub,,global,deepseek/deepseek-v4-flash,,,runninghub-deepseek-deepseek-v4-flash,,1,deepseek-deepseek-v4-flash,chat,text_generation,"chat,min=1,async",,official_schema,ready,True,provider_local,,not_implemented,runninghub,frequency_penalty|max_output_tokens|presence_penalty|reasoning_effort|temperature|top_p,stored_snapshot:runninghub-{region}.json + runninghub-official-public.json,
discovery,region_snapshot:global,data/model_capabilities/snapshots/runninghub-global.json,5d477b1e0d73,runninghub,,global,deepseek/deepseek-v4-pro,,,runninghub-deepseek-deepseek-v4-pro,,1,deepseek-deepseek-v4-pro,chat,text_generation,"chat,min=1,async",,official_schema,ready,True,provider_local,,not_implemented,runninghub,frequency_penalty|max_output_tokens|presence_penalty|reasoning_effort|temperature|top_p,stored_snapshot:runninghub-{region}.json + runninghub-official-public.json,
discovery,region_snapshot:global,data/model_capabilities/snapshots/runninghub-global.json,5d477b1e0d73,runninghub,,global,glm-5,,,runninghub-glm-5,,1,glm-5,chat,text_generation,"chat,min=1,async",,official_schema,ready,True,provider_local,,not_implemented,runninghub,frequency_penalty|max_output_tokens|presence_penalty|reasoning_effort|temperature|top_p,stored_snapshot:runninghub-{region}.json + runninghub-official-public.json,
discovery,region_snapshot:global,data/model_capabilities/snapshots/runninghub-global.json,5d477b1e0d73,runninghub,,global,glm-5-turbo,,,runninghub-glm-5-turbo,,1,glm-5-turbo,chat,text_generation,"chat,min=1,async",,official_schema,ready,True,provider_local,,not_implemented,runninghub,frequency_penalty|max_output_tokens|presence_penalty|reasoning_effort|temperature|top_p,stored_snapshot:runninghub-{region}.json + runninghub-official-public.json,
discovery,region_snapshot:global,data/model_capabilities/snapshots/runninghub-global.json,5d477b1e0d73,runninghub,,global,glm-5.1,,,runninghub-glm-5.1,,1,glm-5.1,chat,text_generation,"chat,min=1,async",,official_schema,ready,True,provider_local,,not_implemented,runninghub,frequency_penalty|max_output_tokens|presence_penalty|reasoning_effort|temperature|top_p,stored_snapshot:runninghub-{region}.json + runninghub-official-public.json,
discovery,region_snapshot:global,data/model_capabilities/snapshots/runninghub-global.json,5d477b1e0d73,runninghub,,global,glm-5.2,,,runninghub-glm-5.2,,1,glm-5.2,chat,text_generation,"chat,min=1,async",,official_schema,ready,True,provider_local,,not_implemented,runninghub,frequency_penalty|max_output_tokens|presence_penalty|reasoning_effort|temperature|top_p,stored_snapshot:runninghub-{region}.json + runninghub-official-public.json,
discovery,region_snapshot:global,data/model_capabilities/snapshots/runninghub-global.json,5d477b1e0d73,runninghub,,global,glm-5v-turbo,,,runninghub-glm-5v-turbo,,1,glm-5v-turbo,chat,text_generation,"chat,min=1,async",,official_schema,ready,True,provider_local,,not_implemented,runninghub,frequency_penalty|max_output_tokens|presence_penalty|reasoning_effort|temperature|top_p,stored_snapshot:runninghub-{region}.json + runninghub-official-public.json,
discovery,region_snapshot:global,data/model_capabilities/snapshots/runninghub-global.json,5d477b1e0d73,runninghub,,global,google/gemini-2.5-flash,,,runninghub-google-gemini-2.5-flash,,1,google-gemini-2.5-flash,chat,text_generation,"chat,min=1,async",,official_schema,ready,True,provider_local,,not_implemented,runninghub,frequency_penalty|max_output_tokens|presence_penalty|reasoning_effort|temperature|top_p,stored_snapshot:runninghub-{region}.json + runninghub-official-public.json,
discovery,region_snapshot:global,data/model_capabilities/snapshots/runninghub-global.json,5d477b1e0d73,runninghub,,global,google/gemini-2.5-pro,,,runninghub-google-gemini-2.5-pro,,1,google-gemini-2.5-pro,chat,text_generation,"chat,min=1,async",,official_schema,ready,True,provider_local,,not_implemented,runninghub,frequency_penalty|max_output_tokens|presence_penalty|reasoning_effort|temperature|top_p,stored_snapshot:runninghub-{region}.json + runninghub-official-public.json,
discovery,region_snapshot:global,data/model_capabilities/snapshots/runninghub-global.json,5d477b1e0d73,runninghub,,global,google/gemini-3-flash-preview,,,runninghub-google-gemini-3-flash-preview,,1,google-gemini-3-flash-preview,chat,text_generation,"chat,min=1,async",,official_schema,ready,True,provider_local,,not_implemented,runninghub,frequency_penalty|max_output_tokens|presence_penalty|reasoning_effort|temperature|top_p,stored_snapshot:runninghub-{region}.json + runninghub-official-public.json,
discovery,region_snapshot:global,data/model_capabilities/snapshots/runninghub-global.json,5d477b1e0d73,runninghub,,global,google/gemini-3.1-flash-lite-preview,,,runninghub-google-gemini-3.1-flash-lite-preview,,1,google-gemini-3.1-flash-lite-preview,chat,text_generation,"chat,min=1,async",,official_schema,ready,True,provider_local,,not_implemented,runninghub,frequency_penalty|max_output_tokens|presence_penalty|reasoning_effort|temperature|top_p,stored_snapshot:runninghub-{region}.json + runninghub-official-public.json,
discovery,region_snapshot:global,data/model_capabilities/snapshots/runninghub-global.json,5d477b1e0d73,runninghub,,global,google/gemini-3.1-pro-preview,,,runninghub-google-gemini-3.1-pro-preview,,1,google-gemini-3.1-pro-preview,chat,text_generation,"chat,min=1,async",,official_schema,ready,True,provider_local,,not_implemented,runninghub,frequency_penalty|max_output_tokens|presence_penalty|reasoning_effort|temperature|top_p,stored_snapshot:runninghub-{region}.json + runninghub-official-public.json,
discovery,region_snapshot:global,data/model_capabilities/snapshots/runninghub-global.json,5d477b1e0d73,runninghub,,global,google/gemini-3.5-flash,,,runninghub-google-gemini-3.5-flash,,1,google-gemini-3.5-flash,chat,text_generation,"chat,min=1,async",,official_schema,ready,True,provider_local,,not_implemented,runninghub,frequency_penalty|max_output_tokens|presence_penalty|reasoning_effort|temperature|top_p,stored_snapshot:runninghub-{region}.json + runninghub-official-public.json,
discovery,region_snapshot:global,data/model_capabilities/snapshots/runninghub-global.json,5d477b1e0d73,runninghub,,global,google/gemini-3.5-flash-lite,,,runninghub-google-gemini-3.5-flash-lite,,1,google-gemini-3.5-flash-lite,chat,text_generation,"chat,min=1,async",,official_schema,ready,True,provider_local,,not_implemented,runninghub,frequency_penalty|max_output_tokens|presence_penalty|reasoning_effort|temperature|top_p,stored_snapshot:runninghub-{region}.json + runninghub-official-public.json,
discovery,region_snapshot:global,data/model_capabilities/snapshots/runninghub-global.json,5d477b1e0d73,runninghub,,global,google/gemini-3.6-flash,,,runninghub-google-gemini-3.6-flash,,1,google-gemini-3.6-flash,chat,text_generation,"chat,min=1,async",,official_schema,ready,True,provider_local,,not_implemented,runninghub,frequency_penalty|max_output_tokens|presence_penalty|reasoning_effort|temperature|top_p,stored_snapshot:runninghub-{region}.json + runninghub-official-public.json,
discovery,region_snapshot:global,data/model_capabilities/snapshots/runninghub-global.json,5d477b1e0d73,runninghub,,global,minimax/minimax-m2.7,,,runninghub-minimax,,1,minimax-minimax-m2.7,chat,text_generation,"chat,min=1,async",,official_schema,ready,True,provider_local,,not_implemented,runninghub,frequency_penalty|max_output_tokens|presence_penalty|reasoning_effort|temperature|top_p,stored_snapshot:runninghub-{region}.json + runninghub-official-public.json,
discovery,region_snapshot:global,data/model_capabilities/snapshots/runninghub-global.json,5d477b1e0d73,runninghub,,global,openai/gpt-5.3-codex,,,runninghub-openai-gpt-5.3-codex,,1,openai-gpt-5.3-codex,chat,text_generation,"chat,min=1,async",,official_schema,ready,True,provider_local,,not_implemented,runninghub,frequency_penalty|max_output_tokens|presence_penalty|reasoning_effort|temperature|top_p,stored_snapshot:runninghub-{region}.json + runninghub-official-public.json,
discovery,region_snapshot:global,data/model_capabilities/snapshots/runninghub-global.json,5d477b1e0d73,runninghub,,global,openai/gpt-5.4,,,runninghub-openai-gpt-5.4,,1,openai-gpt-5.4,chat,text_generation,"chat,min=1,async",,official_schema,ready,True,provider_local,,not_implemented,runninghub,frequency_penalty|max_output_tokens|presence_penalty|reasoning_effort|temperature|top_p,stored_snapshot:runninghub-{region}.json + runninghub-official-public.json,
discovery,region_snapshot:global,data/model_capabilities/snapshots/runninghub-global.json,5d477b1e0d73,runninghub,,global,openai/gpt-5.4-mini,,,runninghub-openai-gpt-5.4-mini,,1,openai-gpt-5.4-mini,chat,text_generation,"chat,min=1,async",,official_schema,ready,True,provider_local,,not_implemented,runninghub,frequency_penalty|max_output_tokens|presence_penalty|reasoning_effort|temperature|top_p,stored_snapshot:runninghub-{region}.json + runninghub-official-public.json,
discovery,region_snapshot:global,data/model_capabilities/snapshots/runninghub-global.json,5d477b1e0d73,runninghub,,global,openai/gpt-5.4-nano,,,runninghub-openai-gpt-5.4-nano,,1,openai-gpt-5.4-nano,chat,text_generation,"chat,min=1,async",,official_schema,ready,True,provider_local,,not_implemented,runninghub,frequency_penalty|max_output_tokens|presence_penalty|reasoning_effort|temperature|top_p,stored_snapshot:runninghub-{region}.json + runninghub-official-public.json,
discovery,region_snapshot:global,data/model_capabilities/snapshots/runninghub-global.json,5d477b1e0d73,runninghub,,global,openai/gpt-5.4-pro,,,runninghub-openai-gpt-5.4-pro,,1,openai-gpt-5.4-pro,chat,text_generation,"chat,min=1,async",,official_schema,ready,True,provider_local,,not_implemented,runninghub,frequency_penalty|max_output_tokens|presence_penalty|reasoning_effort|temperature|top_p,stored_snapshot:runninghub-{region}.json + runninghub-official-public.json,
discovery,region_snapshot:global,data/model_capabilities/snapshots/runninghub-global.json,5d477b1e0d73,runninghub,,global,openai/gpt-5.5,,,runninghub-openai-gpt-5.5,,1,openai-gpt-5.5,chat,text_generation,"chat,min=1,async",,official_schema,ready,True,provider_local,,not_implemented,runninghub,frequency_penalty|max_output_tokens|presence_penalty|reasoning_effort|temperature|top_p,stored_snapshot:runninghub-{region}.json + runninghub-official-public.json,
discovery,region_snapshot:global,data/model_capabilities/snapshots/runninghub-global.json,5d477b1e0d73,runninghub,,global,openai/gpt-5.5-pro,,,runninghub-openai-gpt-5.5-pro,,1,openai-gpt-5.5-pro,chat,text_generation,"chat,min=1,async",,official_schema,ready,True,provider_local,,not_implemented,runninghub,frequency_penalty|max_output_tokens|presence_penalty|reasoning_effort|temperature|top_p,stored_snapshot:runninghub-{region}.json + runninghub-official-public.json,
discovery,region_snapshot:global,data/model_capabilities/snapshots/runninghub-global.json,5d477b1e0d73,runninghub,,global,openai/gpt-5.5-saver,,,runninghub-openai-gpt-5.5-saver,,1,openai-gpt-5.5-saver,chat,text_generation,"chat,min=1,async",,official_schema,ready,True,provider_local,,not_implemented,runninghub,frequency_penalty|max_output_tokens|presence_penalty|reasoning_effort|temperature|top_p,stored_snapshot:runninghub-{region}.json + runninghub-official-public.json,
discovery,region_snapshot:global,data/model_capabilities/snapshots/runninghub-global.json,5d477b1e0d73,runninghub,,global,openai/gpt-5.6-luna,,,runninghub-openai-gpt-5.6-luna,,1,openai-gpt-5.6-luna,chat,text_generation,"chat,min=1,async",,official_schema,ready,True,provider_local,,not_implemented,runninghub,frequency_penalty|max_output_tokens|presence_penalty|reasoning_effort|temperature|top_p,stored_snapshot:runninghub-{region}.json + runninghub-official-public.json,
discovery,region_snapshot:global,data/model_capabilities/snapshots/runninghub-global.json,5d477b1e0d73,runninghub,,global,openai/gpt-5.6-luna-saver,,,runninghub-openai-gpt-5.6-luna-saver,,1,openai-gpt-5.6-luna-saver,chat,text_generation,"chat,min=1,async",,official_schema,ready,True,provider_local,,not_implemented,runninghub,frequency_penalty|max_output_tokens|presence_penalty|reasoning_effort|temperature|top_p,stored_snapshot:runninghub-{region}.json + runninghub-official-public.json,
discovery,region_snapshot:global,data/model_capabilities/snapshots/runninghub-global.json,5d477b1e0d73,runninghub,,global,openai/gpt-5.6-sol,,,runninghub-openai-gpt-5.6-sol,,1,openai-gpt-5.6-sol,chat,text_generation,"chat,min=1,async",,official_schema,ready,True,provider_local,,not_implemented,runninghub,frequency_penalty|max_output_tokens|presence_penalty|reasoning_effort|temperature|top_p,stored_snapshot:runninghub-{region}.json + runninghub-official-public.json,
discovery,region_snapshot:global,data/model_capabilities/snapshots/runninghub-global.json,5d477b1e0d73,runninghub,,global,openai/gpt-5.6-sol-saver,,,runninghub-openai-gpt-5.6-sol-saver,,1,openai-gpt-5.6-sol-saver,chat,text_generation,"chat,min=1,async",,official_schema,ready,True,provider_local,,not_implemented,runninghub,frequency_penalty|max_output_tokens|presence_penalty|reasoning_effort|temperature|top_p,stored_snapshot:runninghub-{region}.json + runninghub-official-public.json,
discovery,region_snapshot:global,data/model_capabilities/snapshots/runninghub-global.json,5d477b1e0d73,runninghub,,global,openai/gpt-5.6-terra,,,runninghub-openai-gpt-5.6-terra,,1,openai-gpt-5.6-terra,chat,text_generation,"chat,min=1,async",,official_schema,ready,True,provider_local,,not_implemented,runninghub,frequency_penalty|max_output_tokens|presence_penalty|reasoning_effort|temperature|top_p,stored_snapshot:runninghub-{region}.json + runninghub-official-public.json,
discovery,region_snapshot:global,data/model_capabilities/snapshots/runninghub-global.json,5d477b1e0d73,runninghub,,global,openai/gpt-5.6-terra-saver,,,runninghub-openai-gpt-5.6-terra-saver,,1,openai-gpt-5.6-terra-saver,chat,text_generation,"chat,min=1,async",,official_schema,ready,True,provider_local,,not_implemented,runninghub,frequency_penalty|max_output_tokens|presence_penalty|reasoning_effort|temperature|top_p,stored_snapshot:runninghub-{region}.json + runninghub-official-public.json,
discovery,region_snapshot:global,data/model_capabilities/snapshots/runninghub-global.json,5d477b1e0d73,runninghub,,global,qwen/qwen3.6-flash,,,runninghub-qwen-qwen3.6-flash,,1,qwen-qwen3.6-flash,chat,text_generation,"chat,min=1,async",,official_schema,ready,True,provider_local,,not_implemented,runninghub,frequency_penalty|max_output_tokens|presence_penalty|reasoning_effort|temperature|top_p,stored_snapshot:runninghub-{region}.json + runninghub-official-public.json,
discovery,region_snapshot:global,data/model_capabilities/snapshots/runninghub-global.json,5d477b1e0d73,runninghub,,global,qwen/qwen3.6-max-preview,,,runninghub-qwen-qwen3.6-max-preview,,1,qwen-qwen3.6-max-preview,chat,text_generation,"chat,min=1,async",,official_schema,ready,True,provider_local,,not_implemented,runninghub,frequency_penalty|max_output_tokens|presence_penalty|reasoning_effort|temperature|top_p,stored_snapshot:runninghub-{region}.json + runninghub-official-public.json,
discovery,region_snapshot:global,data/model_capabilities/snapshots/runninghub-global.json,5d477b1e0d73,runninghub,,global,qwen/qwen3.6-plus,,,runninghub-qwen-qwen3.6-plus,,1,qwen-qwen3.6-plus,chat,text_generation,"chat,min=1,async",,official_schema,ready,True,provider_local,,not_implemented,runninghub,frequency_penalty|max_output_tokens|presence_penalty|reasoning_effort|temperature|top_p,stored_snapshot:runninghub-{region}.json + runninghub-official-public.json,
discovery,region_snapshot:global,data/model_capabilities/snapshots/runninghub-global.json,5d477b1e0d73,runninghub,,global,qwen/qwen3.7-max,,,runninghub-qwen-qwen3.7-max,,1,qwen-qwen3.7-max,chat,text_generation,"chat,min=1,async",,official_schema,ready,True,provider_local,,not_implemented,runninghub,frequency_penalty|max_output_tokens|presence_penalty|reasoning_effort|temperature|top_p,stored_snapshot:runninghub-{region}.json + runninghub-official-public.json,
discovery,region_snapshot:global,data/model_capabilities/snapshots/runninghub-global.json,5d477b1e0d73,runninghub,,global,qwen/qwen3.7-plus,,,runninghub-qwen-qwen3.7-plus,,1,qwen-qwen3.7-plus,chat,text_generation,"chat,min=1,async",,official_schema,ready,True,provider_local,,not_implemented,runninghub,frequency_penalty|max_output_tokens|presence_penalty|reasoning_effort|temperature|top_p,stored_snapshot:runninghub-{region}.json + runninghub-official-public.json,
discovery,region_snapshot:global,data/model_capabilities/snapshots/runninghub-global.json,5d477b1e0d73,runninghub,,global,qwen/qwen3.8-max,,,runninghub-qwen-qwen3.8-max,,1,qwen-qwen3.8-max,chat,text_generation,"chat,min=1,async",,official_schema,ready,True,provider_local,,not_implemented,runninghub,frequency_penalty|max_output_tokens|presence_penalty|reasoning_effort|temperature|top_p,stored_snapshot:runninghub-{region}.json + runninghub-official-public.json,
discovery,region_snapshot:global,data/model_capabilities/snapshots/runninghub-global.json,5d477b1e0d73,runninghub,,global,xai/grok-4.3,,,runninghub-xai-grok-4.3,,1,xai-grok-4.3,chat,text_generation,"chat,min=1,async",,official_schema,ready,True,provider_local,,not_implemented,runninghub,frequency_penalty|max_output_tokens|presence_penalty|reasoning_effort|temperature|top_p,stored_snapshot:runninghub-{region}.json + runninghub-official-public.json,
discovery,region_snapshot:global,data/model_capabilities/snapshots/runninghub-global.json,5d477b1e0d73,runninghub,,global,xai/grok-4.5,,,runninghub-xai-grok-4.5,,1,xai-grok-4.5,chat,text_generation,"chat,min=1,async",,official_schema,ready,True,provider_local,,not_implemented,runninghub,frequency_penalty|max_output_tokens|presence_penalty|reasoning_effort|temperature|top_p,stored_snapshot:runninghub-{region}.json + runninghub-official-public.json,
discovery,region_snapshot:global,data/model_capabilities/snapshots/runninghub-global.json,5d477b1e0d73,runninghub,,global,xai/grok-4.6,,,runninghub-xai-grok-4.6,,1,xai-grok-4.6,chat,text_generation,"chat,min=1,async",,official_schema,ready,True,provider_local,,not_implemented,runninghub,frequency_penalty|max_output_tokens|presence_penalty|reasoning_effort|temperature|top_p,stored_snapshot:runninghub-{region}.json + runninghub-official-public.json,
discovery,region_snapshot:global,data/model_capabilities/snapshots/runninghub-global.json,5d477b1e0d73,runninghub,,global,seedance-2.0-global/text-to-video,,,runninghub-seedance-2.0,,1,seedance2.0-text-to-video,text_to_video,video_generation,"video,min=1,async",,official_schema,ready,True,provider_local,,not_implemented,runninghub,aspect_ratio|duration|generate_audio|resolution|return_last_frame|webSearch,stored_snapshot:runninghub-{region}.json + runninghub-official-public.json,
discovery,region_snapshot:global,data/model_capabilities/snapshots/runninghub-global.json,5d477b1e0d73,runninghub,,global,seedance-2.0-global/image-to-video,,,runninghub-seedance-2.0,,1,seedance2.0-image-to-video,image_to_video,video_generation,"video,min=1,async",,official_schema,ready,True,provider_local,,not_implemented,runninghub,aspect_ratio|duration|generate_audio|resolution|return_last_frame,stored_snapshot:runninghub-{region}.json + runninghub-official-public.json,
discovery,region_snapshot:cn,data/model_capabilities/snapshots/runninghub-cn.json,d7fa6bd75964,runninghub,,cn,doubao-seed-audio-1.0,,,runninghub-doubao-seed-audio-1.0,,1,doubao-seed-audio-1.0,text_to_audio,audio_generation,"audio,min=1,async",,official_schema,ready,True,provider_local,,not_implemented,runninghub,format|loudness_rate|pitch_rate|sample_rate|speaker|speech_rate|text_prompt,stored_snapshot:runninghub-{region}.json + runninghub-official-public.json,
discovery,region_snapshot:cn,data/model_capabilities/snapshots/runninghub-cn.json,d7fa6bd75964,runninghub,,cn,minimax/music-2.6,,,runninghub-minimax,,1,minimax-music-2.6,music,music_generation,"audio,min=1,async",,official_schema,ready,True,provider_local,,not_implemented,runninghub,bitrate|format|isInstrumental|lyrics|lyricsOptimizer|sampleRate,stored_snapshot:runninghub-{region}.json + runninghub-official-public.json,
discovery,region_snapshot:cn,data/model_capabilities/snapshots/runninghub-cn.json,d7fa6bd75964,runninghub,,cn,minimax/music-cover,,,runninghub-minimax,,1,minimax-music-cover,music_to_music,music_generation,"audio,min=1,async",,official_schema,ready,True,provider_local,,not_implemented,runninghub,bitrate|coverFeatureId|format|lyrics|sampleRate,stored_snapshot:runninghub-{region}.json + runninghub-official-public.json,
discovery,region_snapshot:cn,data/model_capabilities/snapshots/runninghub-cn.json,d7fa6bd75964,runninghub,,cn,minimax/music-cover-preprocess,,,runninghub-minimax,,1,minimax-music-cover-preprocess,music_to_music,music_generation,"audio,min=1,async",,official_schema,ready,True,provider_local,,not_implemented,runninghub,,stored_snapshot:runninghub-{region}.json + runninghub-official-public.json,NO_PARAMETER_FIELDS
discovery,region_snapshot:cn,data/model_capabilities/snapshots/runninghub-cn.json,d7fa6bd75964,runninghub,,cn,minimax/voice-design,,,runninghub-minimax,,1,minimax-voice-design,voice_design,audio_generation,"audio,min=1,async",,official_schema,ready,True,provider_local,,not_implemented,runninghub,aigcWatermark|previewText|voiceId,stored_snapshot:runninghub-{region}.json + runninghub-official-public.json,
discovery,region_snapshot:cn,data/model_capabilities/snapshots/runninghub-cn.json,d7fa6bd75964,runninghub,,cn,suno-custom-v4.5,,,runninghub-suno,,1,suno-custom-v4.5,music,music_generation,"audio,min=1,async",,official_schema,ready,True,provider_local,,not_implemented,runninghub,tags|title,stored_snapshot:runninghub-{region}.json + runninghub-official-public.json,
discovery,region_snapshot:cn,data/model_capabilities/snapshots/runninghub-cn.json,d7fa6bd75964,runninghub,,cn,suno-single-v4.5,,,runninghub-suno,,1,suno-single-v4.5,music,music_generation,"audio,min=1,async",,official_schema,ready,True,provider_local,,not_implemented,runninghub,description|make_instrumental|title,stored_snapshot:runninghub-{region}.json + runninghub-official-public.json,
discovery,region_snapshot:cn,data/model_capabilities/snapshots/runninghub-cn.json,d7fa6bd75964,runninghub,,cn,suno-custom-v5.5,,,runninghub-suno,,1,suno-custom-v5.5,music,music_generation,"audio,min=1,async",,official_schema,ready,True,provider_local,,not_implemented,runninghub,tags|title,stored_snapshot:runninghub-{region}.json + runninghub-official-public.json,
discovery,region_snapshot:cn,data/model_capabilities/snapshots/runninghub-cn.json,d7fa6bd75964,runninghub,,cn,suno-single-v5.5,,,runninghub-suno,,1,suno-single-v5.5,music,music_generation,"audio,min=1,async",,official_schema,ready,True,provider_local,,not_implemented,runninghub,description|make_instrumental|title,stored_snapshot:runninghub-{region}.json + runninghub-official-public.json,
discovery,region_snapshot:cn,data/model_capabilities/snapshots/runninghub-cn.json,d7fa6bd75964,runninghub,,cn,suno-custom-v5,,,runninghub-suno,,1,suno-custom-v5,music,music_generation,"audio,min=1,async",,official_schema,ready,True,provider_local,,not_implemented,runninghub,tags|title,stored_snapshot:runninghub-{region}.json + runninghub-official-public.json,
discovery,region_snapshot:cn,data/model_capabilities/snapshots/runninghub-cn.json,d7fa6bd75964,runninghub,,cn,suno-single-v5,,,runninghub-suno,,1,suno-single-v5,music,music_generation,"audio,min=1,async",,official_schema,ready,True,provider_local,,not_implemented,runninghub,description|make_instrumental|title,stored_snapshot:runninghub-{region}.json + runninghub-official-public.json,
discovery,region_snapshot:cn,data/model_capabilities/snapshots/runninghub-cn.json,d7fa6bd75964,runninghub,,cn,suno-lyrics,,,runninghub-suno,,1,suno-lyrics,music,music_generation,"audio,min=1,async",,official_schema,ready,True,provider_local,,not_implemented,runninghub,,stored_snapshot:runninghub-{region}.json + runninghub-official-public.json,NO_PARAMETER_FIELDS
discovery,region_snapshot:cn,data/model_capabilities/snapshots/runninghub-cn.json,d7fa6bd75964,runninghub,,cn,minimax/music-2.5,,,runninghub-minimax,,1,minimax-music-2.5,music,music_generation,"audio,min=1,async",,official_schema,ready,True,provider_local,,not_implemented,runninghub,bitrate|lyrics|sampleRate,stored_snapshot:runninghub-{region}.json + runninghub-official-public.json,
discovery,region_snapshot:cn,data/model_capabilities/snapshots/runninghub-cn.json,d7fa6bd75964,runninghub,,cn,minimax/speech-02-hd,,,runninghub-minimax,,1,minimax-speech-02-hd,text_to_audio,audio_generation,"audio,min=1,async",,official_schema,ready,True,provider_local,,not_implemented,runninghub,emotion|enable_base64_output|english_normalization|pitch|pronunciation_dict|speed|voice_id|volume,stored_snapshot:runninghub-{region}.json + runninghub-official-public.json,
discovery,region_snapshot:cn,data/model_capabilities/snapshots/runninghub-cn.json,d7fa6bd75964,runninghub,,cn,minimax/speech-02-turbo,,,runninghub-minimax,,1,minimax-speech-02-turbo,text_to_audio,audio_generation,"audio,min=1,async",,official_schema,ready,True,provider_local,,not_implemented,runninghub,emotion|enable_base64_output|english_normalization|pitch|pronunciation_dict|speed|voice_id|volume,stored_snapshot:runninghub-{region}.json + runninghub-official-public.json,
discovery,region_snapshot:cn,data/model_capabilities/snapshots/runninghub-cn.json,d7fa6bd75964,runninghub,,cn,minimax/speech-2.6-hd,,,runninghub-minimax,,1,minimax-speech-2.6-hd,text_to_audio,audio_generation,"audio,min=1,async",,official_schema,ready,True,provider_local,,not_implemented,runninghub,emotion|enable_base64_output|english_normalization|pitch|pronunciation_dict|speed|voice_id|volume,stored_snapshot:runninghub-{region}.json + runninghub-official-public.json,
discovery,region_snapshot:cn,data/model_capabilities/snapshots/runninghub-cn.json,d7fa6bd75964,runninghub,,cn,minimax/speech-2.6-turbo,,,runninghub-minimax,,1,minimax-speech-2.6-turbo,text_to_audio,audio_generation,"audio,min=1,async",,official_schema,ready,True,provider_local,,not_implemented,runninghub,emotion|enable_base64_output|english_normalization|pitch|pronunciation_dict|speed|voice_id|volume,stored_snapshot:runninghub-{region}.json + runninghub-official-public.json,
discovery,region_snapshot:cn,data/model_capabilities/snapshots/runninghub-cn.json,d7fa6bd75964,runninghub,,cn,minimax/speech-2.8-hd,,,runninghub-minimax,,1,minimax-speech-2.8-hd,text_to_audio,audio_generation,"audio,min=1,async",,official_schema,ready,True,provider_local,,not_implemented,runninghub,emotion|enable_base64_output|english_normalization|pitch|pronunciation_dict|speed|voice_id|volume,stored_snapshot:runninghub-{region}.json + runninghub-official-public.json,
discovery,region_snapshot:cn,data/model_capabilities/snapshots/runninghub-cn.json,d7fa6bd75964,runninghub,,cn,minimax/speech-2.8-turbo,,,runninghub-minimax,,1,minimax-speech-2.8-turbo,text_to_audio,audio_generation,"audio,min=1,async",,official_schema,ready,True,provider_local,,not_implemented,runninghub,emotion|enable_base64_output|english_normalization|pitch|pronunciation_dict|speed|voice_id|volume,stored_snapshot:runninghub-{region}.json + runninghub-official-public.json,
discovery,region_snapshot:cn,data/model_capabilities/snapshots/runninghub-cn.json,d7fa6bd75964,runninghub,,cn,minimax/voice-clone,,,runninghub-minimax,,1,minimax-voice-clone,voice_clone,audio_generation,"audio,min=1,async",,official_schema,ready,True,provider_local,,not_implemented,runninghub,accuracy|custom_voice_id|language_boost|model|need_noise_reduction|need_volume_normalization,stored_snapshot:runninghub-{region}.json + runninghub-official-public.json,
discovery,region_snapshot:cn,data/model_capabilities/snapshots/runninghub-cn.json,d7fa6bd75964,runninghub,,cn,qwen-image-2.0-pro/image-edit,,,runninghub-qwen-image-2.0-pro,,1,qwen-image-2.0-pro-image-edit,image_to_image,image_generation,"image,min=1,async",,official_schema,ready,True,provider_local,,not_implemented,runninghub,imageNum|negativePrompt|size,stored_snapshot:runninghub-{region}.json + runninghub-official-public.json,
discovery,region_snapshot:cn,data/model_capabilities/snapshots/runninghub-cn.json,d7fa6bd75964,runninghub,,cn,qwen-image-3.0-pro/text-to-image,,,runninghub-qwen-image-3.0-pro,,1,qwen-image-3.0-pro-text-to-image,text_to_image,image_generation,"image,min=1,async",,official_schema,ready,True,provider_local,,not_implemented,runninghub,imageNum|negativePrompt|promptExtend|promptExtendMode|seed|size,stored_snapshot:runninghub-{region}.json + runninghub-official-public.json,
discovery,region_snapshot:cn,data/model_capabilities/snapshots/runninghub-cn.json,d7fa6bd75964,runninghub,,cn,qwen-image-3.0-pro/image-edit,,,runninghub-qwen-image-3.0-pro,,1,qwen-image-3.0-pro-image-edit,image_to_image,image_generation,"image,min=1,async",,official_schema,ready,True,provider_local,,not_implemented,runninghub,imageNum|negativePrompt|promptExtend|promptExtendMode|seed|size,stored_snapshot:runninghub-{region}.json + runninghub-official-public.json,
discovery,region_snapshot:cn,data/model_capabilities/snapshots/runninghub-cn.json,d7fa6bd75964,runninghub,,cn,qwen-image-2.0-pro/text-to-image,,,runninghub-qwen-image-2.0-pro,,1,qwen-image-2.0-pro-text-to-image,text_to_image,image_generation,"image,min=1,async",,official_schema,ready,True,provider_local,,not_implemented,runninghub,imageNum|negativePrompt|promptExtend|size,stored_snapshot:runninghub-{region}.json + runninghub-official-public.json,
discovery,region_snapshot:cn,data/model_capabilities/snapshots/runninghub-cn.json,d7fa6bd75964,runninghub,,cn,qwen-image-2.0/image-edit,,,runninghub-qwen-image-2.0,,1,qwen-image-2.0-image-edit,image_to_image,image_generation,"image,min=1,async",,official_schema,ready,True,provider_local,,not_implemented,runninghub,imageNum|negativePrompt|size,stored_snapshot:runninghub-{region}.json + runninghub-official-public.json,
discovery,region_snapshot:cn,data/model_capabilities/snapshots/runninghub-cn.json,d7fa6bd75964,runninghub,,cn,qwen-image-2.0/text-to-image,,,runninghub-qwen-image-2.0,,1,qwen-image-2.0-text-to-image,text_to_image,image_generation,"image,min=1,async",,official_schema,ready,True,provider_local,,not_implemented,runninghub,imageNum|negativePrompt|promptExtend|size,stored_snapshot:runninghub-{region}.json + runninghub-official-public.json,
discovery,region_snapshot:cn,data/model_capabilities/snapshots/runninghub-cn.json,d7fa6bd75964,runninghub,,cn,wan-2.5-preview/image-to-image,,,runninghub-wan-2.5,,1,wan-2.5-preview-image-to-image,image_to_image,image_generation,"image,min=1,async",,official_schema,ready,True,provider_local,,not_implemented,runninghub,count|negativePrompt|promptExtend|seed|size,stored_snapshot:runninghub-{region}.json + runninghub-official-public.json,
discovery,region_snapshot:cn,data/model_capabilities/snapshots/runninghub-cn.json,d7fa6bd75964,runninghub,,cn,wan-2.5-preview/text-to-image,,,runninghub-wan-2.5,,1,wan-2.5-preview-text-to-image,text_to_image,image_generation,"image,min=1,async",,official_schema,ready,True,provider_local,,not_implemented,runninghub,count|negativePrompt|promptExtend|seed|size,stored_snapshot:runninghub-{region}.json + runninghub-official-public.json,
discovery,region_snapshot:cn,data/model_capabilities/snapshots/runninghub-cn.json,d7fa6bd75964,runninghub,,cn,wan-2.7/image-edit,,,runninghub-wan-2.7,,1,wan-2.7-image-edit,image_to_image,image_generation,"image,min=1,async",,official_schema,ready,True,provider_local,,not_implemented,runninghub,height|width,stored_snapshot:runninghub-{region}.json + runninghub-official-public.json,
discovery,region_snapshot:cn,data/model_capabilities/snapshots/runninghub-cn.json,d7fa6bd75964,runninghub,,cn,wan-2.7/image-edit-pro,,,runninghub-wan-2.7,,1,wan-2.7-image-edit-pro,image_to_image,image_generation,"image,min=1,async",,official_schema,ready,True,provider_local,,not_implemented,runninghub,height|width,stored_snapshot:runninghub-{region}.json + runninghub-official-public.json,
discovery,region_snapshot:cn,data/model_capabilities/snapshots/runninghub-cn.json,d7fa6bd75964,runninghub,,cn,wan-2.7/text-to-image,,,runninghub-wan-2.7,,1,wan-2.7-text-to-image,text_to_image,image_generation,"image,min=1,async",,official_schema,ready,True,provider_local,,not_implemented,runninghub,height|thinkingMode|width,stored_snapshot:runninghub-{region}.json + runninghub-official-public.json,
discovery,region_snapshot:cn,data/model_capabilities/snapshots/runninghub-cn.json,d7fa6bd75964,runninghub,,cn,wan-2.7/text-to-image-pro,,,runninghub-wan-2.7,,1,wan-2.7-text-to-image-pro,text_to_image,image_generation,"image,min=1,async",,official_schema,ready,True,provider_local,,not_implemented,runninghub,height|thinkingMode|width,stored_snapshot:runninghub-{region}.json + runninghub-official-public.json,
discovery,region_snapshot:cn,data/model_capabilities/snapshots/runninghub-cn.json,d7fa6bd75964,runninghub,,cn,bytedance/jimeng-4.6/image-to-image,,,runninghub-bytedance-jimeng-4.6,,1,bytedance-jimeng-4.6-image-to-image,image_to_image,image_generation,"image,min=1,async",,official_schema,ready,True,provider_local,,not_implemented,runninghub,forceSingle|height|maxRatio|minRatio|scale|width,stored_snapshot:runninghub-{region}.json + runninghub-official-public.json,
discovery,region_snapshot:cn,data/model_capabilities/snapshots/runninghub-cn.json,d7fa6bd75964,runninghub,,cn,bytedance/jimeng-4.6/text-to-image,,,runninghub-bytedance-jimeng-4.6,,1,bytedance-jimeng-4.6-text-to-image,text_to_image,image_generation,"image,min=1,async",,official_schema,ready,True,provider_local,,not_implemented,runninghub,forceSingle|height|maxRatio|minRatio|scale|width,stored_snapshot:runninghub-{region}.json + runninghub-official-public.json,
discovery,region_snapshot:cn,data/model_capabilities/snapshots/runninghub-cn.json,d7fa6bd75964,runninghub,,cn,higgsfield/soul/image-to-image,,,runninghub-higgsfield-soul,,1,higgsfield-soul-image-to-image,image_to_image,image_generation,"image,min=1,async",,official_schema,ready,True,provider_local,,not_implemented,runninghub,quality|size|strength|style,stored_snapshot:runninghub-{region}.json + runninghub-official-public.json,
discovery,region_snapshot:cn,data/model_capabilities/snapshots/runninghub-cn.json,d7fa6bd75964,runninghub,,cn,hypir-balance,,,runninghub-hypir-balance,,1,hypir-balance,image_to_image,image_generation,"image,min=1,async",,official_schema,ready,True,provider_local,,not_implemented,runninghub,longEdgeSize|seed|shortEdgeSize|upscale,stored_snapshot:runninghub-{region}.json + runninghub-official-public.json,
discovery,region_snapshot:cn,data/model_capabilities/snapshots/runninghub-cn.json,d7fa6bd75964,runninghub,,cn,hypir-ultra,,,runninghub-hypir-ultra,,1,hypir-ultra,image_to_image,image_generation,"image,min=1,async",,official_schema,ready,True,provider_local,,not_implemented,runninghub,creativityLevel|longEdgeSize|seed|shortEdgeSize|textureLevel|upscale,stored_snapshot:runninghub-{region}.json + runninghub-official-public.json,
discovery,region_snapshot:cn,data/model_capabilities/snapshots/runninghub-cn.json,d7fa6bd75964,runninghub,,cn,Luma uni-1-max Image Edit,,,runninghub-luma-uni-1-max,,1,luma-uni-1-max-image-edit,image_to_image,image_generation,"image,min=1,async",,official_schema,ready,True,provider_local,,not_implemented,runninghub,aspect_ratio|outputFormat|style,stored_snapshot:runninghub-{region}.json + runninghub-official-public.json,
discovery,region_snapshot:cn,data/model_capabilities/snapshots/runninghub-cn.json,d7fa6bd75964,runninghub,,cn,Luma uni-1-max Image to Image,,,runninghub-luma-uni-1-max,,1,luma-uni-1-max-image-to-image,image_to_image,image_generation,"image,min=1,async",,official_schema,ready,True,provider_local,,not_implemented,runninghub,aspect_ratio|outputFormat|style|webSearch,stored_snapshot:runninghub-{region}.json + runninghub-official-public.json,
discovery,region_snapshot:cn,data/model_capabilities/snapshots/runninghub-cn.json,d7fa6bd75964,runninghub,,cn,Luma uni-1-max Text to Image,,,runninghub-luma-uni-1-max,,1,luma-uni-1-max-text-to-image,text_to_image,image_generation,"image,min=1,async",,official_schema,ready,True,provider_local,,not_implemented,runninghub,aspect_ratio|outputFormat|style|webSearch,stored_snapshot:runninghub-{region}.json + runninghub-official-public.json,
discovery,region_snapshot:cn,data/model_capabilities/snapshots/runninghub-cn.json,d7fa6bd75964,runninghub,,cn,Luma uni-1 Image Edit,,,runninghub-luma-uni-1,,1,luma-uni-1-image-edit,image_to_image,image_generation,"image,min=1,async",,official_schema,ready,True,provider_local,,not_implemented,runninghub,aspect_ratio|outputFormat|style,stored_snapshot:runninghub-{region}.json + runninghub-official-public.json,
discovery,region_snapshot:cn,data/model_capabilities/snapshots/runninghub-cn.json,d7fa6bd75964,runninghub,,cn,Luma uni-1 Image to Image,,,runninghub-luma-uni-1,,1,luma-uni-1-image-to-image,image_to_image,image_generation,"image,min=1,async",,official_schema,ready,True,provider_local,,not_implemented,runninghub,aspect_ratio|outputFormat|style|webSearch,stored_snapshot:runninghub-{region}.json + runninghub-official-public.json,
discovery,region_snapshot:cn,data/model_capabilities/snapshots/runninghub-cn.json,d7fa6bd75964,runninghub,,cn,Luma uni-1 Text to Image,,,runninghub-luma-uni-1,,1,luma-uni-1-text-to-image,text_to_image,image_generation,"image,min=1,async",,official_schema,ready,True,provider_local,,not_implemented,runninghub,aspect_ratio|outputFormat|style|webSearch,stored_snapshot:runninghub-{region}.json + runninghub-official-public.json,
discovery,region_snapshot:cn,data/model_capabilities/snapshots/runninghub-cn.json,d7fa6bd75964,runninghub,,cn,marble-1.0/image-to-world,,,runninghub-marble-1.0-image-to-world,,1,marble-1.0-image-to-world,text_to_image,image_generation,"image,min=1,async",,official_schema,ready,True,provider_local,,not_implemented,runninghub,disableRecaption|displayName|imageUrl|isPano|permissionAllowIdAccess|permissionAllowedReaders|permissionAllowedWriters|permissionPublic|seed|tags|textPrompt,stored_snapshot:runninghub-{region}.json + runninghub-official-public.json,
discovery,region_snapshot:cn,data/model_capabilities/snapshots/runninghub-cn.json,d7fa6bd75964,runninghub,,cn,marble-1.0/multi-image-to-world,,,runninghub-marble-1.0-multi-image-to-world,,1,marble-1.0-multi-image-to-world,text_to_image,image_generation,"image,min=1,async",,official_schema,ready,True,provider_local,,not_implemented,runninghub,disableRecaption|displayName|permissionAllowIdAccess|permissionAllowedReaders|permissionAllowedWriters|permissionPublic|reconstructImages|seed|tags|textPrompt,stored_snapshot:runninghub-{region}.json + runninghub-official-public.json,
discovery,region_snapshot:cn,data/model_capabilities/snapshots/runninghub-cn.json,d7fa6bd75964,runninghub,,cn,marble-1.1-plus/image-to-world,,,runninghub-marble-1.1-plus-image-to-world,,1,marble-1.1-plus-image-to-world,text_to_image,image_generation,"image,min=1,async",,official_schema,ready,True,provider_local,,not_implemented,runninghub,disableRecaption|displayName|imageUrl|isPano|permissionAllowIdAccess|permissionAllowedReaders|permissionAllowedWriters|permissionPublic|seed|tags|textPrompt,stored_snapshot:runninghub-{region}.json + runninghub-official-public.json,
discovery,region_snapshot:cn,data/model_capabilities/snapshots/runninghub-cn.json,d7fa6bd75964,runninghub,,cn,marble-1.1-plus/multi-image-to-world,,,runninghub-marble-1.1-plus-multi-image-to-world,,1,marble-1.1-plus-multi-image-to-world,text_to_image,image_generation,"image,min=1,async",,official_schema,ready,True,provider_local,,not_implemented,runninghub,disableRecaption|displayName|permissionAllowIdAccess|permissionAllowedReaders|permissionAllowedWriters|permissionPublic|reconstructImages|seed|tags|textPrompt,stored_snapshot:runninghub-{region}.json + runninghub-official-public.json,
discovery,region_snapshot:cn,data/model_capabilities/snapshots/runninghub-cn.json,d7fa6bd75964,runninghub,,cn,marble-1.1/image-to-world,,,runninghub-marble-1.1-image-to-world,,1,marble-1.1-image-to-world,text_to_image,image_generation,"image,min=1,async",,official_schema,ready,True,provider_local,,not_implemented,runninghub,disableRecaption|displayName|imageUrl|isPano|permissionAllowIdAccess|permissionAllowedReaders|permissionAllowedWriters|permissionPublic|seed|tags|textPrompt,stored_snapshot:runninghub-{region}.json + runninghub-official-public.json,
discovery,region_snapshot:cn,data/model_capabilities/snapshots/runninghub-cn.json,d7fa6bd75964,runninghub,,cn,marble-1.1/multi-image-to-world,,,runninghub-marble-1.1-multi-image-to-world,,1,marble-1.1-multi-image-to-world,text_to_image,image_generation,"image,min=1,async",,official_schema,ready,True,provider_local,,not_implemented,runninghub,disableRecaption|displayName|permissionAllowIdAccess|permissionAllowedReaders|permissionAllowedWriters|permissionPublic|reconstructImages|seed|tags|textPrompt,stored_snapshot:runninghub-{region}.json + runninghub-official-public.json,
discovery,region_snapshot:cn,data/model_capabilities/snapshots/runninghub-cn.json,d7fa6bd75964,runninghub,,cn,gpt-image-1.5/image-to-image-official-stable,,,runninghub-gpt-image-1.5,,1,gpt-image-1.5-image-to-image-official-stable,image_to_image,image_generation,"image,min=1,async",,official_schema,ready,True,provider_local,,not_implemented,runninghub,background|inputFidelity|quality|size,stored_snapshot:runninghub-{region}.json + runninghub-official-public.json,
discovery,region_snapshot:cn,data/model_capabilities/snapshots/runninghub-cn.json,d7fa6bd75964,runninghub,,cn,gpt-image-1.5/text-to-image-official-stable,,,runninghub-gpt-image-1.5,,1,gpt-image-1.5-text-to-image-official-stable,text_to_image,image_generation,"image,min=1,async",,official_schema,ready,True,provider_local,,not_implemented,runninghub,background|quality|size,stored_snapshot:runninghub-{region}.json + runninghub-official-public.json,
discovery,region_snapshot:cn,data/model_capabilities/snapshots/runninghub-cn.json,d7fa6bd75964,runninghub,,cn,gpt-image-1.5/edit-channel-low-price-[Deprecated] Please use gpt-image-2 instead,,,runninghub-gpt-image-1.5,,1,gpt-image-1.5-edit-channel-low-price-deprecated-please-use-gpt-image-2-instead,image_to_image,image_generation,"image,min=1,async",,official_schema,ready,True,provider_local,,not_implemented,runninghub,aspect_ratio,stored_snapshot:runninghub-{region}.json + runninghub-official-public.json,
discovery,region_snapshot:cn,data/model_capabilities/snapshots/runninghub-cn.json,d7fa6bd75964,runninghub,,cn,gpt-image-1.5/text-to-image-channel-low-price-[Deprecated] Please use gpt-image-2 instead,,,runninghub-gpt-image-1.5,,1,gpt-image-1.5-text-to-image-channel-low-price-deprecated-please-use-gpt-image-2-instead,text_to_image,image_generation,"image,min=1,async",,official_schema,ready,True,provider_local,,not_implemented,runninghub,aspect_ratio,stored_snapshot:runninghub-{region}.json + runninghub-official-public.json,
discovery,region_snapshot:cn,data/model_capabilities/snapshots/runninghub-cn.json,d7fa6bd75964,runninghub,,cn,gpt-image-2/image-to-image-official-stable,,,runninghub-gpt-image-2,,1,gpt-image-2-image-to-image-official-stable,image_to_image,image_generation,"image,min=1,async",,official_schema,ready,True,provider_local,,not_implemented,runninghub,aspect_ratio|quality|resolution,stored_snapshot:runninghub-{region}.json + runninghub-official-public.json,
discovery,region_snapshot:cn,data/model_capabilities/snapshots/runninghub-cn.json,d7fa6bd75964,runninghub,,cn,gpt-image-2/text-to-image-official-stable,,,runninghub-gpt-image-2,,1,gpt-image-2-text-to-image-official-stable,text_to_image,image_generation,"image,min=1,async",,official_schema,ready,True,provider_local,,not_implemented,runninghub,aspect_ratio|quality|resolution,stored_snapshot:runninghub-{region}.json + runninghub-official-public.json,
discovery,region_snapshot:cn,data/model_capabilities/snapshots/runninghub-cn.json,d7fa6bd75964,runninghub,,cn,gpt-image-2.0/edit-channel-low-price,,,runninghub-gpt-image-2.0,,1,gpt-image-2.0-edit-channel-low-price,image_to_image,image_generation,"image,min=1,async",,official_schema,ready,True,provider_local,,not_implemented,runninghub,aspect_ratio|resolution,stored_snapshot:runninghub-{region}.json + runninghub-official-public.json,
discovery,region_snapshot:cn,data/model_capabilities/snapshots/runninghub-cn.json,d7fa6bd75964,runninghub,,cn,gpt-image-2.0/text-to-image-channel-low-price,,,runninghub-gpt-image-2.0,,1,gpt-image-2.0-text-to-image-channel-low-price,text_to_image,image_generation,"image,min=1,async",,official_schema,ready,True,provider_local,,not_implemented,runninghub,aspect_ratio|resolution,stored_snapshot:runninghub-{region}.json + runninghub-official-public.json,
discovery,region_snapshot:cn,data/model_capabilities/snapshots/runninghub-cn.json,d7fa6bd75964,runninghub,,cn,grok-3-image-to-image,,,runninghub-grok-3-image,,1,grok-3-image-to-image,image_to_image,image_generation,"image,min=1,async",,official_schema,ready,True,provider_local,,not_implemented,runninghub,,stored_snapshot:runninghub-{region}.json + runninghub-official-public.json,NO_PARAMETER_FIELDS
discovery,region_snapshot:cn,data/model_capabilities/snapshots/runninghub-cn.json,d7fa6bd75964,runninghub,,cn,grok-3-image-text-to-image,,,runninghub-grok-3-image,,1,grok-3-image-text-to-image,text_to_image,image_generation,"image,min=1,async",,official_schema,ready,True,provider_local,,not_implemented,runninghub,,stored_snapshot:runninghub-{region}.json + runninghub-official-public.json,NO_PARAMETER_FIELDS
discovery,region_snapshot:cn,data/model_capabilities/snapshots/runninghub-cn.json,d7fa6bd75964,runninghub,,cn,grok-4-image-image-to-image,,,runninghub-grok-4-image,,1,grok-4-image-image-to-image,image_to_image,image_generation,"image,min=1,async",,official_schema,ready,True,provider_local,,not_implemented,runninghub,,stored_snapshot:runninghub-{region}.json + runninghub-official-public.json,NO_PARAMETER_FIELDS
discovery,region_snapshot:cn,data/model_capabilities/snapshots/runninghub-cn.json,d7fa6bd75964,runninghub,,cn,grok-4-image-text-to-image,,,runninghub-grok-4-image,,1,grok-4-image-text-to-image,text_to_image,image_generation,"image,min=1,async",,official_schema,ready,True,provider_local,,not_implemented,runninghub,,stored_snapshot:runninghub-{region}.json + runninghub-official-public.json,NO_PARAMETER_FIELDS
discovery,region_snapshot:cn,data/model_capabilities/snapshots/runninghub-cn.json,d7fa6bd75964,runninghub,,cn,grok-image/image-to-image/channel-low-price,,,runninghub-grok-image,,1,grok-image-image-to-image-channel-low-price,image_to_image,image_generation,"image,min=1,async",,official_schema,ready,True,provider_local,,not_implemented,runninghub,model,stored_snapshot:runninghub-{region}.json + runninghub-official-public.json,
discovery,region_snapshot:cn,data/model_capabilities/snapshots/runninghub-cn.json,d7fa6bd75964,runninghub,,cn,grok-image/text-to-image/channel-low-price,,,runninghub-grok-image,,1,grok-image-text-to-image-channel-low-price,text_to_image,image_generation,"image,min=1,async",,official_schema,ready,True,provider_local,,not_implemented,runninghub,aspect_ratio|model,stored_snapshot:runninghub-{region}.json + runninghub-official-public.json,
discovery,region_snapshot:cn,data/model_capabilities/snapshots/runninghub-cn.json,d7fa6bd75964,runninghub,,cn,nano-banana2-gemini31flash-lite/image-to-image-official-stable,,,runninghub-nano-banana2-gemini31flash-lite,,1,nano-banana2-gemini31flash-lite-image-to-image-official-stable,image_to_image,image_generation,"image,min=1,async",,official_schema,ready,True,provider_local,,not_implemented,runninghub,aspect_ratio,stored_snapshot:runninghub-{region}.json + runninghub-official-public.json,
discovery,region_snapshot:cn,data/model_capabilities/snapshots/runninghub-cn.json,d7fa6bd75964,runninghub,,cn,nano-banana2-gemini31flash-lite/text-to-image-official-stable,,,runninghub-nano-banana2-gemini31flash-lite,,1,nano-banana2-gemini31flash-lite-text-to-image-official-stable,text_to_image,image_generation,"image,min=1,async",,official_schema,ready,True,provider_local,,not_implemented,runninghub,aspect_ratio,stored_snapshot:runninghub-{region}.json + runninghub-official-public.json,
discovery,region_snapshot:cn,data/model_capabilities/snapshots/runninghub-cn.json,d7fa6bd75964,runninghub,,cn,nano-banana2-gemini31flash-lite/image-to-image-channel-low-price,,,runninghub-nano-banana2-gemini31flash-lite,,1,nano-banana2-gemini31flash-lite-image-to-image-channel-low-price,image_to_image,image_generation,"image,min=1,async",,official_schema,ready,True,provider_local,,not_implemented,runninghub,aspect_ratio,stored_snapshot:runninghub-{region}.json + runninghub-official-public.json,
discovery,region_snapshot:cn,data/model_capabilities/snapshots/runninghub-cn.json,d7fa6bd75964,runninghub,,cn,nano-banana2-gemini31flash-lite/text-to-image-channel-low-price,,,runninghub-nano-banana2-gemini31flash-lite,,1,nano-banana2-gemini31flash-lite-text-to-image-channel-low-price,text_to_image,image_generation,"image,min=1,async",,official_schema,ready,True,provider_local,,not_implemented,runninghub,aspect_ratio,stored_snapshot:runninghub-{region}.json + runninghub-official-public.json,
discovery,region_snapshot:cn,data/model_capabilities/snapshots/runninghub-cn.json,d7fa6bd75964,runninghub,,cn,nano-banana2-gemini31flash/image-to-image-official-stable,,,runninghub-nano-banana2-gemini31flash,,1,nano-banana2-gemini31flash-image-to-image-official-stable,image_to_image,image_generation,"image,min=1,async",,official_schema,ready,True,provider_local,,not_implemented,runninghub,aspect_ratio|resolution,stored_snapshot:runninghub-{region}.json + runninghub-official-public.json,
discovery,region_snapshot:cn,data/model_capabilities/snapshots/runninghub-cn.json,d7fa6bd75964,runninghub,,cn,nano-banana2-gemini31flash/text-to-image-official-stable,,,runninghub-nano-banana2-gemini31flash,,1,nano-banana2-gemini31flash-text-to-image-official-stable,text_to_image,image_generation,"image,min=1,async",,official_schema,ready,True,provider_local,,not_implemented,runninghub,aspect_ratio|resolution,stored_snapshot:runninghub-{region}.json + runninghub-official-public.json,
discovery,region_snapshot:cn,data/model_capabilities/snapshots/runninghub-cn.json,d7fa6bd75964,runninghub,,cn,nano-banana2-gemini31flash/image-to-image-channel-low-price,,,runninghub-nano-banana2-gemini31flash,,1,nano-banana2-gemini31flash-image-to-image-channel-low-price,image_to_image,image_generation,"image,min=1,async",,official_schema,ready,True,provider_local,,not_implemented,runninghub,aspect_ratio|resolution,stored_snapshot:runninghub-{region}.json + runninghub-official-public.json,
discovery,region_snapshot:cn,data/model_capabilities/snapshots/runninghub-cn.json,d7fa6bd75964,runninghub,,cn,nano-banana2-gemini31flash/text-to-image-channel-low-price,,,runninghub-nano-banana2-gemini31flash,,1,nano-banana2-gemini31flash-text-to-image-channel-low-price,text_to_image,image_generation,"image,min=1,async",,official_schema,ready,True,provider_local,,not_implemented,runninghub,aspect_ratio|resolution,stored_snapshot:runninghub-{region}.json + runninghub-official-public.json,
discovery,region_snapshot:cn,data/model_capabilities/snapshots/runninghub-cn.json,d7fa6bd75964,runninghub,,cn,nano-banana-pro/edit-official-stable,,,runninghub-nano-banana-pro,,1,nano-banana-pro-edit-official-stable,image_to_image,image_generation,"image,min=1,async",,official_schema,ready,True,provider_local,,not_implemented,runninghub,aspect_ratio|resolution,stored_snapshot:runninghub-{region}.json + runninghub-official-public.json,
discovery,region_snapshot:cn,data/model_capabilities/snapshots/runninghub-cn.json,d7fa6bd75964,runninghub,,cn,nano-banana-pro/edit-ultra-official-stable,,,runninghub-nano-banana-pro,,1,nano-banana-pro-edit-ultra-official-stable,image_to_image,image_generation,"image,min=1,async",,official_schema,ready,True,provider_local,,not_implemented,runninghub,aspect_ratio|resolution,stored_snapshot:runninghub-{region}.json + runninghub-official-public.json,
discovery,region_snapshot:cn,data/model_capabilities/snapshots/runninghub-cn.json,d7fa6bd75964,runninghub,,cn,nano-banana-pro/text-to-image-official-stable,,,runninghub-nano-banana-pro,,1,nano-banana-pro-text-to-image-official-stable,text_to_image,image_generation,"image,min=1,async",,official_schema,ready,True,provider_local,,not_implemented,runninghub,aspect_ratio|resolution,stored_snapshot:runninghub-{region}.json + runninghub-official-public.json,
discovery,region_snapshot:cn,data/model_capabilities/snapshots/runninghub-cn.json,d7fa6bd75964,runninghub,,cn,nano-banana-pro/text-to-image-ultra-official-stable,,,runninghub-nano-banana-pro,,1,nano-banana-pro-text-to-image-ultra-official-stable,text_to_image,image_generation,"image,min=1,async",,official_schema,ready,True,provider_local,,not_implemented,runninghub,aspect_ratio|resolution,stored_snapshot:runninghub-{region}.json + runninghub-official-public.json,
discovery,region_snapshot:cn,data/model_capabilities/snapshots/runninghub-cn.json,d7fa6bd75964,runninghub,,cn,nano-banana-pro/edit-channel-low-price,,,runninghub-nano-banana-pro,,1,nano-banana-pro-edit-channel-low-price,image_to_image,image_generation,"image,min=1,async",,official_schema,ready,True,provider_local,,not_implemented,runninghub,aspect_ratio|resolution,stored_snapshot:runninghub-{region}.json + runninghub-official-public.json,
discovery,region_snapshot:cn,data/model_capabilities/snapshots/runninghub-cn.json,d7fa6bd75964,runninghub,,cn,nano-banana-pro/text-to-image-channel-low-price,,,runninghub-nano-banana-pro,,1,nano-banana-pro-text-to-image-channel-low-price,text_to_image,image_generation,"image,min=1,async",,official_schema,ready,True,provider_local,,not_implemented,runninghub,aspect_ratio|resolution,stored_snapshot:runninghub-{region}.json + runninghub-official-public.json,
discovery,region_snapshot:cn,data/model_capabilities/snapshots/runninghub-cn.json,d7fa6bd75964,runninghub,,cn,nano-banana/edit-official-stable,,,runninghub-nano-banana,,1,nano-banana-edit-official-stable,image_to_image,image_generation,"image,min=1,async",,official_schema,ready,True,provider_local,,not_implemented,runninghub,aspect_ratio,stored_snapshot:runninghub-{region}.json + runninghub-official-public.json,
discovery,region_snapshot:cn,data/model_capabilities/snapshots/runninghub-cn.json,d7fa6bd75964,runninghub,,cn,nano-banana/text-to-image-official-stable,,,runninghub-nano-banana,,1,nano-banana-text-to-image-official-stable,text_to_image,image_generation,"image,min=1,async",,official_schema,ready,True,provider_local,,not_implemented,runninghub,aspect_ratio,stored_snapshot:runninghub-{region}.json + runninghub-official-public.json,
discovery,region_snapshot:cn,data/model_capabilities/snapshots/runninghub-cn.json,d7fa6bd75964,runninghub,,cn,nano-banana/edit-channel-low-price,,,runninghub-nano-banana,,1,nano-banana-edit-channel-low-price,image_to_image,image_generation,"image,min=1,async",,official_schema,ready,True,provider_local,,not_implemented,runninghub,aspect_ratio,stored_snapshot:runninghub-{region}.json + runninghub-official-public.json,
discovery,region_snapshot:cn,data/model_capabilities/snapshots/runninghub-cn.json,d7fa6bd75964,runninghub,,cn,nano-banana/text-to-image-channel-low-price,,,runninghub-nano-banana,,1,nano-banana-text-to-image-channel-low-price,text_to_image,image_generation,"image,min=1,async",,official_schema,ready,True,provider_local,,not_implemented,runninghub,aspect_ratio,stored_snapshot:runninghub-{region}.json + runninghub-official-public.json,
discovery,region_snapshot:cn,data/model_capabilities/snapshots/runninghub-cn.json,d7fa6bd75964,runninghub,,cn,xai/grok-imagine-image/edit-official-stable,,,runninghub-xai-grok-imagine-image,,1,xai-grok-imagine-image-edit-official-stable,image_to_image,image_generation,"image,min=1,async",,official_schema,ready,True,provider_local,,not_implemented,runninghub,,stored_snapshot:runninghub-{region}.json + runninghub-official-public.json,NO_PARAMETER_FIELDS
discovery,region_snapshot:cn,data/model_capabilities/snapshots/runninghub-cn.json,d7fa6bd75964,runninghub,,cn,xai/grok-imagine-image/text-to-image-official-stable,,,runninghub-xai-grok-imagine-image,,1,xai-grok-imagine-image-text-to-image-official-stable,text_to_image,image_generation,"image,min=1,async",,official_schema,ready,True,provider_local,,not_implemented,runninghub,aspect_ratio|outputFormat,stored_snapshot:runninghub-{region}.json + runninghub-official-public.json,
discovery,region_snapshot:cn,data/model_capabilities/snapshots/runninghub-cn.json,d7fa6bd75964,runninghub,,cn,f-dev,,,runninghub-f-dev,,1,f-dev,text_to_image,image_generation,"image,min=1,async",,official_schema,needs_profile,False,provider_local,,not_implemented,runninghub,,stored_snapshot:runninghub-{region}.json + runninghub-official-public.json,PROFILE_UNCONFIRMED|NO_PARAMETER_FIELDS
discovery,region_snapshot:cn,data/model_capabilities/snapshots/runninghub-cn.json,d7fa6bd75964,runninghub,,cn,f-dev-lora,,,runninghub-f-dev-lora,,1,f-dev-lora,text_to_image,image_generation,"image,min=1,async",,official_schema,needs_profile,False,provider_local,,not_implemented,runninghub,,stored_snapshot:runninghub-{region}.json + runninghub-official-public.json,PROFILE_UNCONFIRMED|NO_PARAMETER_FIELDS
discovery,region_snapshot:cn,data/model_capabilities/snapshots/runninghub-cn.json,d7fa6bd75964,runninghub,,cn,xai/rhart-imagine-image-quality/edit-official-stable,,,runninghub-xai-rhart-imagine-image-quality,,1,xai-rhart-imagine-image-quality-edit-official-stable,image_to_image,image_generation,"image,min=1,async",,official_schema,ready,True,provider_local,,not_implemented,runninghub,aspect_ratio|numImages|outputFormat|resolution,stored_snapshot:runninghub-{region}.json + runninghub-official-public.json,
discovery,region_snapshot:cn,data/model_capabilities/snapshots/runninghub-cn.json,d7fa6bd75964,runninghub,,cn,xai/rhart-imagine-image-quality/text-to-image-official-stable,,,runninghub-xai-rhart-imagine-image-quality,,1,xai-rhart-imagine-image-quality-text-to-image-official-stable,text_to_image,image_generation,"image,min=1,async",,official_schema,ready,True,provider_local,,not_implemented,runninghub,aspect_ratio|numImages|outputFormat|resolution,stored_snapshot:runninghub-{region}.json + runninghub-official-public.json,
discovery,region_snapshot:cn,data/model_capabilities/snapshots/runninghub-cn.json,d7fa6bd75964,runninghub,,cn,seedream-v4.5/image-to-image,,,runninghub-seedream-v4.5,,1,seedream-v4.5-image-to-image,image_to_image,image_generation,"image,min=1,async",,official_schema,ready,True,provider_local,,not_implemented,runninghub,height|maxImages|resolution|sequentialImageGeneration|width,stored_snapshot:runninghub-{region}.json + runninghub-official-public.json,
discovery,region_snapshot:cn,data/model_capabilities/snapshots/runninghub-cn.json,d7fa6bd75964,runninghub,,cn,seedream-v4.5/text-to-image,,,runninghub-seedream-v4.5,,1,seedream-v4.5-text-to-image,text_to_image,image_generation,"image,min=1,async",,official_schema,ready,True,provider_local,,not_implemented,runninghub,height|maxImages|resolution|sequentialImageGeneration|width,stored_snapshot:runninghub-{region}.json + runninghub-official-public.json,
discovery,region_snapshot:cn,data/model_capabilities/snapshots/runninghub-cn.json,d7fa6bd75964,runninghub,,cn,seedream-v4/image-to-image,,,runninghub-seedream-v4,,1,seedream-v4-image-to-image,image_to_image,image_generation,"image,min=1,async",,official_schema,ready,True,provider_local,,not_implemented,runninghub,height|maxImages|resolution|sequentialImageGeneration|width,stored_snapshot:runninghub-{region}.json + runninghub-official-public.json,
discovery,region_snapshot:cn,data/model_capabilities/snapshots/runninghub-cn.json,d7fa6bd75964,runninghub,,cn,seedream-v4/text-to-image,,,runninghub-seedream-v4,,1,seedream-v4-text-to-image,text_to_image,image_generation,"image,min=1,async",,official_schema,ready,True,provider_local,,not_implemented,runninghub,height|maxImages|resolution|sequentialImageGeneration|width,stored_snapshot:runninghub-{region}.json + runninghub-official-public.json,
discovery,region_snapshot:cn,data/model_capabilities/snapshots/runninghub-cn.json,d7fa6bd75964,runninghub,,cn,seedream-v5-lite/image-to-image,,,runninghub-seedream-v5-lite,,1,seedream-v5-lite-image-to-image,image_to_image,image_generation,"image,min=1,async",,official_schema,ready,True,provider_local,,not_implemented,runninghub,height|maxImages|resolution|sequentialImageGeneration|width,stored_snapshot:runninghub-{region}.json + runninghub-official-public.json,
discovery,region_snapshot:cn,data/model_capabilities/snapshots/runninghub-cn.json,d7fa6bd75964,runninghub,,cn,seedream-v5-lite/text-to-image,,,runninghub-seedream-v5-lite,,1,seedream-v5-lite-text-to-image,text_to_image,image_generation,"image,min=1,async",,official_schema,ready,True,provider_local,,not_implemented,runninghub,height|maxImages|resolution|sequentialImageGeneration|toolsType|width,stored_snapshot:runninghub-{region}.json + runninghub-official-public.json,
discovery,region_snapshot:cn,data/model_capabilities/snapshots/runninghub-cn.json,d7fa6bd75964,runninghub,,cn,seedream-v5-pro/image-to-image,,,runninghub-seedream-v5-pro,,1,seedream-v5-pro-image-to-image,image_to_image,image_generation,"image,min=1,async",,official_schema,ready,True,provider_local,,not_implemented,runninghub,height|outputFormat|resolution|width,stored_snapshot:runninghub-{region}.json + runninghub-official-public.json,
discovery,region_snapshot:cn,data/model_capabilities/snapshots/runninghub-cn.json,d7fa6bd75964,runninghub,,cn,seedream-v5-pro/text-to-image,,,runninghub-seedream-v5-pro,,1,seedream-v5-pro-text-to-image,text_to_image,image_generation,"image,min=1,async",,official_schema,ready,True,provider_local,,not_implemented,runninghub,height|outputFormat|resolution|width,stored_snapshot:runninghub-{region}.json + runninghub-official-public.json,
discovery,region_snapshot:cn,data/model_capabilities/snapshots/runninghub-cn.json,d7fa6bd75964,runninghub,,cn,topazlabs-image-upscale-cgi,,,runninghub-topazlabs-image,,1,topazlabs-image-upscale-cgi,image_enhancement,image_generation,"image,min=1,async",,official_schema,ready,True,provider_local,,not_implemented,runninghub,faceEnhancement|faceEnhancementCreativity|faceEnhancementStrength|scale|subjectDetection,stored_snapshot:runninghub-{region}.json + runninghub-official-public.json,
discovery,region_snapshot:cn,data/model_capabilities/snapshots/runninghub-cn.json,d7fa6bd75964,runninghub,,cn,topazlabs-image-upscale-high fidelity v2,,,runninghub-topazlabs-image,,1,topazlabs-image-upscale-high-fidelity-v2,image_enhancement,image_generation,"image,min=1,async",,official_schema,ready,True,provider_local,,not_implemented,runninghub,faceEnhancement|faceEnhancementCreativity|faceEnhancementStrength|scale|subjectDetection,stored_snapshot:runninghub-{region}.json + runninghub-official-public.json,
discovery,region_snapshot:cn,data/model_capabilities/snapshots/runninghub-cn.json,d7fa6bd75964,runninghub,,cn,topazlabs-image-upscale-standard-v2,,,runninghub-topazlabs-image,,1,topazlabs-image-upscale-standard-v2,image_enhancement,image_generation,"image,min=1,async",,official_schema,ready,True,provider_local,,not_implemented,runninghub,faceEnhancement|faceEnhancementCreativity|faceEnhancementStrength|scale|subjectDetection,stored_snapshot:runninghub-{region}.json + runninghub-official-public.json,
discovery,region_snapshot:cn,data/model_capabilities/snapshots/runninghub-cn.json,d7fa6bd75964,runninghub,,cn,topazlabs-image-upscale-text refine,,,runninghub-topazlabs-image,,1,topazlabs-image-upscale-text-refine,image_enhancement,image_generation,"image,min=1,async",,official_schema,ready,True,provider_local,,not_implemented,runninghub,faceEnhancement|faceEnhancementCreativity|faceEnhancementStrength|scale|subjectDetection,stored_snapshot:runninghub-{region}.json + runninghub-official-public.json,
discovery,region_snapshot:cn,data/model_capabilities/snapshots/runninghub-cn.json,d7fa6bd75964,runninghub,,cn,topazlabs-image-upscale low resolution v2,,,runninghub-topazlabs-image,,1,topazlabs-image-upscale-low-resolution-v2,image_enhancement,image_generation,"image,min=1,async",,official_schema,ready,True,provider_local,,not_implemented,runninghub,faceEnhancement|faceEnhancementCreativity|faceEnhancementStrength|scale|subjectDetection,stored_snapshot:runninghub-{region}.json + runninghub-official-public.json,
discovery,region_snapshot:cn,data/model_capabilities/snapshots/runninghub-cn.json,d7fa6bd75964,runninghub,,cn,midjourney-text-to-image-niji6,,,runninghub-midjourney,,1,midjourney-text-to-image-niji6,text_to_image,image_generation,"image,min=1,async",,official_schema,ready,True,provider_local,,not_implemented,runninghub,aspect_ratio|chaos|cw|iw|quality|raw|stop|stylize|sv|sw|tile|weird,stored_snapshot:runninghub-{region}.json + runninghub-official-public.json,
discovery,region_snapshot:cn,data/model_capabilities/snapshots/runninghub-cn.json,d7fa6bd75964,runninghub,,cn,midjourney-text-to-image-niji7,,,runninghub-midjourney,,1,midjourney-text-to-image-niji7,text_to_image,image_generation,"image,min=1,async",,official_schema,ready,True,provider_local,,not_implemented,runninghub,aspect_ratio|chaos|iw|raw|stylize|sv|sw|weird,stored_snapshot:runninghub-{region}.json + runninghub-official-public.json,
discovery,region_snapshot:cn,data/model_capabilities/snapshots/runninghub-cn.json,d7fa6bd75964,runninghub,,cn,midjourney-text-to-image-v6,,,runninghub-midjourney,,1,midjourney-text-to-image-v6,text_to_image,image_generation,"image,min=1,async",,official_schema,ready,True,provider_local,,not_implemented,runninghub,aspect_ratio|chaos|cw|iw|quality|raw|stop|stylize|sv|sw|tile|weird,stored_snapshot:runninghub-{region}.json + runninghub-official-public.json,
discovery,region_snapshot:cn,data/model_capabilities/snapshots/runninghub-cn.json,d7fa6bd75964,runninghub,,cn,midjourney-text-to-image-v61,,,runninghub-midjourney,,1,midjourney-text-to-image-v61,text_to_image,image_generation,"image,min=1,async",,official_schema,ready,True,provider_local,,not_implemented,runninghub,aspect_ratio|chaos|cw|iw|negativePrompt|quality|raw|stop|stylize|sv|sw|tile|weird,stored_snapshot:runninghub-{region}.json + runninghub-official-public.json,
discovery,region_snapshot:cn,data/model_capabilities/snapshots/runninghub-cn.json,d7fa6bd75964,runninghub,,cn,midjourney-text-to-image-v7,,,runninghub-midjourney,,1,midjourney-text-to-image-v7,text_to_image,image_generation,"image,min=1,async",,official_schema,ready,True,provider_local,,not_implemented,runninghub,aspect_ratio|chaos|iw|negativePrompt|ow|quality|raw|stylize|sv|sw|tile|weird,stored_snapshot:runninghub-{region}.json + runninghub-official-public.json,
discovery,region_snapshot:cn,data/model_capabilities/snapshots/runninghub-cn.json,d7fa6bd75964,runninghub,,cn,midjourney-text-to-image-v8.1,,,runninghub-midjourney,,1,midjourney-text-to-image-v8.1,text_to_image,image_generation,"image,min=1,async",,official_schema,ready,True,provider_local,,not_implemented,runninghub,aspect_ratio|chaos|hd|iw|quality|raw|stylize|sv|sw,stored_snapshot:runninghub-{region}.json + runninghub-official-public.json,
discovery,region_snapshot:cn,data/model_capabilities/snapshots/runninghub-cn.json,d7fa6bd75964,runninghub,,cn,midjourney-text-to-image-v8.2-preview,,,runninghub-midjourney,,1,midjourney-text-to-image-v8.2-preview,text_to_image,image_generation,"image,min=1,async",,official_schema,ready,True,provider_local,,not_implemented,runninghub,aspect_ratio|chaos|hd|iw|quality|raw|stylize|sv|sw,stored_snapshot:runninghub-{region}.json + runninghub-official-public.json,
discovery,region_snapshot:cn,data/model_capabilities/snapshots/runninghub-cn.json,d7fa6bd75964,runninghub,,cn,happyhorse-1.0/image-to-video,,,runninghub-happyhorse-1.0,,1,happyhorse-1.0-image-to-video,image_to_video,video_generation,"video,min=1,async",,official_schema,ready,True,provider_local,,not_implemented,runninghub,duration|resolution|seed,stored_snapshot:runninghub-{region}.json + runninghub-official-public.json,
discovery,region_snapshot:cn,data/model_capabilities/snapshots/runninghub-cn.json,d7fa6bd75964,runninghub,,cn,happyhorse-1.0/reference-to-video,,,runninghub-happyhorse-1.0,,1,happyhorse-1.0-reference-to-video,image_to_video,video_generation,"video,min=1,async",,official_schema,ready,True,provider_local,,not_implemented,runninghub,aspect_ratio|duration|resolution|seed,stored_snapshot:runninghub-{region}.json + runninghub-official-public.json,
discovery,region_snapshot:cn,data/model_capabilities/snapshots/runninghub-cn.json,d7fa6bd75964,runninghub,,cn,happyhorse-1.0/text-to-video,,,runninghub-happyhorse-1.0,,1,happyhorse-1.0-text-to-video,text_to_video,video_generation,"video,min=1,async",,official_schema,ready,True,provider_local,,not_implemented,runninghub,aspect_ratio|duration|resolution|seed,stored_snapshot:runninghub-{region}.json + runninghub-official-public.json,
discovery,region_snapshot:cn,data/model_capabilities/snapshots/runninghub-cn.json,d7fa6bd75964,runninghub,,cn,happyhorse-1.0/video-edit,,,runninghub-happyhorse-1.0,,1,happyhorse-1.0-video-edit,video_to_video,video_generation,"video,min=1,async",,official_schema,ready,True,provider_local,,not_implemented,runninghub,audioSetting|resolution|seed,stored_snapshot:runninghub-{region}.json + runninghub-official-public.json,
discovery,region_snapshot:cn,data/model_capabilities/snapshots/runninghub-cn.json,d7fa6bd75964,runninghub,,cn,happyhorse-1.1/image-to-video,,,runninghub-happyhorse-1.1,,1,happyhorse-1.1-image-to-video,image_to_video,video_generation,"video,min=1,async",,official_schema,ready,True,provider_local,,not_implemented,runninghub,duration|resolution|seed,stored_snapshot:runninghub-{region}.json + runninghub-official-public.json,
discovery,region_snapshot:cn,data/model_capabilities/snapshots/runninghub-cn.json,d7fa6bd75964,runninghub,,cn,happyhorse-1.1/reference-to-video,,,runninghub-happyhorse-1.1,,1,happyhorse-1.1-reference-to-video,image_to_video,video_generation,"video,min=1,async",,official_schema,ready,True,provider_local,,not_implemented,runninghub,aspect_ratio|duration|resolution|seed,stored_snapshot:runninghub-{region}.json + runninghub-official-public.json,
discovery,region_snapshot:cn,data/model_capabilities/snapshots/runninghub-cn.json,d7fa6bd75964,runninghub,,cn,happyhorse-1.1/text-to-video,,,runninghub-happyhorse-1.1,,1,happyhorse-1.1-text-to-video,text_to_video,video_generation,"video,min=1,async",,official_schema,ready,True,provider_local,,not_implemented,runninghub,aspect_ratio|duration|resolution|seed,stored_snapshot:runninghub-{region}.json + runninghub-official-public.json,
discovery,region_snapshot:cn,data/model_capabilities/snapshots/runninghub-cn.json,d7fa6bd75964,runninghub,,cn,wan-2.5-preview/image-to-video,,,runninghub-wan-2.5,,1,wan-2.5-preview-image-to-video,multimodal_to_video,video_generation,"video,min=1,async",,official_schema,ready,True,provider_local,,not_implemented,runninghub,duration|negativePrompt|promptExtend|resolution|seed,stored_snapshot:runninghub-{region}.json + runninghub-official-public.json,
discovery,region_snapshot:cn,data/model_capabilities/snapshots/runninghub-cn.json,d7fa6bd75964,runninghub,,cn,wan-2.5-preview/text-to-video,,,runninghub-wan-2.5,,1,wan-2.5-preview-text-to-video,multimodal_to_video,video_generation,"video,min=1,async",,official_schema,ready,True,provider_local,,not_implemented,runninghub,duration|negativePrompt|promptExtend|seed|size,stored_snapshot:runninghub-{region}.json + runninghub-official-public.json,
discovery,region_snapshot:cn,data/model_capabilities/snapshots/runninghub-cn.json,d7fa6bd75964,runninghub,,cn,alibaba/wan-2.6/image-to-video,,,runninghub-alibaba-wan-2.6,,1,alibaba-wan-2.6-image-to-video,image_to_video,video_generation,"video,min=1,async",,official_schema,ready,True,provider_local,,not_implemented,runninghub,duration|negativePrompt|resolution|shotType,stored_snapshot:runninghub-{region}.json + runninghub-official-public.json,
discovery,region_snapshot:cn,data/model_capabilities/snapshots/runninghub-cn.json,d7fa6bd75964,runninghub,,cn,wan-2.6-image-to-video-flash,,,runninghub-wan-2.6,,1,wan-2.6-image-to-video-flash,multimodal_to_video,video_generation,"video,min=1,async",,official_schema,ready,True,provider_local,,not_implemented,runninghub,duration|enableAudio|enablePromptExpansion|negativePrompt|resolution|shotType,stored_snapshot:runninghub-{region}.json + runninghub-official-public.json,
discovery,region_snapshot:cn,data/model_capabilities/snapshots/runninghub-cn.json,d7fa6bd75964,runninghub,,cn,wan-2.6-reference-to-video,,,runninghub-wan-2.6,,1,wan-2.6-reference-to-video,multimodal_to_video,video_generation,"video,min=1,async",,official_schema,ready,True,provider_local,,not_implemented,runninghub,duration|negativePrompt|shotType|size,stored_snapshot:runninghub-{region}.json + runninghub-official-public.json,
discovery,region_snapshot:cn,data/model_capabilities/snapshots/runninghub-cn.json,d7fa6bd75964,runninghub,,cn,wan-2.6-reference-to-video-flash,,,runninghub-wan-2.6,,1,wan-2.6-reference-to-video-flash,multimodal_to_video,video_generation,"video,min=1,async",,official_schema,ready,True,provider_local,,not_implemented,runninghub,audio|duration|negativePrompt|shotType|size,stored_snapshot:runninghub-{region}.json + runninghub-official-public.json,
discovery,region_snapshot:cn,data/model_capabilities/snapshots/runninghub-cn.json,d7fa6bd75964,runninghub,,cn,alibaba/wan-2.6/text-to-video,,,runninghub-alibaba-wan-2.6,,1,alibaba-wan-2.6-text-to-video,text_to_video,video_generation,"video,min=1,async",,official_schema,ready,True,provider_local,,not_implemented,runninghub,duration|negativePrompt|resolution|shotType,stored_snapshot:runninghub-{region}.json + runninghub-official-public.json,
discovery,region_snapshot:cn,data/model_capabilities/snapshots/runninghub-cn.json,d7fa6bd75964,runninghub,,cn,wan-2.7-spicy/image-to-video,,,runninghub-wan-2.7,,1,wan-2.7-spicy-image-to-video,multimodal_to_video,video_generation,"video,min=1,async",,official_schema,ready,True,provider_local,,not_implemented,runninghub,duration|negativePrompt|promptExtend|resolution|seed,stored_snapshot:runninghub-{region}.json + runninghub-official-public.json,
discovery,region_snapshot:cn,data/model_capabilities/snapshots/runninghub-cn.json,d7fa6bd75964,runninghub,,cn,wan-2.7/image-to-video,,,runninghub-wan-2.7,,1,wan-2.7-image-to-video,multimodal_to_video,video_generation,"video,min=1,async",,official_schema,ready,True,provider_local,,not_implemented,runninghub,duration|negativePrompt|promptExtend|resolution|seed,stored_snapshot:runninghub-{region}.json + runninghub-official-public.json,
discovery,region_snapshot:cn,data/model_capabilities/snapshots/runninghub-cn.json,d7fa6bd75964,runninghub,,cn,wan-2.7-reference-to-video,,,runninghub-wan-2.7,,1,wan-2.7-reference-to-video,multimodal_to_video,video_generation,"video,min=1,async",,official_schema,ready,True,provider_local,,not_implemented,runninghub,aspect_ratio|duration|negativePrompt|promptExtend|resolution|seed,stored_snapshot:runninghub-{region}.json + runninghub-official-public.json,
discovery,region_snapshot:cn,data/model_capabilities/snapshots/runninghub-cn.json,d7fa6bd75964,runninghub,,cn,wan-2.7/text-to-video,,,runninghub-wan-2.7,,1,wan-2.7-text-to-video,multimodal_to_video,video_generation,"video,min=1,async",,official_schema,ready,True,provider_local,,not_implemented,runninghub,aspect_ratio|duration|negativePrompt|promptExtend|resolution|seed,stored_snapshot:runninghub-{region}.json + runninghub-official-public.json,
discovery,region_snapshot:cn,data/model_capabilities/snapshots/runninghub-cn.json,d7fa6bd75964,runninghub,,cn,wan-2.7/video-edit,,,runninghub-wan-2.7,,1,wan-2.7-video-edit,video_to_video,video_generation,"video,min=1,async",,official_schema,ready,True,provider_local,,not_implemented,runninghub,aspect_ratio|duration|negativePrompt|promptExtend|resolution|seed,stored_snapshot:runninghub-{region}.json + runninghub-official-public.json,
discovery,region_snapshot:cn,data/model_capabilities/snapshots/runninghub-cn.json,d7fa6bd75964,runninghub,,cn,wan-2.7/video-extend,,,runninghub-wan-2.7,,1,wan-2.7-video-extend,video_extend,video_generation,"video,min=1,async",,official_schema,ready,True,provider_local,,not_implemented,runninghub,duration|negativePrompt|promptExtend|resolution|seed,stored_snapshot:runninghub-{region}.json + runninghub-official-public.json,
discovery,region_snapshot:cn,data/model_capabilities/snapshots/runninghub-cn.json,d7fa6bd75964,runninghub,,cn,sd2.0/video-ref-to-video-trial,,,runninghub-sd2.0-video,,1,sd2.0-video-ref-to-video-trial,multimodal_to_video,video_generation,"video,min=1,async",,official_schema,ready,True,provider_local,,not_implemented,runninghub,,stored_snapshot:runninghub-{region}.json + runninghub-official-public.json,NO_PARAMETER_FIELDS
discovery,region_snapshot:cn,data/model_capabilities/snapshots/runninghub-cn.json,d7fa6bd75964,runninghub,,cn,gemini-omni-flash/image-to-video/channel-low-price,,,runninghub-gemini-omni-flash,,1,gemini-omni-flash-image-to-video-channel-low-price,image_to_video,video_generation,"video,min=1,async",,official_schema,ready,True,provider_local,,not_implemented,runninghub,aspect_ratio|duration|resolution,stored_snapshot:runninghub-{region}.json + runninghub-official-public.json,
discovery,region_snapshot:cn,data/model_capabilities/snapshots/runninghub-cn.json,d7fa6bd75964,runninghub,,cn,gemini-omni-flash/text-to-video/channel-low-price,,,runninghub-gemini-omni-flash,,1,gemini-omni-flash-text-to-video-channel-low-price,text_to_video,video_generation,"video,min=1,async",,official_schema,ready,True,provider_local,,not_implemented,runninghub,aspect_ratio|duration|resolution,stored_snapshot:runninghub-{region}.json + runninghub-official-public.json,
discovery,region_snapshot:cn,data/model_capabilities/snapshots/runninghub-cn.json,d7fa6bd75964,runninghub,,cn,gemini-omni-flash/video-edit/channel-low-price,,,runninghub-gemini-omni-flash,,1,gemini-omni-flash-video-edit-channel-low-price,video_to_video,video_generation,"video,min=1,async",,official_schema,ready,True,provider_local,,not_implemented,runninghub,aspect_ratio|resolution,stored_snapshot:runninghub-{region}.json + runninghub-official-public.json,
discovery,region_snapshot:cn,data/model_capabilities/snapshots/runninghub-cn.json,d7fa6bd75964,runninghub,,cn,higgsfield/dop/image-to-video,,,runninghub-higgsfield-dop,,1,higgsfield-dop-image-to-video,image_to_video,video_generation,"video,min=1,async",,official_schema,ready,True,provider_local,,not_implemented,runninghub,options,stored_snapshot:runninghub-{region}.json + runninghub-official-public.json,
discovery,region_snapshot:cn,data/model_capabilities/snapshots/runninghub-cn.json,d7fa6bd75964,runninghub,,cn,kling-o3/element,,,runninghub-kling-o3,,1,kling-o3-element,multimodal_to_video,video_generation,"video,min=1,async",,official_schema,ready,True,provider_local,,not_implemented,runninghub,elementDescription|elementName|referenceType|tagList,stored_snapshot:runninghub-{region}.json + runninghub-official-public.json,
discovery,region_snapshot:cn,data/model_capabilities/snapshots/runninghub-cn.json,d7fa6bd75964,runninghub,,cn,kling-lip-sync/lip-sync-video,,,runninghub-kling-lip-sync-lip-sync-video,,1,kling-lip-sync-lip-sync-video,lip_sync,video_generation,"video,min=1,async",,official_schema,ready,True,provider_local,,not_implemented,runninghub,audioId|faceId|originalAudioVolume|sessionId|soundEndTime|soundInsertTime|soundStartTime|soundVolume,stored_snapshot:runninghub-{region}.json + runninghub-official-public.json,
discovery,region_snapshot:cn,data/model_capabilities/snapshots/runninghub-cn.json,d7fa6bd75964,runninghub,,cn,kling-v2-ai-avatar-pro/image-audio-to-video,,,runninghub-kling-v2-ai-avatar-pro-image-audio-to-video,,1,kling-v2-ai-avatar-pro-image-audio-to-video,avatar_video,video_generation,"video,min=1,async",,official_schema,ready,True,provider_local,,not_implemented,runninghub,,stored_snapshot:runninghub-{region}.json + runninghub-official-public.json,NO_PARAMETER_FIELDS
discovery,region_snapshot:cn,data/model_capabilities/snapshots/runninghub-cn.json,d7fa6bd75964,runninghub,,cn,kling-v2-ai-avatar-standard/image-audio-to-video,,,runninghub-kling-v2-ai-avatar-standard-image-audio-to-video,,1,kling-v2-ai-avatar-standard-image-audio-to-video,avatar_video,video_generation,"video,min=1,async",,official_schema,ready,True,provider_local,,not_implemented,runninghub,,stored_snapshot:runninghub-{region}.json + runninghub-official-public.json,NO_PARAMETER_FIELDS
discovery,region_snapshot:cn,data/model_capabilities/snapshots/runninghub-cn.json,d7fa6bd75964,runninghub,,cn,kling-v2.5-turbo-pro/image-to-video,,,runninghub-kling-2.5,,1,kling-v2.5-turbo-pro-image-to-video,image_to_video,video_generation,"video,min=1,async",,official_schema,ready,True,provider_local,,not_implemented,runninghub,duration|guidanceScale|negativePrompt,stored_snapshot:runninghub-{region}.json + runninghub-official-public.json,
discovery,region_snapshot:cn,data/model_capabilities/snapshots/runninghub-cn.json,d7fa6bd75964,runninghub,,cn,kling-v2.5-turbo-pro/text-to-video,,,runninghub-kling-2.5,,1,kling-v2.5-turbo-pro-text-to-video,text_to_video,video_generation,"video,min=1,async",,official_schema,ready,True,provider_local,,not_implemented,runninghub,aspect_ratio|duration|guidanceScale|negativePrompt,stored_snapshot:runninghub-{region}.json + runninghub-official-public.json,
discovery,region_snapshot:cn,data/model_capabilities/snapshots/runninghub-cn.json,d7fa6bd75964,runninghub,,cn,kling-v2.5-turbo-std/image-to-video,,,runninghub-kling-2.5,,1,kling-v2.5-turbo-std-image-to-video,image_to_video,video_generation,"video,min=1,async",,official_schema,ready,True,provider_local,,not_implemented,runninghub,duration|guidanceScale|negativePrompt,stored_snapshot:runninghub-{region}.json + runninghub-official-public.json,
discovery,region_snapshot:cn,data/model_capabilities/snapshots/runninghub-cn.json,d7fa6bd75964,runninghub,,cn,kling-v2.5-turbo-std/text-to-video,,,runninghub-kling-2.5,,1,kling-v2.5-turbo-std-text-to-video,text_to_video,video_generation,"video,min=1,async",,official_schema,ready,True,provider_local,,not_implemented,runninghub,aspect_ratio|duration|guidanceScale|negativePrompt,stored_snapshot:runninghub-{region}.json + runninghub-official-public.json,
discovery,region_snapshot:cn,data/model_capabilities/snapshots/runninghub-cn.json,d7fa6bd75964,runninghub,,cn,kling-v2.6-pro-image-to-video,,,runninghub-kling-2.6,,1,kling-v2.6-pro-image-to-video,image_to_video,video_generation,"video,min=1,async",,official_schema,ready,True,provider_local,,not_implemented,runninghub,duration|negativePrompt|sound,stored_snapshot:runninghub-{region}.json + runninghub-official-public.json,
discovery,region_snapshot:cn,data/model_capabilities/snapshots/runninghub-cn.json,d7fa6bd75964,runninghub,,cn,kling-v2.6-pro-motion-control,,,runninghub-kling-2.6,,1,kling-v2.6-pro-motion-control,motion_control,video_generation,"video,min=1,async",,official_schema,ready,True,provider_local,,not_implemented,runninghub,characterOrientation|keepOriginalSound,stored_snapshot:runninghub-{region}.json + runninghub-official-public.json,
discovery,region_snapshot:cn,data/model_capabilities/snapshots/runninghub-cn.json,d7fa6bd75964,runninghub,,cn,kling-v2.6-pro-text-to-video,,,runninghub-kling-2.6,,1,kling-v2.6-pro-text-to-video,text_to_video,video_generation,"video,min=1,async",,official_schema,ready,True,provider_local,,not_implemented,runninghub,aspect_ratio|duration|negativePrompt|sound,stored_snapshot:runninghub-{region}.json + runninghub-official-public.json,
discovery,region_snapshot:cn,data/model_capabilities/snapshots/runninghub-cn.json,d7fa6bd75964,runninghub,,cn,kling-v2.6-std-image-to-video,,,runninghub-kling-2.6,,1,kling-v2.6-std-image-to-video,image_to_video,video_generation,"video,min=1,async",,official_schema,ready,True,provider_local,,not_implemented,runninghub,duration|negativePrompt,stored_snapshot:runninghub-{region}.json + runninghub-official-public.json,
discovery,region_snapshot:cn,data/model_capabilities/snapshots/runninghub-cn.json,d7fa6bd75964,runninghub,,cn,kling-v2.6-std-motion-control,,,runninghub-kling-2.6,,1,kling-v2.6-std-motion-control,motion_control,video_generation,"video,min=1,async",,official_schema,ready,True,provider_local,,not_implemented,runninghub,characterOrientation|keepOriginalSound,stored_snapshot:runninghub-{region}.json + runninghub-official-public.json,
discovery,region_snapshot:cn,data/model_capabilities/snapshots/runninghub-cn.json,d7fa6bd75964,runninghub,,cn,kling-v2.6-std-text-to-video,,,runninghub-kling-2.6,,1,kling-v2.6-std-text-to-video,text_to_video,video_generation,"video,min=1,async",,official_schema,ready,True,provider_local,,not_implemented,runninghub,aspect_ratio|duration|negativePrompt,stored_snapshot:runninghub-{region}.json + runninghub-official-public.json,
discovery,region_snapshot:cn,data/model_capabilities/snapshots/runninghub-cn.json,d7fa6bd75964,runninghub,,cn,kling-v3.0-4k-image-to-video,,,runninghub-kling-3.0,,1,kling-v3.0-4k-image-to-video,image_to_video,video_generation,"video,min=1,async",,official_schema,ready,True,provider_local,,not_implemented,runninghub,cfgScale|duration|multiShot|negativePrompt|shotType|sound,stored_snapshot:runninghub-{region}.json + runninghub-official-public.json,
discovery,region_snapshot:cn,data/model_capabilities/snapshots/runninghub-cn.json,d7fa6bd75964,runninghub,,cn,kling-v3-4k-text-to-video,,,runninghub-kling-3.0,,1,kling-v3-4k-text-to-video,text_to_video,video_generation,"video,min=1,async",,official_schema,ready,True,provider_local,,not_implemented,runninghub,aspect_ratio|cfgScale|duration|multiShot|negativePrompt|shotType|sound,stored_snapshot:runninghub-{region}.json + runninghub-official-public.json,
discovery,region_snapshot:cn,data/model_capabilities/snapshots/runninghub-cn.json,d7fa6bd75964,runninghub,,cn,kling-v3-turbo-pro-image-to-video,,,runninghub-kling-3.0,,1,kling-v3-turbo-pro-image-to-video,image_to_video,video_generation,"video,min=1,async",,official_schema,ready,True,provider_local,,not_implemented,runninghub,duration,stored_snapshot:runninghub-{region}.json + runninghub-official-public.json,
discovery,region_snapshot:cn,data/model_capabilities/snapshots/runninghub-cn.json,d7fa6bd75964,runninghub,,cn,kling-v3-turbo-pro-text-to-video,,,runninghub-kling-3.0,,1,kling-v3-turbo-pro-text-to-video,text_to_video,video_generation,"video,min=1,async",,official_schema,ready,True,provider_local,,not_implemented,runninghub,aspect_ratio|duration,stored_snapshot:runninghub-{region}.json + runninghub-official-public.json,
discovery,region_snapshot:cn,data/model_capabilities/snapshots/runninghub-cn.json,d7fa6bd75964,runninghub,,cn,kling-v3-turbo-std-image-to-video,,,runninghub-kling-3.0,,1,kling-v3-turbo-std-image-to-video,image_to_video,video_generation,"video,min=1,async",,official_schema,ready,True,provider_local,,not_implemented,runninghub,duration,stored_snapshot:runninghub-{region}.json + runninghub-official-public.json,
discovery,region_snapshot:cn,data/model_capabilities/snapshots/runninghub-cn.json,d7fa6bd75964,runninghub,,cn,kling-v3-turbo-std-text-to-video,,,runninghub-kling-3.0,,1,kling-v3-turbo-std-text-to-video,text_to_video,video_generation,"video,min=1,async",,official_schema,ready,True,provider_local,,not_implemented,runninghub,aspect_ratio|duration,stored_snapshot:runninghub-{region}.json + runninghub-official-public.json,
discovery,region_snapshot:cn,data/model_capabilities/snapshots/runninghub-cn.json,d7fa6bd75964,runninghub,,cn,kling-v3.0-4k-motion-control,,,runninghub-kling-3.0,,1,kling-v3.0-4k-motion-control,motion_control,video_generation,"video,min=1,async",,official_schema,needs_profile,False,provider_local,,not_implemented,runninghub,,stored_snapshot:runninghub-{region}.json + runninghub-official-public.json,PROFILE_UNCONFIRMED|NO_PARAMETER_FIELDS
discovery,region_snapshot:cn,data/model_capabilities/snapshots/runninghub-cn.json,d7fa6bd75964,runninghub,,cn,kling-v3.0-pro-image-to-video,,,runninghub-kling-3.0,,1,kling-v3.0-pro-image-to-video,image_to_video,video_generation,"video,min=1,async",,official_schema,ready,True,provider_local,,not_implemented,runninghub,cfgScale|duration|multiShot|negativePrompt|shotType|sound,stored_snapshot:runninghub-{region}.json + runninghub-official-public.json,
discovery,region_snapshot:cn,data/model_capabilities/snapshots/runninghub-cn.json,d7fa6bd75964,runninghub,,cn,kling-v3.0-pro-motion-control,,,runninghub-kling-3.0,,1,kling-v3.0-pro-motion-control,motion_control,video_generation,"video,min=1,async",,official_schema,ready,True,provider_local,,not_implemented,runninghub,characterOrientation|keepOriginalSound|negativePrompt,stored_snapshot:runninghub-{region}.json + runninghub-official-public.json,
discovery,region_snapshot:cn,data/model_capabilities/snapshots/runninghub-cn.json,d7fa6bd75964,runninghub,,cn,kling-v3.0-pro-text-to-video,,,runninghub-kling-3.0,,1,kling-v3.0-pro-text-to-video,text_to_video,video_generation,"video,min=1,async",,official_schema,ready,True,provider_local,,not_implemented,runninghub,aspect_ratio|cfgScale|duration|multiShot|negativePrompt|shotType|sound,stored_snapshot:runninghub-{region}.json + runninghub-official-public.json,
discovery,region_snapshot:cn,data/model_capabilities/snapshots/runninghub-cn.json,d7fa6bd75964,runninghub,,cn,kling-v3.0-std-image-to-video,,,runninghub-kling-3.0,,1,kling-v3.0-std-image-to-video,image_to_video,video_generation,"video,min=1,async",,official_schema,ready,True,provider_local,,not_implemented,runninghub,cfgScale|duration|multiShot|negativePrompt|shotType|sound,stored_snapshot:runninghub-{region}.json + runninghub-official-public.json,
discovery,region_snapshot:cn,data/model_capabilities/snapshots/runninghub-cn.json,d7fa6bd75964,runninghub,,cn,kling-v3.0-std-motion-control,,,runninghub-kling-3.0,,1,kling-v3.0-std-motion-control,motion_control,video_generation,"video,min=1,async",,official_schema,ready,True,provider_local,,not_implemented,runninghub,characterOrientation|keepOriginalSound|negativePrompt,stored_snapshot:runninghub-{region}.json + runninghub-official-public.json,
discovery,region_snapshot:cn,data/model_capabilities/snapshots/runninghub-cn.json,d7fa6bd75964,runninghub,,cn,kling-v3.0-std-text-to-video,,,runninghub-kling-3.0,,1,kling-v3.0-std-text-to-video,text_to_video,video_generation,"video,min=1,async",,official_schema,ready,True,provider_local,,not_implemented,runninghub,aspect_ratio|cfgScale|duration|multiShot|negativePrompt|shotType|sound,stored_snapshot:runninghub-{region}.json + runninghub-official-public.json,
discovery,region_snapshot:cn,data/model_capabilities/snapshots/runninghub-cn.json,d7fa6bd75964,runninghub,,cn,kling-video-o1-std/edit-video,,,runninghub-kling-o1,,1,kling-video-o1-std-edit-video,video_to_video,video_generation,"video,min=1,async",,official_schema,ready,True,provider_local,,not_implemented,runninghub,keepOriginalSound|mode,stored_snapshot:runninghub-{region}.json + runninghub-official-public.json,
discovery,region_snapshot:cn,data/model_capabilities/snapshots/runninghub-cn.json,d7fa6bd75964,runninghub,,cn,kling-video-o1-std/refrence-to-video,,,runninghub-kling-o1,,1,kling-video-o1-std-refrence-to-video,multimodal_to_video,video_generation,"video,min=1,async",,official_schema,ready,True,provider_local,,not_implemented,runninghub,aspect_ratio|duration|keepOriginalSound|mode,stored_snapshot:runninghub-{region}.json + runninghub-official-public.json,
discovery,region_snapshot:cn,data/model_capabilities/snapshots/runninghub-cn.json,d7fa6bd75964,runninghub,,cn,kling-video-o1/image-to-video,,,runninghub-kling-o1,,1,kling-video-o1-image-to-video,image_to_video,video_generation,"video,min=1,async",,official_schema,ready,True,provider_local,,not_implemented,runninghub,aspect_ratio|duration|mode,stored_snapshot:runninghub-{region}.json + runninghub-official-public.json,
discovery,region_snapshot:cn,data/model_capabilities/snapshots/runninghub-cn.json,d7fa6bd75964,runninghub,,cn,kling-video-o1/start-to-end,,,runninghub-kling-o1,,1,kling-video-o1-start-to-end,image_to_video,video_generation,"video,min=1,async",,official_schema,ready,True,provider_local,,not_implemented,runninghub,aspect_ratio|duration|mode,stored_snapshot:runninghub-{region}.json + runninghub-official-public.json,
discovery,region_snapshot:cn,data/model_capabilities/snapshots/runninghub-cn.json,d7fa6bd75964,runninghub,,cn,kling-video-o1/text-to-video,,,runninghub-kling-o1,,1,kling-video-o1-text-to-video,text_to_video,video_generation,"video,min=1,async",,official_schema,ready,True,provider_local,,not_implemented,runninghub,aspect_ratio|duration|mode,stored_snapshot:runninghub-{region}.json + runninghub-official-public.json,
discovery,region_snapshot:cn,data/model_capabilities/snapshots/runninghub-cn.json,d7fa6bd75964,runninghub,,cn,kling-video-o3-4k-image-to-video,,,runninghub-kling-o3,,1,kling-video-o3-4k-image-to-video,image_to_video,video_generation,"video,min=1,async",,official_schema,ready,True,provider_local,,not_implemented,runninghub,duration|multiShot|shotType|sound,stored_snapshot:runninghub-{region}.json + runninghub-official-public.json,
discovery,region_snapshot:cn,data/model_capabilities/snapshots/runninghub-cn.json,d7fa6bd75964,runninghub,,cn,kling-video-o3-4k-reference-to-video,,,runninghub-kling-o3,,1,kling-video-o3-4k-reference-to-video,image_to_video,video_generation,"video,min=1,async",,official_schema,ready,True,provider_local,,not_implemented,runninghub,aspect_ratio|duration|keepOriginalSound|multiShot|shotType|sound,stored_snapshot:runninghub-{region}.json + runninghub-official-public.json,
discovery,region_snapshot:cn,data/model_capabilities/snapshots/runninghub-cn.json,d7fa6bd75964,runninghub,,cn,kling-video-o3-4k-text-to-video,,,runninghub-kling-o3,,1,kling-video-o3-4k-text-to-video,text_to_video,video_generation,"video,min=1,async",,official_schema,ready,True,provider_local,,not_implemented,runninghub,aspect_ratio|duration|multiShot|shotType|sound,stored_snapshot:runninghub-{region}.json + runninghub-official-public.json,
discovery,region_snapshot:cn,data/model_capabilities/snapshots/runninghub-cn.json,d7fa6bd75964,runninghub,,cn,kling-video-o3-pro-image-to-video,,,runninghub-kling-o3,,1,kling-video-o3-pro-image-to-video,image_to_video,video_generation,"video,min=1,async",,official_schema,ready,True,provider_local,,not_implemented,runninghub,duration|multiShot|shotType|sound,stored_snapshot:runninghub-{region}.json + runninghub-official-public.json,
discovery,region_snapshot:cn,data/model_capabilities/snapshots/runninghub-cn.json,d7fa6bd75964,runninghub,,cn,kling-video-o3-pro/reference-to-video,,,runninghub-kling-o3,,1,kling-video-o3-pro-reference-to-video,multimodal_to_video,video_generation,"video,min=1,async",,official_schema,ready,True,provider_local,,not_implemented,runninghub,aspect_ratio|duration|keepOriginalSound|multiShot|shotType|sound,stored_snapshot:runninghub-{region}.json + runninghub-official-public.json,
discovery,region_snapshot:cn,data/model_capabilities/snapshots/runninghub-cn.json,d7fa6bd75964,runninghub,,cn,kling-video-o3-pro-text-to-video,,,runninghub-kling-o3,,1,kling-video-o3-pro-text-to-video,text_to_video,video_generation,"video,min=1,async",,official_schema,ready,True,provider_local,,not_implemented,runninghub,aspect_ratio|duration|multiShot|shotType|sound,stored_snapshot:runninghub-{region}.json + runninghub-official-public.json,
discovery,region_snapshot:cn,data/model_capabilities/snapshots/runninghub-cn.json,d7fa6bd75964,runninghub,,cn,kling-video-o3-pro/video-edit,,,runninghub-kling-o3,,1,kling-video-o3-pro-video-edit,video_to_video,video_generation,"video,min=1,async",,official_schema,ready,True,provider_local,,not_implemented,runninghub,keepOriginalSound,stored_snapshot:runninghub-{region}.json + runninghub-official-public.json,
discovery,region_snapshot:cn,data/model_capabilities/snapshots/runninghub-cn.json,d7fa6bd75964,runninghub,,cn,kling-video-o3-std-image-to-video,,,runninghub-kling-o3,,1,kling-video-o3-std-image-to-video,image_to_video,video_generation,"video,min=1,async",,official_schema,ready,True,provider_local,,not_implemented,runninghub,duration|multiShot|shotType|sound,stored_snapshot:runninghub-{region}.json + runninghub-official-public.json,
discovery,region_snapshot:cn,data/model_capabilities/snapshots/runninghub-cn.json,d7fa6bd75964,runninghub,,cn,kling-video-o3-std/reference-to-video,,,runninghub-kling-o3,,1,kling-video-o3-std-reference-to-video,multimodal_to_video,video_generation,"video,min=1,async",,official_schema,ready,True,provider_local,,not_implemented,runninghub,aspect_ratio|duration|keepOriginalSound|multiShot|shotType|sound,stored_snapshot:runninghub-{region}.json + runninghub-official-public.json,
discovery,region_snapshot:cn,data/model_capabilities/snapshots/runninghub-cn.json,d7fa6bd75964,runninghub,,cn,kling-video-o3-std-text-to-video,,,runninghub-kling-o3,,1,kling-video-o3-std-text-to-video,text_to_video,video_generation,"video,min=1,async",,official_schema,ready,True,provider_local,,not_implemented,runninghub,aspect_ratio|duration|multiShot|shotType|sound,stored_snapshot:runninghub-{region}.json + runninghub-official-public.json,
discovery,region_snapshot:cn,data/model_capabilities/snapshots/runninghub-cn.json,d7fa6bd75964,runninghub,,cn,kling-video-o3-std/video-edit,,,runninghub-kling-o3,,1,kling-video-o3-std-video-edit,video_to_video,video_generation,"video,min=1,async",,official_schema,ready,True,provider_local,,not_implemented,runninghub,keepOriginalSound,stored_snapshot:runninghub-{region}.json + runninghub-official-public.json,
discovery,region_snapshot:cn,data/model_capabilities/snapshots/runninghub-cn.json,d7fa6bd75964,runninghub,,cn,marble-1.0/video-to-world,,,runninghub-marble-1.0-video-to-world,,1,marble-1.0-video-to-world,text_to_video,video_generation,"video,min=1,async",,official_schema,ready,True,provider_local,,not_implemented,runninghub,disableRecaption|displayName|permissionAllowIdAccess|permissionAllowedReaders|permissionAllowedWriters|permissionPublic|seed|tags|textPrompt|videoUrl,stored_snapshot:runninghub-{region}.json + runninghub-official-public.json,
discovery,region_snapshot:cn,data/model_capabilities/snapshots/runninghub-cn.json,d7fa6bd75964,runninghub,,cn,marble-1.1-plus/video-to-world,,,runninghub-marble-1.1-plus-video-to-world,,1,marble-1.1-plus-video-to-world,text_to_video,video_generation,"video,min=1,async",,official_schema,ready,True,provider_local,,not_implemented,runninghub,disableRecaption|displayName|permissionAllowIdAccess|permissionAllowedReaders|permissionAllowedWriters|permissionPublic|seed|tags|textPrompt|videoUrl,stored_snapshot:runninghub-{region}.json + runninghub-official-public.json,
discovery,region_snapshot:cn,data/model_capabilities/snapshots/runninghub-cn.json,d7fa6bd75964,runninghub,,cn,marble-1.1/video-to-world,,,runninghub-marble-1.1-video-to-world,,1,marble-1.1-video-to-world,text_to_video,video_generation,"video,min=1,async",,official_schema,ready,True,provider_local,,not_implemented,runninghub,disableRecaption|displayName|permissionAllowIdAccess|permissionAllowedReaders|permissionAllowedWriters|permissionPublic|seed|tags|textPrompt|videoUrl,stored_snapshot:runninghub-{region}.json + runninghub-official-public.json,
discovery,region_snapshot:cn,data/model_capabilities/snapshots/runninghub-cn.json,d7fa6bd75964,runninghub,,cn,hailuo-02-fast,,,runninghub-hailuo-02,,1,hailuo-02-fast,image_to_video,video_generation,"video,min=1,async",,official_schema,ready,True,provider_local,,not_implemented,runninghub,duration|enablePromptExpansion,stored_snapshot:runninghub-{region}.json + runninghub-official-public.json,
discovery,region_snapshot:cn,data/model_capabilities/snapshots/runninghub-cn.json,d7fa6bd75964,runninghub,,cn,hailuo-02-i2v-pro,,,runninghub-hailuo-02,,1,hailuo-02-i2v-pro,image_to_video,video_generation,"video,min=1,async",,official_schema,ready,True,provider_local,,not_implemented,runninghub,enablePromptExpansion,stored_snapshot:runninghub-{region}.json + runninghub-official-public.json,
discovery,region_snapshot:cn,data/model_capabilities/snapshots/runninghub-cn.json,d7fa6bd75964,runninghub,,cn,hailuo-02-i2v-standard,,,runninghub-hailuo-02,,1,hailuo-02-i2v-standard,image_to_video,video_generation,"video,min=1,async",,official_schema,ready,True,provider_local,,not_implemented,runninghub,duration|enablePromptExpansion,stored_snapshot:runninghub-{region}.json + runninghub-official-public.json,
discovery,region_snapshot:cn,data/model_capabilities/snapshots/runninghub-cn.json,d7fa6bd75964,runninghub,,cn,hailuo-02-pro,,,runninghub-hailuo-02,,1,hailuo-02-pro,image_to_video,video_generation,"video,min=1,async",,official_schema,ready,True,provider_local,,not_implemented,runninghub,duration|enablePromptExpansion,stored_snapshot:runninghub-{region}.json + runninghub-official-public.json,
discovery,region_snapshot:cn,data/model_capabilities/snapshots/runninghub-cn.json,d7fa6bd75964,runninghub,,cn,hailuo-02-standard,,,runninghub-hailuo-02,,1,hailuo-02-standard,image_to_video,video_generation,"video,min=1,async",,official_schema,ready,True,provider_local,,not_implemented,runninghub,duration|enablePromptExpansion,stored_snapshot:runninghub-{region}.json + runninghub-official-public.json,
discovery,region_snapshot:cn,data/model_capabilities/snapshots/runninghub-cn.json,d7fa6bd75964,runninghub,,cn,hailuo-02-t2v-pro,,,runninghub-hailuo-02,,1,hailuo-02-t2v-pro,text_to_video,video_generation,"video,min=1,async",,official_schema,ready,True,provider_local,,not_implemented,runninghub,enablePromptExpansion,stored_snapshot:runninghub-{region}.json + runninghub-official-public.json,
discovery,region_snapshot:cn,data/model_capabilities/snapshots/runninghub-cn.json,d7fa6bd75964,runninghub,,cn,hailuo-02-t2v-standard,,,runninghub-hailuo-02,,1,hailuo-02-t2v-standard,text_to_video,video_generation,"video,min=1,async",,official_schema,ready,True,provider_local,,not_implemented,runninghub,duration|enablePromptExpansion,stored_snapshot:runninghub-{region}.json + runninghub-official-public.json,
discovery,region_snapshot:cn,data/model_capabilities/snapshots/runninghub-cn.json,d7fa6bd75964,runninghub,,cn,hailuo-2.3-fast-pro/image-to-video,,,runninghub-hailuo-2.3,,1,hailuo-2.3-fast-pro-image-to-video,image_to_video,video_generation,"video,min=1,async",,official_schema,ready,True,provider_local,,not_implemented,runninghub,duration|enablePromptExpansion,stored_snapshot:runninghub-{region}.json + runninghub-official-public.json,
discovery,region_snapshot:cn,data/model_capabilities/snapshots/runninghub-cn.json,d7fa6bd75964,runninghub,,cn,hailuo-2.3-fast/image-to-video,,,runninghub-hailuo-2.3,,1,hailuo-2.3-fast-image-to-video,image_to_video,video_generation,"video,min=1,async",,official_schema,ready,True,provider_local,,not_implemented,runninghub,duration|enablePromptExpansion,stored_snapshot:runninghub-{region}.json + runninghub-official-public.json,
discovery,region_snapshot:cn,data/model_capabilities/snapshots/runninghub-cn.json,d7fa6bd75964,runninghub,,cn,hailuo-2.3/i2v-standard,,,runninghub-hailuo-2.3,,1,hailuo-2.3-i2v-standard,image_to_video,video_generation,"video,min=1,async",,official_schema,ready,True,provider_local,,not_implemented,runninghub,duration|enablePromptExpansion,stored_snapshot:runninghub-{region}.json + runninghub-official-public.json,
discovery,region_snapshot:cn,data/model_capabilities/snapshots/runninghub-cn.json,d7fa6bd75964,runninghub,,cn,hailuo-2.3/i2v-pro,,,runninghub-hailuo-2.3,,1,hailuo-2.3-i2v-pro,image_to_video,video_generation,"video,min=1,async",,official_schema,ready,True,provider_local,,not_implemented,runninghub,enablePromptExpansion,stored_snapshot:runninghub-{region}.json + runninghub-official-public.json,
discovery,region_snapshot:cn,data/model_capabilities/snapshots/runninghub-cn.json,d7fa6bd75964,runninghub,,cn,hailuo-2.3-t2v-pro,,,runninghub-hailuo-2.3,,1,hailuo-2.3-t2v-pro,text_to_video,video_generation,"video,min=1,async",,official_schema,ready,True,provider_local,,not_implemented,runninghub,enablePromptExpansion,stored_snapshot:runninghub-{region}.json + runninghub-official-public.json,
discovery,region_snapshot:cn,data/model_capabilities/snapshots/runninghub-cn.json,d7fa6bd75964,runninghub,,cn,hailuo-2.3-t2v-standard,,,runninghub-hailuo-2.3,,1,hailuo-2.3-t2v-standard,text_to_video,video_generation,"video,min=1,async",,official_schema,ready,True,provider_local,,not_implemented,runninghub,duration|enablePromptExpansion,stored_snapshot:runninghub-{region}.json + runninghub-official-public.json,
discovery,region_snapshot:cn,data/model_capabilities/snapshots/runninghub-cn.json,d7fa6bd75964,runninghub,,cn,pixverse-c1/image-to-video,,,runninghub-pixverse-c1,,1,pixverse-c1-image-to-video,image_to_video,video_generation,"video,min=1,async",,official_schema,ready,True,provider_local,,not_implemented,runninghub,duration|generateAudioSwitch|resolution,stored_snapshot:runninghub-{region}.json + runninghub-official-public.json,
discovery,region_snapshot:cn,data/model_capabilities/snapshots/runninghub-cn.json,d7fa6bd75964,runninghub,,cn,pixverse-c1/reference-to-video,,,runninghub-pixverse-c1,,1,pixverse-c1-reference-to-video,text_to_video,video_generation,"video,min=1,async",,official_schema,ready,True,provider_local,,not_implemented,runninghub,aspect_ratio|duration|generateAudioSwitch|resolution|seed,stored_snapshot:runninghub-{region}.json + runninghub-official-public.json,
discovery,region_snapshot:cn,data/model_capabilities/snapshots/runninghub-cn.json,d7fa6bd75964,runninghub,,cn,pixverse-c1/text-to-video,,,runninghub-pixverse-c1,,1,pixverse-c1-text-to-video,text_to_video,video_generation,"video,min=1,async",,official_schema,ready,True,provider_local,,not_implemented,runninghub,aspect_ratio|duration|generateAudioSwitch|resolution,stored_snapshot:runninghub-{region}.json + runninghub-official-public.json,
discovery,region_snapshot:cn,data/model_capabilities/snapshots/runninghub-cn.json,d7fa6bd75964,runninghub,,cn,pixverse-c1/transition,,,runninghub-pixverse-c1,,1,pixverse-c1-transition,video_transition,video_generation,"video,min=1,async",,official_schema,ready,True,provider_local,,not_implemented,runninghub,aspect_ratio|duration|generateAudioSwitch|resolution,stored_snapshot:runninghub-{region}.json + runninghub-official-public.json,
discovery,region_snapshot:cn,data/model_capabilities/snapshots/runninghub-cn.json,d7fa6bd75964,runninghub,,cn,pixverse-v5.5-effects,,,runninghub-pixverse-v5.5,,1,pixverse-v5.5-effects,video_effects,video_generation,"video,min=1,async",,official_schema,ready,True,provider_local,,not_implemented,runninghub,duration|effect|negativePrompt|resolution|thinkingType,stored_snapshot:runninghub-{region}.json + runninghub-official-public.json,
discovery,region_snapshot:cn,data/model_capabilities/snapshots/runninghub-cn.json,d7fa6bd75964,runninghub,,cn,pixverse-v5.5-transition,,,runninghub-pixverse-v5.5,,1,pixverse-v5.5-transition,video_transition,video_generation,"video,min=1,async",,official_schema,ready,True,provider_local,,not_implemented,runninghub,aspect_ratio|duration|negativePrompt|resolution|thinkingType,stored_snapshot:runninghub-{region}.json + runninghub-official-public.json,
discovery,region_snapshot:cn,data/model_capabilities/snapshots/runninghub-cn.json,d7fa6bd75964,runninghub,,cn,pixverse-v5.5/image-to-video,,,runninghub-pixverse-v5.5,,1,pixverse-v5.5-image-to-video,image_to_video,video_generation,"video,min=1,async",,official_schema,ready,True,provider_local,,not_implemented,runninghub,duration|generateAudioSwitch|generateMultiClipSwitch|negativePrompt|resolution|thinkingType,stored_snapshot:runninghub-{region}.json + runninghub-official-public.json,
discovery,region_snapshot:cn,data/model_capabilities/snapshots/runninghub-cn.json,d7fa6bd75964,runninghub,,cn,pixverse-v5.5/text-to-video,,,runninghub-pixverse-v5.5,,1,pixverse-v5.5-text-to-video,text_to_video,video_generation,"video,min=1,async",,official_schema,ready,True,provider_local,,not_implemented,runninghub,aspect_ratio|duration|generateAudioSwitch|generateMultiClipSwitch|negativePrompt|resolution|thinkingType,stored_snapshot:runninghub-{region}.json + runninghub-official-public.json,
discovery,region_snapshot:cn,data/model_capabilities/snapshots/runninghub-cn.json,d7fa6bd75964,runninghub,,cn,pixverse-v5.6/image-to-video,,,runninghub-pixverse-v5.6,,1,pixverse-v5.6-image-to-video,image_to_video,video_generation,"video,min=1,async",,official_schema,ready,True,provider_local,,not_implemented,runninghub,duration|generateAudioSwitch|negativePrompt|resolution|thinkingType,stored_snapshot:runninghub-{region}.json + runninghub-official-public.json,
discovery,region_snapshot:cn,data/model_capabilities/snapshots/runninghub-cn.json,d7fa6bd75964,runninghub,,cn,pixverse-v5.6/text-to-video,,,runninghub-pixverse-v5.6,,1,pixverse-v5.6-text-to-video,text_to_video,video_generation,"video,min=1,async",,official_schema,ready,True,provider_local,,not_implemented,runninghub,aspect_ratio|duration|generateAudioSwitch|negativePrompt|resolution|thinkingType,stored_snapshot:runninghub-{region}.json + runninghub-official-public.json,
discovery,region_snapshot:cn,data/model_capabilities/snapshots/runninghub-cn.json,d7fa6bd75964,runninghub,,cn,pixverse-v6/effects,,,runninghub-pixverse-v6,,1,pixverse-v6-effects,video_effects,video_generation,"video,min=1,async",,official_schema,ready,True,provider_local,,not_implemented,runninghub,duration|generateAudioSwitch|motionMode|negativePrompt|quality|seed|templateId|thinkingType,stored_snapshot:runninghub-{region}.json + runninghub-official-public.json,
discovery,region_snapshot:cn,data/model_capabilities/snapshots/runninghub-cn.json,d7fa6bd75964,runninghub,,cn,pixverse-v6/image-to-video,,,runninghub-pixverse-v6,,1,pixverse-v6-image-to-video,image_to_video,video_generation,"video,min=1,async",,official_schema,ready,True,provider_local,,not_implemented,runninghub,duration|generateAudioSwitch|resolution,stored_snapshot:runninghub-{region}.json + runninghub-official-public.json,
discovery,region_snapshot:cn,data/model_capabilities/snapshots/runninghub-cn.json,d7fa6bd75964,runninghub,,cn,pixverse-v6/text-to-video,,,runninghub-pixverse-v6,,1,pixverse-v6-text-to-video,text_to_video,video_generation,"video,min=1,async",,official_schema,ready,True,provider_local,,not_implemented,runninghub,aspect_ratio|duration|generateAudioSwitch|resolution,stored_snapshot:runninghub-{region}.json + runninghub-official-public.json,
discovery,region_snapshot:cn,data/model_capabilities/snapshots/runninghub-cn.json,d7fa6bd75964,runninghub,,cn,pixverse-v6/transition,,,runninghub-pixverse-v6,,1,pixverse-v6-transition,video_transition,video_generation,"video,min=1,async",,official_schema,ready,True,provider_local,,not_implemented,runninghub,aspect_ratio|duration|generateAudioSwitch|generateMultiClipSwitch|negativePrompt|resolution|seed|style|thinkingType,stored_snapshot:runninghub-{region}.json + runninghub-official-public.json,
discovery,region_snapshot:cn,data/model_capabilities/snapshots/runninghub-cn.json,d7fa6bd75964,runninghub,,cn,xai/grok-imagine/edit-video-official-stable,,,runninghub-xai-grok-imagine,,1,xai-grok-imagine-edit-video-official-stable,video_to_video,video_generation,"video,min=1,async",,official_schema,ready,True,provider_local,,not_implemented,runninghub,resolution,stored_snapshot:runninghub-{region}.json + runninghub-official-public.json,
discovery,region_snapshot:cn,data/model_capabilities/snapshots/runninghub-cn.json,d7fa6bd75964,runninghub,,cn,xai/grok-imagine/image-to-video-official-stable,,,runninghub-xai-grok-imagine,,1,xai-grok-imagine-image-to-video-official-stable,image_to_video,video_generation,"video,min=1,async",,official_schema,ready,True,provider_local,,not_implemented,runninghub,duration|resolution,stored_snapshot:runninghub-{region}.json + runninghub-official-public.json,
discovery,region_snapshot:cn,data/model_capabilities/snapshots/runninghub-cn.json,d7fa6bd75964,runninghub,,cn,xai/grok-imagine-video-v1.5/image-to-video-official-stable,,,runninghub-xai-grok-imagine-video-v1.5,,1,xai-grok-imagine-video-v1.5-image-to-video-official-stable,image_to_video,video_generation,"video,min=1,async",,official_schema,ready,True,provider_local,,not_implemented,runninghub,duration|resolution,stored_snapshot:runninghub-{region}.json + runninghub-official-public.json,
discovery,region_snapshot:cn,data/model_capabilities/snapshots/runninghub-cn.json,d7fa6bd75964,runninghub,,cn,xai/grok-imagine-video/reference-to-video-official-stable,,,runninghub-xai-grok-imagine-video,,1,xai-grok-imagine-video-reference-to-video-official-stable,image_to_video,video_generation,"video,min=1,async",,official_schema,ready,True,provider_local,,not_implemented,runninghub,duration|resolution,stored_snapshot:runninghub-{region}.json + runninghub-official-public.json,
discovery,region_snapshot:cn,data/model_capabilities/snapshots/runninghub-cn.json,d7fa6bd75964,runninghub,,cn,xai/grok-imagine/text-to-video-official-stable,,,runninghub-xai-grok-imagine,,1,xai-grok-imagine-text-to-video-official-stable,text_to_video,video_generation,"video,min=1,async",,official_schema,ready,True,provider_local,,not_implemented,runninghub,aspect_ratio|duration|resolution,stored_snapshot:runninghub-{region}.json + runninghub-official-public.json,
discovery,region_snapshot:cn,data/model_capabilities/snapshots/runninghub-cn.json,d7fa6bd75964,runninghub,,cn,xai/grok-imagine-video/video-extend-official-stable,,,runninghub-xai-grok-imagine-video,,1,xai-grok-imagine-video-video-extend-official-stable,video_extend,video_generation,"video,min=1,async",,official_schema,ready,True,provider_local,,not_implemented,runninghub,duration,stored_snapshot:runninghub-{region}.json + runninghub-official-public.json,
discovery,region_snapshot:cn,data/model_capabilities/snapshots/runninghub-cn.json,d7fa6bd75964,runninghub,,cn,xai/grok-imagine/image-to-video-channel-low-price-v1.5,,,runninghub-xai-grok-imagine,,1,xai-grok-imagine-image-to-video-channel-low-price-v1.5,image_to_video,video_generation,"video,min=1,async",,official_schema,ready,True,provider_local,,not_implemented,runninghub,aspect_ratio|duration|resolution,stored_snapshot:runninghub-{region}.json + runninghub-official-public.json,
discovery,region_snapshot:cn,data/model_capabilities/snapshots/runninghub-cn.json,d7fa6bd75964,runninghub,,cn,xai/grok-imagine/text-to-video-channel-low-price-v1.5,,,runninghub-xai-grok-imagine,,1,xai-grok-imagine-text-to-video-channel-low-price-v1.5,text_to_video,video_generation,"video,min=1,async",,official_schema,ready,True,provider_local,,not_implemented,runninghub,aspect_ratio|duration|resolution,stored_snapshot:runninghub-{region}.json + runninghub-official-public.json,
discovery,region_snapshot:cn,data/model_capabilities/snapshots/runninghub-cn.json,d7fa6bd75964,runninghub,,cn,runwayml/gen4-aleph/video-to-video-official-stable,,,runninghub-runwayml-gen4-aleph,,1,runwayml-gen4-aleph-video-to-video-official-stable,video_to_video,video_generation,"video,min=1,async",,official_schema,ready,True,provider_local,,not_implemented,runninghub,aspect_ratio,stored_snapshot:runninghub-{region}.json + runninghub-official-public.json,
discovery,region_snapshot:cn,data/model_capabilities/snapshots/runninghub-cn.json,d7fa6bd75964,runninghub,,cn,runwayml/gen4-turbo/image-to-video-official-stable,,,runninghub-runwayml-gen4-turbo,,1,runwayml-gen4-turbo-image-to-video-official-stable,image_to_video,video_generation,"video,min=1,async",,official_schema,ready,True,provider_local,,not_implemented,runninghub,aspect_ratio|duration,stored_snapshot:runninghub-{region}.json + runninghub-official-public.json,
discovery,region_snapshot:cn,data/model_capabilities/snapshots/runninghub-cn.json,d7fa6bd75964,runninghub,,cn,runwayml/gen4-turbo/image-to-video-channel-low-price,,,runninghub-runwayml-gen4-turbo,,1,runwayml-gen4-turbo-image-to-video-channel-low-price,image_to_video,video_generation,"video,min=1,async",,official_schema,ready,True,provider_local,,not_implemented,runninghub,aspect_ratio|duration,stored_snapshot:runninghub-{region}.json + runninghub-official-public.json,
discovery,region_snapshot:cn,data/model_capabilities/snapshots/runninghub-cn.json,d7fa6bd75964,runninghub,,cn,sora-2/image-to-video-official-stable,,,runninghub-sora-2,,1,sora-2-image-to-video-official-stable,image_to_video,video_generation,"video,min=1,async",,official_schema,ready,True,provider_local,,not_implemented,runninghub,duration,stored_snapshot:runninghub-{region}.json + runninghub-official-public.json,
discovery,region_snapshot:cn,data/model_capabilities/snapshots/runninghub-cn.json,d7fa6bd75964,runninghub,,cn,sora-2/image-to-video-pro-official-stable,,,runninghub-sora-2,,1,sora-2-image-to-video-pro-official-stable,image_to_video,video_generation,"video,min=1,async",,official_schema,ready,True,provider_local,,not_implemented,runninghub,duration|resolution,stored_snapshot:runninghub-{region}.json + runninghub-official-public.json,
discovery,region_snapshot:cn,data/model_capabilities/snapshots/runninghub-cn.json,d7fa6bd75964,runninghub,,cn,sora-2/image-to-video-realistic-official-stable,,,runninghub-sora-2,,1,sora-2-image-to-video-realistic-official-stable,image_to_video,video_generation,"video,min=1,async",,official_schema,ready,True,provider_local,,not_implemented,runninghub,duration,stored_snapshot:runninghub-{region}.json + runninghub-official-public.json,
discovery,region_snapshot:cn,data/model_capabilities/snapshots/runninghub-cn.json,d7fa6bd75964,runninghub,,cn,sora-upload-character-official,,,runninghub-sora-upload-character-official,,1,sora-upload-character-official,multimodal_to_video,video_generation,"video,min=1,async",,official_schema,ready,True,provider_local,,not_implemented,runninghub,name,stored_snapshot:runninghub-{region}.json + runninghub-official-public.json,
discovery,region_snapshot:cn,data/model_capabilities/snapshots/runninghub-cn.json,d7fa6bd75964,runninghub,,cn,sora-2/text-to-video-official-stable,,,runninghub-sora-2,,1,sora-2-text-to-video-official-stable,text_to_video,video_generation,"video,min=1,async",,official_schema,ready,True,provider_local,,not_implemented,runninghub,duration|size,stored_snapshot:runninghub-{region}.json + runninghub-official-public.json,
discovery,region_snapshot:cn,data/model_capabilities/snapshots/runninghub-cn.json,d7fa6bd75964,runninghub,,cn,sora-2/text-to-video-pro-official-stable,,,runninghub-sora-2,,1,sora-2-text-to-video-pro-official-stable,text_to_video,video_generation,"video,min=1,async",,official_schema,ready,True,provider_local,,not_implemented,runninghub,duration|size,stored_snapshot:runninghub-{region}.json + runninghub-official-public.json,
discovery,region_snapshot:cn,data/model_capabilities/snapshots/runninghub-cn.json,d7fa6bd75964,runninghub,,cn,sora-2/image-to-video-channel-low-price,,,runninghub-sora-2,,1,sora-2-image-to-video-channel-low-price,image_to_video,video_generation,"video,min=1,async",,official_schema,ready,True,provider_local,,not_implemented,runninghub,aspect_ratio|duration|storyboard,stored_snapshot:runninghub-{region}.json + runninghub-official-public.json,
discovery,region_snapshot:cn,data/model_capabilities/snapshots/runninghub-cn.json,d7fa6bd75964,runninghub,,cn,sora-2/image-to-video-asyn-channel-low-price,,,runninghub-sora-2,,1,sora-2-image-to-video-asyn-channel-low-price,image_to_video,video_generation,"video,min=1,async",,official_schema,ready,True,provider_local,,not_implemented,runninghub,aspect_ratio|duration,stored_snapshot:runninghub-{region}.json + runninghub-official-public.json,
discovery,region_snapshot:cn,data/model_capabilities/snapshots/runninghub-cn.json,d7fa6bd75964,runninghub,,cn,sora-2/image-to-video-pro-channel-low-price,,,runninghub-sora-2,,1,sora-2-image-to-video-pro-channel-low-price,image_to_video,video_generation,"video,min=1,async",,official_schema,ready,True,provider_local,,not_implemented,runninghub,aspect_ratio|duration|storyboard,stored_snapshot:runninghub-{region}.json + runninghub-official-public.json,
discovery,region_snapshot:cn,data/model_capabilities/snapshots/runninghub-cn.json,d7fa6bd75964,runninghub,,cn,sora-2/text-to-video-channel-low-price,,,runninghub-sora-2,,1,sora-2-text-to-video-channel-low-price,text_to_video,video_generation,"video,min=1,async",,official_schema,ready,True,provider_local,,not_implemented,runninghub,aspect_ratio|duration|storyboard,stored_snapshot:runninghub-{region}.json + runninghub-official-public.json,
discovery,region_snapshot:cn,data/model_capabilities/snapshots/runninghub-cn.json,d7fa6bd75964,runninghub,,cn,sora-2/text-to-video-pro-channel-low-price,,,runninghub-sora-2,,1,sora-2-text-to-video-pro-channel-low-price,text_to_video,video_generation,"video,min=1,async",,official_schema,ready,True,provider_local,,not_implemented,runninghub,aspect_ratio|duration|storyboard,stored_snapshot:runninghub-{region}.json + runninghub-official-public.json,
discovery,region_snapshot:cn,data/model_capabilities/snapshots/runninghub-cn.json,d7fa6bd75964,runninghub,,cn,google/veo3.1-fast/image-to-video-official-stable,,,runninghub-google-veo3.1,,1,google-veo3.1-fast-image-to-video-official-stable,image_to_video,video_generation,"video,min=1,async",,official_schema,ready,True,provider_local,,not_implemented,runninghub,aspect_ratio|duration|generate_audio|negativePrompt|resolution|seed,stored_snapshot:runninghub-{region}.json + runninghub-official-public.json,
discovery,region_snapshot:cn,data/model_capabilities/snapshots/runninghub-cn.json,d7fa6bd75964,runninghub,,cn,google/veo3.1-fast/reference-to-video-official-stable,,,runninghub-google-veo3.1,,1,google-veo3.1-fast-reference-to-video-official-stable,image_to_video,video_generation,"video,min=1,async",,official_schema,ready,True,provider_local,,not_implemented,runninghub,aspect_ratio|generate_audio|negativePrompt|resolution|seed,stored_snapshot:runninghub-{region}.json + runninghub-official-public.json,
discovery,region_snapshot:cn,data/model_capabilities/snapshots/runninghub-cn.json,d7fa6bd75964,runninghub,,cn,google/veo3.1-fast/text-to-video-official-stable,,,runninghub-google-veo3.1,,1,google-veo3.1-fast-text-to-video-official-stable,text_to_video,video_generation,"video,min=1,async",,official_schema,ready,True,provider_local,,not_implemented,runninghub,aspect_ratio|duration|generate_audio|negativePrompt|resolution|seed,stored_snapshot:runninghub-{region}.json + runninghub-official-public.json,
discovery,region_snapshot:cn,data/model_capabilities/snapshots/runninghub-cn.json,d7fa6bd75964,runninghub,,cn,google/veo3.1-fast/video-extend-official-stable,,,runninghub-google-veo3.1,,1,google-veo3.1-fast-video-extend-official-stable,video_extend,video_generation,"video,min=1,async",,official_schema,ready,True,provider_local,,not_implemented,runninghub,negativePrompt|resolution|seed,stored_snapshot:runninghub-{region}.json + runninghub-official-public.json,
discovery,region_snapshot:cn,data/model_capabilities/snapshots/runninghub-cn.json,d7fa6bd75964,runninghub,,cn,google/veo3.1-fast/image-to-video-channel-low-price,,,runninghub-google-veo3.1,,1,google-veo3.1-fast-image-to-video-channel-low-price,image_to_video,video_generation,"video,min=1,async",,official_schema,ready,True,provider_local,,not_implemented,runninghub,aspect_ratio|duration|resolution,stored_snapshot:runninghub-{region}.json + runninghub-official-public.json,
discovery,region_snapshot:cn,data/model_capabilities/snapshots/runninghub-cn.json,d7fa6bd75964,runninghub,,cn,google/veo3.1-fast/start-end-to-video-channel-low-price,,,runninghub-google-veo3.1,,1,google-veo3.1-fast-start-end-to-video-channel-low-price,image_to_video,video_generation,"video,min=1,async",,official_schema,ready,True,provider_local,,not_implemented,runninghub,aspect_ratio|duration|resolution,stored_snapshot:runninghub-{region}.json + runninghub-official-public.json,
discovery,region_snapshot:cn,data/model_capabilities/snapshots/runninghub-cn.json,d7fa6bd75964,runninghub,,cn,google/veo3.1-fast/text-to-video-channel-low-price,,,runninghub-google-veo3.1,,1,google-veo3.1-fast-text-to-video-channel-low-price,text_to_video,video_generation,"video,min=1,async",,official_schema,ready,True,provider_local,,not_implemented,runninghub,aspect_ratio|duration|resolution,stored_snapshot:runninghub-{region}.json + runninghub-official-public.json,
discovery,region_snapshot:cn,data/model_capabilities/snapshots/runninghub-cn.json,d7fa6bd75964,runninghub,,cn,google/veo3.1-lite/image-to-video-official-stable,,,runninghub-google-veo3.1,,1,google-veo3.1-lite-image-to-video-official-stable,image_to_video,video_generation,"video,min=1,async",,official_schema,ready,True,provider_local,,not_implemented,runninghub,aspect_ratio|duration|negativePrompt|resolution|seed,stored_snapshot:runninghub-{region}.json + runninghub-official-public.json,
discovery,region_snapshot:cn,data/model_capabilities/snapshots/runninghub-cn.json,d7fa6bd75964,runninghub,,cn,google/veo3.1-lite/start-end-to-video-official-stable,,,runninghub-google-veo3.1,,1,google-veo3.1-lite-start-end-to-video-official-stable,image_to_video,video_generation,"video,min=1,async",,official_schema,ready,True,provider_local,,not_implemented,runninghub,aspect_ratio|negativePrompt|resolution|seed,stored_snapshot:runninghub-{region}.json + runninghub-official-public.json,
discovery,region_snapshot:cn,data/model_capabilities/snapshots/runninghub-cn.json,d7fa6bd75964,runninghub,,cn,google/veo3.1-lite/text-to-video-official-stable,,,runninghub-google-veo3.1,,1,google-veo3.1-lite-text-to-video-official-stable,text_to_video,video_generation,"video,min=1,async",,official_schema,ready,True,provider_local,,not_implemented,runninghub,aspect_ratio|duration|negativePrompt|resolution|seed,stored_snapshot:runninghub-{region}.json + runninghub-official-public.json,
discovery,region_snapshot:cn,data/model_capabilities/snapshots/runninghub-cn.json,d7fa6bd75964,runninghub,,cn,google/veo3.1-lite/image-to-video-channel-low-price,,,runninghub-google-veo3.1,,1,google-veo3.1-lite-image-to-video-channel-low-price,image_to_video,video_generation,"video,min=1,async",,official_schema,ready,True,provider_local,,not_implemented,runninghub,aspect_ratio|duration|resolution,stored_snapshot:runninghub-{region}.json + runninghub-official-public.json,
discovery,region_snapshot:cn,data/model_capabilities/snapshots/runninghub-cn.json,d7fa6bd75964,runninghub,,cn,google/veo3.1-lite/text-to-video-channel-low-price,,,runninghub-google-veo3.1,,1,google-veo3.1-lite-text-to-video-channel-low-price,text_to_video,video_generation,"video,min=1,async",,official_schema,ready,True,provider_local,,not_implemented,runninghub,aspect_ratio|duration|resolution,stored_snapshot:runninghub-{region}.json + runninghub-official-public.json,
discovery,region_snapshot:cn,data/model_capabilities/snapshots/runninghub-cn.json,d7fa6bd75964,runninghub,,cn,google/veo3.1-pro/image-to-video-official-stable,,,runninghub-google-veo3.1,,1,google-veo3.1-pro-image-to-video-official-stable,image_to_video,video_generation,"video,min=1,async",,official_schema,ready,True,provider_local,,not_implemented,runninghub,aspect_ratio|duration|generate_audio|negativePrompt|resolution|seed,stored_snapshot:runninghub-{region}.json + runninghub-official-public.json,
discovery,region_snapshot:cn,data/model_capabilities/snapshots/runninghub-cn.json,d7fa6bd75964,runninghub,,cn,google/veo3.1-pro/reference-to-video-official-stable,,,runninghub-google-veo3.1,,1,google-veo3.1-pro-reference-to-video-official-stable,image_to_video,video_generation,"video,min=1,async",,official_schema,ready,True,provider_local,,not_implemented,runninghub,generate_audio|negativePrompt|resolution|seed,stored_snapshot:runninghub-{region}.json + runninghub-official-public.json,
discovery,region_snapshot:cn,data/model_capabilities/snapshots/runninghub-cn.json,d7fa6bd75964,runninghub,,cn,google/veo3.1-pro/text-to-video-official-stable,,,runninghub-google-veo3.1,,1,google-veo3.1-pro-text-to-video-official-stable,text_to_video,video_generation,"video,min=1,async",,official_schema,ready,True,provider_local,,not_implemented,runninghub,aspect_ratio|duration|generate_audio|negativePrompt|resolution|seed,stored_snapshot:runninghub-{region}.json + runninghub-official-public.json,
discovery,region_snapshot:cn,data/model_capabilities/snapshots/runninghub-cn.json,d7fa6bd75964,runninghub,,cn,google/veo3.1-pro/video-extend-official-stable,,,runninghub-google-veo3.1,,1,google-veo3.1-pro-video-extend-official-stable,video_extend,video_generation,"video,min=1,async",,official_schema,ready,True,provider_local,,not_implemented,runninghub,negativePrompt|resolution|seed,stored_snapshot:runninghub-{region}.json + runninghub-official-public.json,
discovery,region_snapshot:cn,data/model_capabilities/snapshots/runninghub-cn.json,d7fa6bd75964,runninghub,,cn,google/veo3.1-pro/image-to-video-channel-low-price,,,runninghub-google-veo3.1,,1,google-veo3.1-pro-image-to-video-channel-low-price,image_to_video,video_generation,"video,min=1,async",,official_schema,ready,True,provider_local,,not_implemented,runninghub,aspect_ratio|duration|resolution,stored_snapshot:runninghub-{region}.json + runninghub-official-public.json,
discovery,region_snapshot:cn,data/model_capabilities/snapshots/runninghub-cn.json,d7fa6bd75964,runninghub,,cn,google/veo3.1-pro/start-end-to-video-channel-low-price,,,runninghub-google-veo3.1,,1,google-veo3.1-pro-start-end-to-video-channel-low-price,image_to_video,video_generation,"video,min=1,async",,official_schema,ready,True,provider_local,,not_implemented,runninghub,aspect_ratio|duration|resolution,stored_snapshot:runninghub-{region}.json + runninghub-official-public.json,
discovery,region_snapshot:cn,data/model_capabilities/snapshots/runninghub-cn.json,d7fa6bd75964,runninghub,,cn,google/veo3.1-pro/text-to-video-channel-low-price,,,runninghub-google-veo3.1,,1,google-veo3.1-pro-text-to-video-channel-low-price,text_to_video,video_generation,"video,min=1,async",,official_schema,ready,True,provider_local,,not_implemented,runninghub,aspect_ratio|duration|resolution,stored_snapshot:runninghub-{region}.json + runninghub-official-public.json,
discovery,region_snapshot:cn,data/model_capabilities/snapshots/runninghub-cn.json,d7fa6bd75964,runninghub,,cn,ltx-2-19b/text-to-video-lora,,,runninghub-ltx-2-19b,,1,ltx-2-19b-text-to-video-lora,text_to_video,video_generation,"video,min=1,async",,official_schema,needs_profile,False,provider_local,,not_implemented,runninghub,,stored_snapshot:runninghub-{region}.json + runninghub-official-public.json,PROFILE_UNCONFIRMED|NO_PARAMETER_FIELDS
discovery,region_snapshot:cn,data/model_capabilities/snapshots/runninghub-cn.json,d7fa6bd75964,runninghub,,cn,Seedance2.0 Fast Image to Video,,,runninghub-seedance-2.0,,1,seedance2.0-fast-image-to-video,image_to_video,video_generation,"video,min=1,async",,official_schema,ready,True,provider_local,,not_implemented,runninghub,aspect_ratio|duration|generate_audio|resolution|return_last_frame,stored_snapshot:runninghub-{region}.json + runninghub-official-public.json,
discovery,region_snapshot:cn,data/model_capabilities/snapshots/runninghub-cn.json,d7fa6bd75964,runninghub,,cn,Seedance2.0 Fast Multimodal Video,,,runninghub-seedance-2.0,,1,seedance2.0-fast-multimodal-video,multimodal_to_video,video_generation,"video,min=1,async",,official_schema,ready,True,provider_local,,not_implemented,runninghub,aspect_ratio|duration|generate_audio|resolution|return_last_frame,stored_snapshot:runninghub-{region}.json + runninghub-official-public.json,
discovery,region_snapshot:cn,data/model_capabilities/snapshots/runninghub-cn.json,d7fa6bd75964,runninghub,,cn,Seedance2.0 Fast Text to Video,,,runninghub-seedance-2.0,,1,seedance2.0-fast-text-to-video,text_to_video,video_generation,"video,min=1,async",,official_schema,ready,True,provider_local,,not_implemented,runninghub,aspect_ratio|duration|generate_audio|resolution|return_last_frame|webSearch,stored_snapshot:runninghub-{region}.json + runninghub-official-public.json,
discovery,region_snapshot:cn,data/model_capabilities/snapshots/runninghub-cn.json,d7fa6bd75964,runninghub,,cn,seedance-2.0-mini/image-to-video,,,runninghub-seedance-2.0,,1,seedance-2.0-mini-image-to-video,image_to_video,video_generation,"video,min=1,async",,official_schema,ready,True,provider_local,,not_implemented,runninghub,aspect_ratio|conversionSlots|duration|generate_audio|realPersonMode|resolution|return_last_frame|seed,stored_snapshot:runninghub-{region}.json + runninghub-official-public.json,
discovery,region_snapshot:cn,data/model_capabilities/snapshots/runninghub-cn.json,d7fa6bd75964,runninghub,,cn,seedance-2.0-mini/multimodal-video,,,runninghub-seedance-2.0,,1,seedance-2.0-mini-multimodal-video,multimodal_to_video,video_generation,"video,min=1,async",,official_schema,ready,True,provider_local,,not_implemented,runninghub,aspect_ratio|conversionSlots|duration|generate_audio|realPersonMode|resolution|return_last_frame|seed,stored_snapshot:runninghub-{region}.json + runninghub-official-public.json,
discovery,region_snapshot:cn,data/model_capabilities/snapshots/runninghub-cn.json,d7fa6bd75964,runninghub,,cn,seedance-2.0-mini/text-to-video,,,runninghub-seedance-2.0,,1,seedance-2.0-mini-text-to-video,text_to_video,video_generation,"video,min=1,async",,official_schema,ready,True,provider_local,,not_implemented,runninghub,aspect_ratio|duration|generate_audio|resolution|return_last_frame|seed|webSearch,stored_snapshot:runninghub-{region}.json + runninghub-official-public.json,
discovery,region_snapshot:cn,data/model_capabilities/snapshots/runninghub-cn.json,d7fa6bd75964,runninghub,,cn,Seedance2.0 Image to Video,,,runninghub-seedance-2.0,,1,seedance2.0-image-to-video,image_to_video,video_generation,"video,min=1,async",,official_schema,ready,True,provider_local,,not_implemented,runninghub,aspect_ratio|duration|generate_audio|resolution|return_last_frame,stored_snapshot:runninghub-{region}.json + runninghub-official-public.json,
discovery,region_snapshot:cn,data/model_capabilities/snapshots/runninghub-cn.json,d7fa6bd75964,runninghub,,cn,Seedance2.0 Multimodal Video,,,runninghub-seedance-2.0,,1,seedance2.0-multimodal-video,multimodal_to_video,video_generation,"video,min=1,async",,official_schema,ready,True,provider_local,,not_implemented,runninghub,aspect_ratio|duration|generate_audio|resolution|return_last_frame,stored_snapshot:runninghub-{region}.json + runninghub-official-public.json,
discovery,region_snapshot:cn,data/model_capabilities/snapshots/runninghub-cn.json,d7fa6bd75964,runninghub,,cn,Stephen Chow IP Video Gen(Seedance 2.0),,,runninghub-seedance-2.0,,1,stephen-chow-ip-video-gen-seedance-2.0,image_to_video,video_generation,"video,min=1,async",,official_schema,ready,True,provider_local,,not_implemented,runninghub,aspect_ratio|duration|resolution|templateId,stored_snapshot:runninghub-{region}.json + runninghub-official-public.json,
discovery,region_snapshot:cn,data/model_capabilities/snapshots/runninghub-cn.json,d7fa6bd75964,runninghub,,cn,Stephen Chow IP Video Gen-Fast (Seedance 2.0 Fast),,,runninghub-seedance-2.0,,1,stephen-chow-ip-video-gen-fast-seedance-2.0-fast,image_to_video,video_generation,"video,min=1,async",,official_schema,ready,True,provider_local,,not_implemented,runninghub,aspect_ratio|duration|resolution|templateId,stored_snapshot:runninghub-{region}.json + runninghub-official-public.json,
discovery,region_snapshot:cn,data/model_capabilities/snapshots/runninghub-cn.json,d7fa6bd75964,runninghub,,cn,Seedance2.0 Text to Video,,,runninghub-seedance-2.0,,1,seedance2.0-text-to-video,text_to_video,video_generation,"video,min=1,async",,official_schema,ready,True,provider_local,,not_implemented,runninghub,aspect_ratio|duration|generate_audio|resolution|return_last_frame|webSearch,stored_snapshot:runninghub-{region}.json + runninghub-official-public.json,
discovery,region_snapshot:cn,data/model_capabilities/snapshots/runninghub-cn.json,d7fa6bd75964,runninghub,,cn,rh-video-fps-increaser,,,runninghub-rh-video-fps-increaser,,1,rh-video-fps-increaser,video_enhancement,video_generation,"video,min=1,async",,official_schema,ready,True,provider_local,,not_implemented,runninghub,,stored_snapshot:runninghub-{region}.json + runninghub-official-public.json,NO_PARAMETER_FIELDS
discovery,region_snapshot:cn,data/model_capabilities/snapshots/runninghub-cn.json,d7fa6bd75964,runninghub,,cn,rh-video-upscaler,,,runninghub-rh-video-upscaler,,1,rh-video-upscaler,video_enhancement,video_generation,"video,min=1,async",,official_schema,ready,True,provider_local,,not_implemented,runninghub,targetResolution,stored_snapshot:runninghub-{region}.json + runninghub-official-public.json,
discovery,region_snapshot:cn,data/model_capabilities/snapshots/runninghub-cn.json,d7fa6bd75964,runninghub,,cn,seedance-v1-lite-reference-to-video,,,runninghub-seedance-1,,1,seedance-v1-lite-reference-to-video,image_to_video,video_generation,"video,min=1,async",,official_schema,ready,True,provider_local,,not_implemented,runninghub,aspect_ratio|cameraFixed|duration|resolution,stored_snapshot:runninghub-{region}.json + runninghub-official-public.json,
discovery,region_snapshot:cn,data/model_capabilities/snapshots/runninghub-cn.json,d7fa6bd75964,runninghub,,cn,seedance-v1.5-pro-image-to-video,,,runninghub-seedance-1.5,,1,seedance-v1.5-pro-image-to-video,image_to_video,video_generation,"video,min=1,async",,official_schema,ready,True,provider_local,,not_implemented,runninghub,aspect_ratio|cameraFixed|duration|generate_audio|resolution,stored_snapshot:runninghub-{region}.json + runninghub-official-public.json,
discovery,region_snapshot:cn,data/model_capabilities/snapshots/runninghub-cn.json,d7fa6bd75964,runninghub,,cn,seedance-v1.5-pro-image-to-video-fast,,,runninghub-seedance-1.5,,1,seedance-v1.5-pro-image-to-video-fast,image_to_video,video_generation,"video,min=1,async",,official_schema,ready,True,provider_local,,not_implemented,runninghub,aspect_ratio|cameraFixed|duration|generate_audio|resolution,stored_snapshot:runninghub-{region}.json + runninghub-official-public.json,
discovery,region_snapshot:cn,data/model_capabilities/snapshots/runninghub-cn.json,d7fa6bd75964,runninghub,,cn,seedance-v1.5-pro-text-to-video,,,runninghub-seedance-1.5,,1,seedance-v1.5-pro-text-to-video,text_to_video,video_generation,"video,min=1,async",,official_schema,ready,True,provider_local,,not_implemented,runninghub,aspect_ratio|cameraFixed|duration|generate_audio|resolution,stored_snapshot:runninghub-{region}.json + runninghub-official-public.json,
discovery,region_snapshot:cn,data/model_capabilities/snapshots/runninghub-cn.json,d7fa6bd75964,runninghub,,cn,seedance-v1.5-pro-text-to-video-fast,,,runninghub-seedance-1.5,,1,seedance-v1.5-pro-text-to-video-fast,text_to_video,video_generation,"video,min=1,async",,official_schema,ready,True,provider_local,,not_implemented,runninghub,aspect_ratio|cameraFixed|duration|generate_audio|resolution,stored_snapshot:runninghub-{region}.json + runninghub-official-public.json,
discovery,region_snapshot:cn,data/model_capabilities/snapshots/runninghub-cn.json,d7fa6bd75964,runninghub,,cn,skyreels-v3/reference-to-video,,,runninghub-skyreels-v3,,1,skyreels-v3-reference-to-video,image_to_video,video_generation,"video,min=1,async",,official_schema,ready,True,provider_local,,not_implemented,runninghub,aspect_ratio|duration,stored_snapshot:runninghub-{region}.json + runninghub-official-public.json,
discovery,region_snapshot:cn,data/model_capabilities/snapshots/runninghub-cn.json,d7fa6bd75964,runninghub,,cn,skyreels-v3/shot-switching-video-extension,,,runninghub-skyreels-v3,,1,skyreels-v3-shot-switching-video-extension,video_extend,video_generation,"video,min=1,async",,official_schema,ready,True,provider_local,,not_implemented,runninghub,cutType|duration,stored_snapshot:runninghub-{region}.json + runninghub-official-public.json,
discovery,region_snapshot:cn,data/model_capabilities/snapshots/runninghub-cn.json,d7fa6bd75964,runninghub,,cn,skyreels-v3/single-shot-video-extension,,,runninghub-skyreels-v3,,1,skyreels-v3-single-shot-video-extension,video_extend,video_generation,"video,min=1,async",,official_schema,ready,True,provider_local,,not_implemented,runninghub,duration,stored_snapshot:runninghub-{region}.json + runninghub-official-public.json,
discovery,region_snapshot:cn,data/model_capabilities/snapshots/runninghub-cn.json,d7fa6bd75964,runninghub,,cn,skyreels-v3/video-restyling,,,runninghub-skyreels-v3,,1,skyreels-v3-video-restyling,video_to_video,video_generation,"video,min=1,async",,official_schema,ready,True,provider_local,,not_implemented,runninghub,styleName,stored_snapshot:runninghub-{region}.json + runninghub-official-public.json,
discovery,region_snapshot:cn,data/model_capabilities/snapshots/runninghub-cn.json,d7fa6bd75964,runninghub,,cn,skyreels-v4/image-to-video-fast,,,runninghub-skyreels-v4,,1,skyreels-v4-image-to-video-fast,image_to_video,video_generation,"video,min=1,async",,official_schema,ready,True,provider_local,,not_implemented,runninghub,duration|promptOptimizer|resolution,stored_snapshot:runninghub-{region}.json + runninghub-official-public.json,
discovery,region_snapshot:cn,data/model_capabilities/snapshots/runninghub-cn.json,d7fa6bd75964,runninghub,,cn,skyreels-v4/image-to-video-std,,,runninghub-skyreels-v4,,1,skyreels-v4-image-to-video-std,image_to_video,video_generation,"video,min=1,async",,official_schema,ready,True,provider_local,,not_implemented,runninghub,duration|promptOptimizer|resolution|sound,stored_snapshot:runninghub-{region}.json + runninghub-official-public.json,
discovery,region_snapshot:cn,data/model_capabilities/snapshots/runninghub-cn.json,d7fa6bd75964,runninghub,,cn,skyreels-v4/omni-reference-fast,,,runninghub-skyreels-v4,,1,skyreels-v4-omni-reference-fast,text_to_video,video_generation,"video,min=1,async",,official_schema,ready,True,provider_local,,not_implemented,runninghub,aspect_ratio|duration|promptOptimizer|resolution,stored_snapshot:runninghub-{region}.json + runninghub-official-public.json,
discovery,region_snapshot:cn,data/model_capabilities/snapshots/runninghub-cn.json,d7fa6bd75964,runninghub,,cn,skyreels-v4/omni-reference-std,,,runninghub-skyreels-v4,,1,skyreels-v4-omni-reference-std,text_to_video,video_generation,"video,min=1,async",,official_schema,ready,True,provider_local,,not_implemented,runninghub,aspect_ratio|duration|promptOptimizer|resolution|sound,stored_snapshot:runninghub-{region}.json + runninghub-official-public.json,
discovery,region_snapshot:cn,data/model_capabilities/snapshots/runninghub-cn.json,d7fa6bd75964,runninghub,,cn,skyreels-v4/text-to-video-fast,,,runninghub-skyreels-v4,,1,skyreels-v4-text-to-video-fast,text_to_video,video_generation,"video,min=1,async",,official_schema,ready,True,provider_local,,not_implemented,runninghub,aspect_ratio|duration|promptOptimizer|resolution,stored_snapshot:runninghub-{region}.json + runninghub-official-public.json,
discovery,region_snapshot:cn,data/model_capabilities/snapshots/runninghub-cn.json,d7fa6bd75964,runninghub,,cn,skyreels-v4/text-to-video-std,,,runninghub-skyreels-v4,,1,skyreels-v4-text-to-video-std,text_to_video,video_generation,"video,min=1,async",,official_schema,ready,True,provider_local,,not_implemented,runninghub,aspect_ratio|duration|promptOptimizer|resolution|sound,stored_snapshot:runninghub-{region}.json + runninghub-official-public.json,
discovery,region_snapshot:cn,data/model_capabilities/snapshots/runninghub-cn.json,d7fa6bd75964,runninghub,,cn,topazlabs-video-upscale,,,runninghub-topazlabs-video,,1,topazlabs-video-upscale,video_enhancement,video_generation,"video,min=1,async",,official_schema,ready,True,provider_local,,not_implemented,runninghub,targetFps|targetResolution,stored_snapshot:runninghub-{region}.json + runninghub-official-public.json,
discovery,region_snapshot:cn,data/model_capabilities/snapshots/runninghub-cn.json,d7fa6bd75964,runninghub,,cn,Vidu-image-to-video-q2-pro,,,runninghub-vidu-q2,,1,vidu-image-to-video-q2-pro,image_to_video,video_generation,"video,min=1,async",,official_schema,ready,True,provider_local,,not_implemented,runninghub,bgm|duration|movementAmplitude|resolution,stored_snapshot:runninghub-{region}.json + runninghub-official-public.json,
discovery,region_snapshot:cn,data/model_capabilities/snapshots/runninghub-cn.json,d7fa6bd75964,runninghub,,cn,Vidu-image-to-video-q2-pro-fast,,,runninghub-vidu-q2,,1,vidu-image-to-video-q2-pro-fast,image_to_video,video_generation,"video,min=1,async",,official_schema,ready,True,provider_local,,not_implemented,runninghub,bgm|duration|movementAmplitude|resolution,stored_snapshot:runninghub-{region}.json + runninghub-official-public.json,
discovery,region_snapshot:cn,data/model_capabilities/snapshots/runninghub-cn.json,d7fa6bd75964,runninghub,,cn,Vidu-image-to-video-q2-turbo,,,runninghub-vidu-q2,,1,vidu-image-to-video-q2-turbo,image_to_video,video_generation,"video,min=1,async",,official_schema,ready,True,provider_local,,not_implemented,runninghub,bgm|duration|movementAmplitude|resolution,stored_snapshot:runninghub-{region}.json + runninghub-official-public.json,
discovery,region_snapshot:cn,data/model_capabilities/snapshots/runninghub-cn.json,d7fa6bd75964,runninghub,,cn,Vidu-image-to-video-q3-pro,,,runninghub-vidu-q3,,1,vidu-image-to-video-q3-pro,image_to_video,video_generation,"video,min=1,async",,official_schema,ready,True,provider_local,,not_implemented,runninghub,audio|duration|resolution,stored_snapshot:runninghub-{region}.json + runninghub-official-public.json,
discovery,region_snapshot:cn,data/model_capabilities/snapshots/runninghub-cn.json,d7fa6bd75964,runninghub,,cn,Vidu-image-to-video-q3-pro-fast,,,runninghub-vidu-q3,,1,vidu-image-to-video-q3-pro-fast,image_to_video,video_generation,"video,min=1,async",,official_schema,ready,True,provider_local,,not_implemented,runninghub,audio|duration|resolution,stored_snapshot:runninghub-{region}.json + runninghub-official-public.json,
discovery,region_snapshot:cn,data/model_capabilities/snapshots/runninghub-cn.json,d7fa6bd75964,runninghub,,cn,Vidu-image-to-video-q3-turbo,,,runninghub-vidu-q3,,1,vidu-image-to-video-q3-turbo,image_to_video,video_generation,"video,min=1,async",,official_schema,ready,True,provider_local,,not_implemented,runninghub,audio|duration|resolution,stored_snapshot:runninghub-{region}.json + runninghub-official-public.json,
discovery,region_snapshot:cn,data/model_capabilities/snapshots/runninghub-cn.json,d7fa6bd75964,runninghub,,cn,Vidu-reference-to-video-q2,,,runninghub-vidu-q2,,1,vidu-reference-to-video-q2,image_to_video,video_generation,"video,min=1,async",,official_schema,ready,True,provider_local,,not_implemented,runninghub,aspect_ratio|duration|movementAmplitude|resolution,stored_snapshot:runninghub-{region}.json + runninghub-official-public.json,
discovery,region_snapshot:cn,data/model_capabilities/snapshots/runninghub-cn.json,d7fa6bd75964,runninghub,,cn,Vidu-reference-to-video-q2-pro,,,runninghub-vidu-q2,,1,vidu-reference-to-video-q2-pro,multimodal_to_video,video_generation,"video,min=1,async",,official_schema,ready,True,provider_local,,not_implemented,runninghub,aspect_ratio|duration|movementAmplitude|resolution,stored_snapshot:runninghub-{region}.json + runninghub-official-public.json,
discovery,region_snapshot:cn,data/model_capabilities/snapshots/runninghub-cn.json,d7fa6bd75964,runninghub,,cn,Vidu-reference-to-video-q3,,,runninghub-vidu-q3,,1,vidu-reference-to-video-q3,image_to_video,video_generation,"video,min=1,async",,official_schema,ready,True,provider_local,,not_implemented,runninghub,aspect_ratio|audio|duration|resolution,stored_snapshot:runninghub-{region}.json + runninghub-official-public.json,
discovery,region_snapshot:cn,data/model_capabilities/snapshots/runninghub-cn.json,d7fa6bd75964,runninghub,,cn,Vidu-reference-to-video-q3-ad,,,runninghub-vidu-q3,,1,vidu-reference-to-video-q3-ad,image_to_video,video_generation,"video,min=1,async",,official_schema,ready,True,provider_local,,not_implemented,runninghub,aspect_ratio|audio|duration|resolution,stored_snapshot:runninghub-{region}.json + runninghub-official-public.json,
discovery,region_snapshot:cn,data/model_capabilities/snapshots/runninghub-cn.json,d7fa6bd75964,runninghub,,cn,Vidu-reference-to-video-q3-drama,,,runninghub-vidu-q3,,1,vidu-reference-to-video-q3-drama,image_to_video,video_generation,"video,min=1,async",,official_schema,ready,True,provider_local,,not_implemented,runninghub,aspect_ratio|audio|duration|resolution,stored_snapshot:runninghub-{region}.json + runninghub-official-public.json,
discovery,region_snapshot:cn,data/model_capabilities/snapshots/runninghub-cn.json,d7fa6bd75964,runninghub,,cn,Vidu-reference-to-video-q3-mix,,,runninghub-vidu-q3,,1,vidu-reference-to-video-q3-mix,image_to_video,video_generation,"video,min=1,async",,official_schema,ready,True,provider_local,,not_implemented,runninghub,aspect_ratio|audio|duration|resolution,stored_snapshot:runninghub-{region}.json + runninghub-official-public.json,
discovery,region_snapshot:cn,data/model_capabilities/snapshots/runninghub-cn.json,d7fa6bd75964,runninghub,,cn,Vidu-start-end-to-video-q2-pro,,,runninghub-vidu-q2,,1,vidu-start-end-to-video-q2-pro,image_to_video,video_generation,"video,min=1,async",,official_schema,ready,True,provider_local,,not_implemented,runninghub,bgm|duration|movementAmplitude|resolution,stored_snapshot:runninghub-{region}.json + runninghub-official-public.json,
discovery,region_snapshot:cn,data/model_capabilities/snapshots/runninghub-cn.json,d7fa6bd75964,runninghub,,cn,Vidu-start-end-to-video-q2-pro-fast,,,runninghub-vidu-q2,,1,vidu-start-end-to-video-q2-pro-fast,image_to_video,video_generation,"video,min=1,async",,official_schema,ready,True,provider_local,,not_implemented,runninghub,bgm|duration|movementAmplitude|resolution,stored_snapshot:runninghub-{region}.json + runninghub-official-public.json,
discovery,region_snapshot:cn,data/model_capabilities/snapshots/runninghub-cn.json,d7fa6bd75964,runninghub,,cn,Vidu-start-end-to-video-q2-turbo,,,runninghub-vidu-q2,,1,vidu-start-end-to-video-q2-turbo,image_to_video,video_generation,"video,min=1,async",,official_schema,ready,True,provider_local,,not_implemented,runninghub,bgm|duration|movementAmplitude|resolution,stored_snapshot:runninghub-{region}.json + runninghub-official-public.json,
discovery,region_snapshot:cn,data/model_capabilities/snapshots/runninghub-cn.json,d7fa6bd75964,runninghub,,cn,Vidu-start-end-to-video-q3-pro,,,runninghub-vidu-q3,,1,vidu-start-end-to-video-q3-pro,image_to_video,video_generation,"video,min=1,async",,official_schema,ready,True,provider_local,,not_implemented,runninghub,audio|duration|movementAmplitude|resolution,stored_snapshot:runninghub-{region}.json + runninghub-official-public.json,
discovery,region_snapshot:cn,data/model_capabilities/snapshots/runninghub-cn.json,d7fa6bd75964,runninghub,,cn,Vidu-start-end-to-video-q3-pro-fast,,,runninghub-vidu-q3,,1,vidu-start-end-to-video-q3-pro-fast,image_to_video,video_generation,"video,min=1,async",,official_schema,ready,True,provider_local,,not_implemented,runninghub,audio|duration|resolution,stored_snapshot:runninghub-{region}.json + runninghub-official-public.json,
discovery,region_snapshot:cn,data/model_capabilities/snapshots/runninghub-cn.json,d7fa6bd75964,runninghub,,cn,Vidu-start-end-to-video-q3-turbo,,,runninghub-vidu-q3,,1,vidu-start-end-to-video-q3-turbo,image_to_video,video_generation,"video,min=1,async",,official_schema,ready,True,provider_local,,not_implemented,runninghub,audio|duration|movementAmplitude|resolution,stored_snapshot:runninghub-{region}.json + runninghub-official-public.json,
discovery,region_snapshot:cn,data/model_capabilities/snapshots/runninghub-cn.json,d7fa6bd75964,runninghub,,cn,Vidu-text-to-video-q2,,,runninghub-vidu-q2,,1,vidu-text-to-video-q2,text_to_video,video_generation,"video,min=1,async",,official_schema,ready,True,provider_local,,not_implemented,runninghub,aspect_ratio|duration|movementAmplitude|resolution|style,stored_snapshot:runninghub-{region}.json + runninghub-official-public.json,
discovery,region_snapshot:cn,data/model_capabilities/snapshots/runninghub-cn.json,d7fa6bd75964,runninghub,,cn,Vidu-text-to-video-q3-pro,,,runninghub-vidu-q3,,1,vidu-text-to-video-q3-pro,text_to_video,video_generation,"video,min=1,async",,official_schema,ready,True,provider_local,,not_implemented,runninghub,aspect_ratio|audio|duration|resolution|style,stored_snapshot:runninghub-{region}.json + runninghub-official-public.json,
discovery,region_snapshot:cn,data/model_capabilities/snapshots/runninghub-cn.json,d7fa6bd75964,runninghub,,cn,Vidu-text-to-video-q3-pro-fast,,,runninghub-vidu-q3,,1,vidu-text-to-video-q3-pro-fast,text_to_video,video_generation,"video,min=1,async",,official_schema,ready,True,provider_local,,not_implemented,runninghub,aspect_ratio|audio|duration|resolution,stored_snapshot:runninghub-{region}.json + runninghub-official-public.json,
discovery,region_snapshot:cn,data/model_capabilities/snapshots/runninghub-cn.json,d7fa6bd75964,runninghub,,cn,Vidu-text-to-video-q3-turbo,,,runninghub-vidu-q3,,1,vidu-text-to-video-q3-turbo,text_to_video,video_generation,"video,min=1,async",,official_schema,ready,True,provider_local,,not_implemented,runninghub,aspect_ratio|audio|duration|resolution|style,stored_snapshot:runninghub-{region}.json + runninghub-official-public.json,
discovery,region_snapshot:cn,data/model_capabilities/snapshots/runninghub-cn.json,d7fa6bd75964,runninghub,,cn,volc-drama/serial-video-translate,,,runninghub-volc-drama-serial-video-translate,,1,volc-drama-serial-video-translate,video_translation,video_generation,"video,min=1,async",,official_schema,ready,True,provider_local,,not_implemented,runninghub,aiRemoveType|dubVoiceMode|isDub|needVideoSpeed|projectName|sourceLang|targetLangs|targetStyleMap|translationModel,stored_snapshot:runninghub-{region}.json + runninghub-official-public.json,
discovery,region_snapshot:cn,data/model_capabilities/snapshots/runninghub-cn.json,d7fa6bd75964,runninghub,,cn,volc-drama/video-translate,,,runninghub-volc-drama-video-translate,,1,volc-drama-video-translate,video_translation,video_generation,"video,min=1,async",,official_schema,ready,True,provider_local,,not_implemented,runninghub,aiRemoveType|dubVoiceMode|isDub|projectName|sourceLang|targetLangs,stored_snapshot:runninghub-{region}.json + runninghub-official-public.json,
discovery,region_snapshot:cn,data/model_capabilities/snapshots/runninghub-cn.json,d7fa6bd75964,runninghub,,cn,volc-subtitle-erase/video(Refined version),,,runninghub-volc-subtitle-erase-video-refined-version,,1,volc-subtitle-erase-video-refined-version,subtitle_erase,video_generation,"video,min=1,async",,official_schema,ready,True,provider_local,,not_implemented,runninghub,clientToken|encodeMode|eraseType,stored_snapshot:runninghub-{region}.json + runninghub-official-public.json,
discovery,region_snapshot:cn,data/model_capabilities/snapshots/runninghub-cn.json,d7fa6bd75964,runninghub,,cn,volc-subtitle-erase/video(Standard Version),,,runninghub-volc-subtitle-erase-video-standard-version,,1,volc-subtitle-erase-video-standard-version,subtitle_erase,video_generation,"video,min=1,async",,official_schema,ready,True,provider_local,,not_implemented,runninghub,clientToken,stored_snapshot:runninghub-{region}.json + runninghub-official-public.json,
discovery,region_snapshot:cn,data/model_capabilities/snapshots/runninghub-cn.json,d7fa6bd75964,runninghub,,cn,midjourney-image-to-video,,,runninghub-midjourney,,1,midjourney-image-to-video,image_to_video,video_generation,"video,min=1,async",,official_schema,ready,True,provider_local,,not_implemented,runninghub,loop|motion|raw|resolution,stored_snapshot:runninghub-{region}.json + runninghub-official-public.json,
discovery,region_snapshot:cn,data/model_capabilities/snapshots/runninghub-cn.json,d7fa6bd75964,runninghub,,cn,MiniMax-H3 Image-to-Video (first/last frame),,,runninghub-minimax-h3,,1,minimax-h3-image-to-video-first-last-frame,image_to_video,video_generation,"video,min=1,async",,official_schema,ready,True,provider_local,,not_implemented,runninghub,duration|resolution,stored_snapshot:runninghub-{region}.json + runninghub-official-public.json,
discovery,region_snapshot:cn,data/model_capabilities/snapshots/runninghub-cn.json,d7fa6bd75964,runninghub,,cn,MiniMax-H3 Multimodal Reference-to-Video,,,runninghub-minimax-h3,,1,minimax-h3-multimodal-reference-to-video,multimodal_to_video,video_generation,"video,min=1,async",,official_schema,ready,True,provider_local,,not_implemented,runninghub,aspect_ratio|duration|resolution,stored_snapshot:runninghub-{region}.json + runninghub-official-public.json,
discovery,region_snapshot:cn,data/model_capabilities/snapshots/runninghub-cn.json,d7fa6bd75964,runninghub,,cn,MiniMax-H3 Text-to-Video,,,runninghub-minimax-h3,,1,minimax-h3-text-to-video,text_to_video,video_generation,"video,min=1,async",,official_schema,ready,True,provider_local,,not_implemented,runninghub,aspect_ratio|duration|resolution,stored_snapshot:runninghub-{region}.json + runninghub-official-public.json,
discovery,region_snapshot:cn,data/model_capabilities/snapshots/runninghub-cn.json,d7fa6bd75964,runninghub,,cn,topazlabs-image-gigapixel-art-and-cgi,,,runninghub-topazlabs-image,,1,topazlabs-image-gigapixel-art-and-cgi,image_enhancement,image_generation,"image,min=1,async",,official_schema,ready,True,provider_local,,not_implemented,runninghub,cropToFill|deblurStrength|denoise|faceEnhancement|faceEnhancementCreativity|faceEnhancementStrength|fixCompression|outputFormat|outputHeight|outputWidth|sharpen|strength|subjectDetection,stored_snapshot:runninghub-{region}.json + runninghub-official-public.json,
discovery,region_snapshot:cn,data/model_capabilities/snapshots/runninghub-cn.json,d7fa6bd75964,runninghub,,cn,topazlabs-image-gigapixel-high-fidelity-2,,,runninghub-topazlabs-image,,1,topazlabs-image-gigapixel-high-fidelity-2,image_enhancement,image_generation,"image,min=1,async",,official_schema,ready,True,provider_local,,not_implemented,runninghub,cropToFill|denoise|faceEnhancement|faceEnhancementCreativity|faceEnhancementStrength|fixCompression|outputFormat|outputHeight|outputWidth|sharpen|strength|subjectDetection,stored_snapshot:runninghub-{region}.json + runninghub-official-public.json,
discovery,region_snapshot:cn,data/model_capabilities/snapshots/runninghub-cn.json,d7fa6bd75964,runninghub,,cn,topazlabs-image-gigapixel-low-resolution-2,,,runninghub-topazlabs-image,,1,topazlabs-image-gigapixel-low-resolution-2,image_enhancement,image_generation,"image,min=1,async",,official_schema,ready,True,provider_local,,not_implemented,runninghub,cropToFill|denoise|faceEnhancement|faceEnhancementCreativity|faceEnhancementStrength|fixCompression|outputFormat|outputHeight|outputWidth|sharpen|strength|subjectDetection,stored_snapshot:runninghub-{region}.json + runninghub-official-public.json,
discovery,region_snapshot:cn,data/model_capabilities/snapshots/runninghub-cn.json,d7fa6bd75964,runninghub,,cn,topazlabs-image-gigapixel-standard-2,,,runninghub-topazlabs-image,,1,topazlabs-image-gigapixel-standard-2,image_enhancement,image_generation,"image,min=1,async",,official_schema,ready,True,provider_local,,not_implemented,runninghub,cropToFill|denoise|faceEnhancement|faceEnhancementCreativity|faceEnhancementStrength|fixCompression|outputFormat|outputHeight|outputWidth|sharpen|strength|subjectDetection,stored_snapshot:runninghub-{region}.json + runninghub-official-public.json,
discovery,region_snapshot:cn,data/model_capabilities/snapshots/runninghub-cn.json,d7fa6bd75964,runninghub,,cn,topazlabs-image-gigapixel-text-and-shapes,,,runninghub-topazlabs-image,,1,topazlabs-image-gigapixel-text-and-shapes,image_enhancement,image_generation,"image,min=1,async",,official_schema,ready,True,provider_local,,not_implemented,runninghub,cropToFill|deblurStrength|decompressionStrength|denoise|denoiseStrength|faceEnhancement|faceEnhancementCreativity|faceEnhancementStrength|fixCompression|opacity|outputFormat|outputHeight|outputWidth|sharpen|strength|subjectDetection,stored_snapshot:runninghub-{region}.json + runninghub-official-public.json,
discovery,region_snapshot:cn,data/model_capabilities/snapshots/runninghub-cn.json,d7fa6bd75964,runninghub,,cn,topazlabs-image-upscale-detail-faces,,,runninghub-topazlabs-image,,1,topazlabs-image-upscale-detail-faces,image_enhancement,image_generation,"image,min=1,async",,official_schema,ready,True,provider_local,,not_implemented,runninghub,cropToFill|detailStrength|outputFormat|outputHeight|outputWidth,stored_snapshot:runninghub-{region}.json + runninghub-official-public.json,
discovery,region_snapshot:cn,data/model_capabilities/snapshots/runninghub-cn.json,d7fa6bd75964,runninghub,,cn,topazlabs-image-upscale-high-fidelity-v3,,,runninghub-topazlabs-image,,1,topazlabs-image-upscale-high-fidelity-v3,image_enhancement,image_generation,"image,min=1,async",,official_schema,ready,True,provider_local,,not_implemented,runninghub,cropToFill|denoise|faceEnhancement|faceEnhancementCreativity|faceEnhancementStrength|fixCompression|opacity|outputFormat|outputHeight|outputWidth|recoveryStrength|sharpen|strength|subjectDetection,stored_snapshot:runninghub-{region}.json + runninghub-official-public.json,
discovery,region_snapshot:cn,data/model_capabilities/snapshots/runninghub-cn.json,d7fa6bd75964,runninghub,,cn,topazlabs-image-upscale-transparent,,,runninghub-topazlabs-image,,1,topazlabs-image-upscale-transparent,image_enhancement,image_generation,"image,min=1,async",,official_schema,ready,True,provider_local,,not_implemented,runninghub,cropToFill|outputFormat|outputHeight|outputWidth,stored_snapshot:runninghub-{region}.json + runninghub-official-public.json,
discovery,region_snapshot:cn,data/model_capabilities/snapshots/runninghub-cn.json,d7fa6bd75964,runninghub,,cn,topazlabs-video-astra,,,runninghub-topazlabs-video,,1,topazlabs-video-astra,video_enhancement,video_generation,"video,min=1,async",,official_schema,ready,True,provider_local,,not_implemented,runninghub,model|outputHeight|outputWidth,stored_snapshot:runninghub-{region}.json + runninghub-official-public.json,
discovery,region_snapshot:cn,data/model_capabilities/snapshots/runninghub-cn.json,d7fa6bd75964,runninghub,,cn,topazlabs-video-denoise,,,runninghub-topazlabs-video,,1,topazlabs-video-denoise,video_enhancement,video_generation,"video,min=1,async",,official_schema,ready,True,provider_local,,not_implemented,runninghub,model|outputHeight|outputWidth,stored_snapshot:runninghub-{region}.json + runninghub-official-public.json,
discovery,region_snapshot:cn,data/model_capabilities/snapshots/runninghub-cn.json,d7fa6bd75964,runninghub,,cn,topazlabs-video-frame-interpolation,,,runninghub-topazlabs-video,,1,topazlabs-video-frame-interpolation,video_enhancement,video_generation,"video,min=1,async",,official_schema,ready,True,provider_local,,not_implemented,runninghub,model|outputFrameRate|outputHeight|outputWidth,stored_snapshot:runninghub-{region}.json + runninghub-official-public.json,
discovery,region_snapshot:cn,data/model_capabilities/snapshots/runninghub-cn.json,d7fa6bd75964,runninghub,,cn,topazlabs-video-proteus,,,runninghub-topazlabs-video,,1,topazlabs-video-proteus,video_enhancement,video_generation,"video,min=1,async",,official_schema,ready,True,provider_local,,not_implemented,runninghub,model|outputHeight|outputWidth,stored_snapshot:runninghub-{region}.json + runninghub-official-public.json,
discovery,region_snapshot:cn,data/model_capabilities/snapshots/runninghub-cn.json,d7fa6bd75964,runninghub,,cn,topazlabs-video-starlight,,,runninghub-topazlabs-video,,1,topazlabs-video-starlight,video_enhancement,video_generation,"video,min=1,async",,official_schema,ready,True,provider_local,,not_implemented,runninghub,model|outputHeight|outputWidth,stored_snapshot:runninghub-{region}.json + runninghub-official-public.json,
discovery,region_snapshot:cn,data/model_capabilities/snapshots/runninghub-cn.json,d7fa6bd75964,runninghub,,cn,bytedance/doubao-seed-2.0-code,,,runninghub-bytedance-doubao-seed-2.0-code,,1,bytedance-doubao-seed-2.0-code,chat,text_generation,"chat,min=1,async",,official_schema,ready,True,provider_local,,not_implemented,runninghub,frequency_penalty|max_output_tokens|presence_penalty|reasoning_effort|temperature|top_p,stored_snapshot:runninghub-{region}.json + runninghub-official-public.json,
discovery,region_snapshot:cn,data/model_capabilities/snapshots/runninghub-cn.json,d7fa6bd75964,runninghub,,cn,bytedance/doubao-seed-2.0-lite,,,runninghub-bytedance-doubao-seed-2.0-lite,,1,bytedance-doubao-seed-2.0-lite,chat,text_generation,"chat,min=1,async",,official_schema,ready,True,provider_local,,not_implemented,runninghub,frequency_penalty|max_output_tokens|presence_penalty|reasoning_effort|temperature|top_p,stored_snapshot:runninghub-{region}.json + runninghub-official-public.json,
discovery,region_snapshot:cn,data/model_capabilities/snapshots/runninghub-cn.json,d7fa6bd75964,runninghub,,cn,bytedance/doubao-seed-2.0-mini,,,runninghub-bytedance-doubao-seed-2.0-mini,,1,bytedance-doubao-seed-2.0-mini,chat,text_generation,"chat,min=1,async",,official_schema,ready,True,provider_local,,not_implemented,runninghub,frequency_penalty|max_output_tokens|presence_penalty|reasoning_effort|temperature|top_p,stored_snapshot:runninghub-{region}.json + runninghub-official-public.json,
discovery,region_snapshot:cn,data/model_capabilities/snapshots/runninghub-cn.json,d7fa6bd75964,runninghub,,cn,bytedance/doubao-seed-2.0-pro,,,runninghub-bytedance-doubao-seed-2.0-pro,,1,bytedance-doubao-seed-2.0-pro,chat,text_generation,"chat,min=1,async",,official_schema,ready,True,provider_local,,not_implemented,runninghub,frequency_penalty|max_output_tokens|presence_penalty|reasoning_effort|temperature|top_p,stored_snapshot:runninghub-{region}.json + runninghub-official-public.json,
discovery,region_snapshot:cn,data/model_capabilities/snapshots/runninghub-cn.json,d7fa6bd75964,runninghub,,cn,bytedance/doubao-seed-2.1-pro,,,runninghub-bytedance-doubao-seed-2.1-pro,,1,bytedance-doubao-seed-2.1-pro,chat,text_generation,"chat,min=1,async",,official_schema,ready,True,provider_local,,not_implemented,runninghub,frequency_penalty|max_output_tokens|presence_penalty|reasoning_effort|temperature|top_p,stored_snapshot:runninghub-{region}.json + runninghub-official-public.json,
discovery,region_snapshot:cn,data/model_capabilities/snapshots/runninghub-cn.json,d7fa6bd75964,runninghub,,cn,bytedance/doubao-seed-2.1-turbo,,,runninghub-bytedance-doubao-seed-2.1-turbo,,1,bytedance-doubao-seed-2.1-turbo,chat,text_generation,"chat,min=1,async",,official_schema,ready,True,provider_local,,not_implemented,runninghub,frequency_penalty|max_output_tokens|presence_penalty|reasoning_effort|temperature|top_p,stored_snapshot:runninghub-{region}.json + runninghub-official-public.json,
discovery,region_snapshot:cn,data/model_capabilities/snapshots/runninghub-cn.json,d7fa6bd75964,runninghub,,cn,bytedance/doubao-seed-evolving,,,runninghub-bytedance-doubao-seed-evolving,,1,bytedance-doubao-seed-evolving,chat,text_generation,"chat,min=1,async",,official_schema,ready,True,provider_local,,not_implemented,runninghub,frequency_penalty|max_output_tokens|presence_penalty|reasoning_effort|temperature|top_p,stored_snapshot:runninghub-{region}.json + runninghub-official-public.json,
discovery,region_snapshot:cn,data/model_capabilities/snapshots/runninghub-cn.json,d7fa6bd75964,runninghub,,cn,deepseek/deepseek-v4-flash,,,runninghub-deepseek-deepseek-v4-flash,,1,deepseek-deepseek-v4-flash,chat,text_generation,"chat,min=1,async",,official_schema,ready,True,provider_local,,not_implemented,runninghub,frequency_penalty|max_output_tokens|presence_penalty|reasoning_effort|temperature|top_p,stored_snapshot:runninghub-{region}.json + runninghub-official-public.json,
discovery,region_snapshot:cn,data/model_capabilities/snapshots/runninghub-cn.json,d7fa6bd75964,runninghub,,cn,deepseek/deepseek-v4-flash-vision-exp,,,runninghub-deepseek-deepseek-v4-flash-vision-exp,,1,deepseek-deepseek-v4-flash-vision-exp,chat,text_generation,"chat,min=1,async",,official_schema,ready,True,provider_local,,not_implemented,runninghub,frequency_penalty|max_output_tokens|presence_penalty|reasoning_effort|temperature|top_p,stored_snapshot:runninghub-{region}.json + runninghub-official-public.json,
discovery,region_snapshot:cn,data/model_capabilities/snapshots/runninghub-cn.json,d7fa6bd75964,runninghub,,cn,deepseek/deepseek-v4-pro,,,runninghub-deepseek-deepseek-v4-pro,,1,deepseek-deepseek-v4-pro,chat,text_generation,"chat,min=1,async",,official_schema,ready,True,provider_local,,not_implemented,runninghub,frequency_penalty|max_output_tokens|presence_penalty|reasoning_effort|temperature|top_p,stored_snapshot:runninghub-{region}.json + runninghub-official-public.json,
discovery,region_snapshot:cn,data/model_capabilities/snapshots/runninghub-cn.json,d7fa6bd75964,runninghub,,cn,deepseek/deepseek-v4.1-flash,,,runninghub-deepseek-deepseek-v4.1-flash,,1,deepseek-deepseek-v4.1-flash,chat,text_generation,"chat,min=1,async",,official_schema,ready,True,provider_local,,not_implemented,runninghub,frequency_penalty|max_output_tokens|presence_penalty|reasoning_effort|temperature|top_p,stored_snapshot:runninghub-{region}.json + runninghub-official-public.json,
discovery,region_snapshot:cn,data/model_capabilities/snapshots/runninghub-cn.json,d7fa6bd75964,runninghub,,cn,glm/glm-5,,,runninghub-glm-glm-5,,1,glm-glm-5,chat,text_generation,"chat,min=1,async",,official_schema,ready,True,provider_local,,not_implemented,runninghub,frequency_penalty|max_output_tokens|presence_penalty|reasoning_effort|temperature|top_p,stored_snapshot:runninghub-{region}.json + runninghub-official-public.json,
discovery,region_snapshot:cn,data/model_capabilities/snapshots/runninghub-cn.json,d7fa6bd75964,runninghub,,cn,glm/glm-5-turbo,,,runninghub-glm-glm-5-turbo,,1,glm-glm-5-turbo,chat,text_generation,"chat,min=1,async",,official_schema,ready,True,provider_local,,not_implemented,runninghub,frequency_penalty|max_output_tokens|presence_penalty|reasoning_effort|temperature|top_p,stored_snapshot:runninghub-{region}.json + runninghub-official-public.json,
discovery,region_snapshot:cn,data/model_capabilities/snapshots/runninghub-cn.json,d7fa6bd75964,runninghub,,cn,glm/glm-5.1,,,runninghub-glm-glm-5.1,,1,glm-glm-5.1,chat,text_generation,"chat,min=1,async",,official_schema,ready,True,provider_local,,not_implemented,runninghub,frequency_penalty|max_output_tokens|presence_penalty|reasoning_effort|temperature|top_p,stored_snapshot:runninghub-{region}.json + runninghub-official-public.json,
discovery,region_snapshot:cn,data/model_capabilities/snapshots/runninghub-cn.json,d7fa6bd75964,runninghub,,cn,glm/glm-5.2,,,runninghub-glm-glm-5.2,,1,glm-glm-5.2,chat,text_generation,"chat,min=1,async",,official_schema,ready,True,provider_local,,not_implemented,runninghub,frequency_penalty|max_output_tokens|presence_penalty|reasoning_effort|temperature|top_p,stored_snapshot:runninghub-{region}.json + runninghub-official-public.json,
discovery,region_snapshot:cn,data/model_capabilities/snapshots/runninghub-cn.json,d7fa6bd75964,runninghub,,cn,glm/glm-5.3,,,runninghub-glm-glm-5.3,,1,glm-glm-5.3,chat,text_generation,"chat,min=1,async",,official_schema,ready,True,provider_local,,not_implemented,runninghub,frequency_penalty|max_output_tokens|presence_penalty|reasoning_effort|temperature|top_p,stored_snapshot:runninghub-{region}.json + runninghub-official-public.json,
discovery,region_snapshot:cn,data/model_capabilities/snapshots/runninghub-cn.json,d7fa6bd75964,runninghub,,cn,glm/glm-5.3-flash,,,runninghub-glm-glm-5.3-flash,,1,glm-glm-5.3-flash,chat,text_generation,"chat,min=1,async",,official_schema,ready,True,provider_local,,not_implemented,runninghub,frequency_penalty|max_output_tokens|presence_penalty|reasoning_effort|temperature|top_p,stored_snapshot:runninghub-{region}.json + runninghub-official-public.json,
discovery,region_snapshot:cn,data/model_capabilities/snapshots/runninghub-cn.json,d7fa6bd75964,runninghub,,cn,glm/glm-5v-turbo,,,runninghub-glm-glm-5v-turbo,,1,glm-glm-5v-turbo,chat,text_generation,"chat,min=1,async",,official_schema,ready,True,provider_local,,not_implemented,runninghub,frequency_penalty|max_output_tokens|presence_penalty|reasoning_effort|temperature|top_p,stored_snapshot:runninghub-{region}.json + runninghub-official-public.json,
discovery,region_snapshot:cn,data/model_capabilities/snapshots/runninghub-cn.json,d7fa6bd75964,runninghub,,cn,minimax/minimax-m2.7,,,runninghub-minimax,,1,minimax-minimax-m2.7,chat,text_generation,"chat,min=1,async",,official_schema,ready,True,provider_local,,not_implemented,runninghub,frequency_penalty|max_output_tokens|presence_penalty|reasoning_effort|temperature|top_p,stored_snapshot:runninghub-{region}.json + runninghub-official-public.json,
discovery,region_snapshot:cn,data/model_capabilities/snapshots/runninghub-cn.json,d7fa6bd75964,runninghub,,cn,moonshotai/kimi-k3,,,runninghub-moonshotai-kimi-k3,,1,moonshotai-kimi-k3,chat,text_generation,"chat,min=1,async",,official_schema,ready,True,provider_local,,not_implemented,runninghub,frequency_penalty|max_output_tokens|presence_penalty|reasoning_effort|temperature|top_p,stored_snapshot:runninghub-{region}.json + runninghub-official-public.json,
discovery,region_snapshot:cn,data/model_capabilities/snapshots/runninghub-cn.json,d7fa6bd75964,runninghub,,cn,qwen/qwen3.6-flash,,,runninghub-qwen-qwen3.6-flash,,1,qwen-qwen3.6-flash,chat,text_generation,"chat,min=1,async",,official_schema,ready,True,provider_local,,not_implemented,runninghub,frequency_penalty|max_output_tokens|presence_penalty|reasoning_effort|temperature|top_p,stored_snapshot:runninghub-{region}.json + runninghub-official-public.json,
discovery,region_snapshot:cn,data/model_capabilities/snapshots/runninghub-cn.json,d7fa6bd75964,runninghub,,cn,qwen/qwen3.6-max-preview,,,runninghub-qwen-qwen3.6-max-preview,,1,qwen-qwen3.6-max-preview,chat,text_generation,"chat,min=1,async",,official_schema,ready,True,provider_local,,not_implemented,runninghub,frequency_penalty|max_output_tokens|presence_penalty|reasoning_effort|temperature|top_p,stored_snapshot:runninghub-{region}.json + runninghub-official-public.json,
discovery,region_snapshot:cn,data/model_capabilities/snapshots/runninghub-cn.json,d7fa6bd75964,runninghub,,cn,qwen/qwen3.6-plus,,,runninghub-qwen-qwen3.6-plus,,1,qwen-qwen3.6-plus,chat,text_generation,"chat,min=1,async",,official_schema,ready,True,provider_local,,not_implemented,runninghub,frequency_penalty|max_output_tokens|presence_penalty|reasoning_effort|temperature|top_p,stored_snapshot:runninghub-{region}.json + runninghub-official-public.json,
discovery,region_snapshot:cn,data/model_capabilities/snapshots/runninghub-cn.json,d7fa6bd75964,runninghub,,cn,qwen/qwen3.7-max,,,runninghub-qwen-qwen3.7-max,,1,qwen-qwen3.7-max,chat,text_generation,"chat,min=1,async",,official_schema,ready,True,provider_local,,not_implemented,runninghub,frequency_penalty|max_output_tokens|presence_penalty|reasoning_effort|temperature|top_p,stored_snapshot:runninghub-{region}.json + runninghub-official-public.json,
discovery,region_snapshot:cn,data/model_capabilities/snapshots/runninghub-cn.json,d7fa6bd75964,runninghub,,cn,qwen/qwen3.7-plus,,,runninghub-qwen-qwen3.7-plus,,1,qwen-qwen3.7-plus,chat,text_generation,"chat,min=1,async",,official_schema,ready,True,provider_local,,not_implemented,runninghub,frequency_penalty|max_output_tokens|presence_penalty|reasoning_effort|temperature|top_p,stored_snapshot:runninghub-{region}.json + runninghub-official-public.json,
discovery,region_snapshot:cn,data/model_capabilities/snapshots/runninghub-cn.json,d7fa6bd75964,runninghub,,cn,qwen/qwen3.8-flash-next,,,runninghub-qwen-qwen3.8-flash-next,,1,qwen-qwen3.8-flash-next,chat,text_generation,"chat,min=1,async",,official_schema,ready,True,provider_local,,not_implemented,runninghub,frequency_penalty|max_output_tokens|presence_penalty|reasoning_effort|temperature|top_p,stored_snapshot:runninghub-{region}.json + runninghub-official-public.json,
discovery,region_snapshot:cn,data/model_capabilities/snapshots/runninghub-cn.json,d7fa6bd75964,runninghub,,cn,qwen/qwen3.8-max,,,runninghub-qwen-qwen3.8-max,,1,qwen-qwen3.8-max,chat,text_generation,"chat,min=1,async",,official_schema,ready,True,provider_local,,not_implemented,runninghub,frequency_penalty|max_output_tokens|presence_penalty|reasoning_effort|temperature|top_p,stored_snapshot:runninghub-{region}.json + runninghub-official-public.json,
discovery,region_snapshot:cn,data/model_capabilities/snapshots/runninghub-cn.json,d7fa6bd75964,runninghub,,cn,seedance-2.0-global/text-to-video,,,runninghub-seedance-2.0,,1,seedance2.0-text-to-video,text_to_video,video_generation,"video,min=1,async",,official_schema,ready,True,provider_local,,not_implemented,runninghub,aspect_ratio|duration|generate_audio|resolution|return_last_frame|webSearch,stored_snapshot:runninghub-{region}.json + runninghub-official-public.json,
discovery,region_snapshot:cn,data/model_capabilities/snapshots/runninghub-cn.json,d7fa6bd75964,runninghub,,cn,seedance-2.0-global/image-to-video,,,runninghub-seedance-2.0,,1,seedance2.0-image-to-video,image_to_video,video_generation,"video,min=1,async",,official_schema,ready,True,provider_local,,not_implemented,runninghub,aspect_ratio|duration|generate_audio|resolution|return_last_frame,stored_snapshot:runninghub-{region}.json + runninghub-official-public.json,
discovery,official_public_registry,data/model_capabilities/snapshots/runninghub-official-public.json,61b682b097fd,runninghub,,,doubao-seed-audio-1.0,,,runninghub-doubao-seed-audio-1.0,,1,doubao-seed-audio-1.0,text_to_audio,audio_generation,"audio,min=1,async",,official_schema,ready,True,provider_local,,not_implemented,runninghub,format|loudness_rate|pitch_rate|sample_rate|speaker|speech_rate|text_prompt,stored_snapshot:runninghub-{region}.json + runninghub-official-public.json,
discovery,official_public_registry,data/model_capabilities/snapshots/runninghub-official-public.json,61b682b097fd,runninghub,,,minimax/music-2.6,,,runninghub-minimax,,1,minimax-music-2.6,music,music_generation,"audio,min=1,async",,official_schema,ready,True,provider_local,,not_implemented,runninghub,bitrate|format|isInstrumental|lyrics|lyricsOptimizer|sampleRate,stored_snapshot:runninghub-{region}.json + runninghub-official-public.json,
discovery,official_public_registry,data/model_capabilities/snapshots/runninghub-official-public.json,61b682b097fd,runninghub,,,minimax/music-cover,,,runninghub-minimax,,1,minimax-music-cover,music_to_music,music_generation,"audio,min=1,async",,official_schema,ready,True,provider_local,,not_implemented,runninghub,bitrate|coverFeatureId|format|lyrics|sampleRate,stored_snapshot:runninghub-{region}.json + runninghub-official-public.json,
discovery,official_public_registry,data/model_capabilities/snapshots/runninghub-official-public.json,61b682b097fd,runninghub,,,minimax/music-cover-preprocess,,,runninghub-minimax,,1,minimax-music-cover-preprocess,music_to_music,music_generation,"audio,min=1,async",,official_schema,ready,True,provider_local,,not_implemented,runninghub,,stored_snapshot:runninghub-{region}.json + runninghub-official-public.json,NO_PARAMETER_FIELDS
discovery,official_public_registry,data/model_capabilities/snapshots/runninghub-official-public.json,61b682b097fd,runninghub,,,minimax/voice-design,,,runninghub-minimax,,1,minimax-voice-design,voice_design,audio_generation,"audio,min=1,async",,official_schema,ready,True,provider_local,,not_implemented,runninghub,aigcWatermark|previewText|voiceId,stored_snapshot:runninghub-{region}.json + runninghub-official-public.json,
discovery,official_public_registry,data/model_capabilities/snapshots/runninghub-official-public.json,61b682b097fd,runninghub,,,suno-custom-v4.5,,,runninghub-suno,,1,suno-custom-v4.5,music,music_generation,"audio,min=1,async",,official_schema,ready,True,provider_local,,not_implemented,runninghub,tags|title,stored_snapshot:runninghub-{region}.json + runninghub-official-public.json,
discovery,official_public_registry,data/model_capabilities/snapshots/runninghub-official-public.json,61b682b097fd,runninghub,,,suno-single-v4.5,,,runninghub-suno,,1,suno-single-v4.5,music,music_generation,"audio,min=1,async",,official_schema,ready,True,provider_local,,not_implemented,runninghub,description|make_instrumental|title,stored_snapshot:runninghub-{region}.json + runninghub-official-public.json,
discovery,official_public_registry,data/model_capabilities/snapshots/runninghub-official-public.json,61b682b097fd,runninghub,,,suno-custom-v5.5,,,runninghub-suno,,1,suno-custom-v5.5,music,music_generation,"audio,min=1,async",,official_schema,ready,True,provider_local,,not_implemented,runninghub,tags|title,stored_snapshot:runninghub-{region}.json + runninghub-official-public.json,
discovery,official_public_registry,data/model_capabilities/snapshots/runninghub-official-public.json,61b682b097fd,runninghub,,,suno-single-v5.5,,,runninghub-suno,,1,suno-single-v5.5,music,music_generation,"audio,min=1,async",,official_schema,ready,True,provider_local,,not_implemented,runninghub,description|make_instrumental|title,stored_snapshot:runninghub-{region}.json + runninghub-official-public.json,
discovery,official_public_registry,data/model_capabilities/snapshots/runninghub-official-public.json,61b682b097fd,runninghub,,,suno-custom-v5,,,runninghub-suno,,1,suno-custom-v5,music,music_generation,"audio,min=1,async",,official_schema,ready,True,provider_local,,not_implemented,runninghub,tags|title,stored_snapshot:runninghub-{region}.json + runninghub-official-public.json,
discovery,official_public_registry,data/model_capabilities/snapshots/runninghub-official-public.json,61b682b097fd,runninghub,,,suno-single-v5,,,runninghub-suno,,1,suno-single-v5,music,music_generation,"audio,min=1,async",,official_schema,ready,True,provider_local,,not_implemented,runninghub,description|make_instrumental|title,stored_snapshot:runninghub-{region}.json + runninghub-official-public.json,
discovery,official_public_registry,data/model_capabilities/snapshots/runninghub-official-public.json,61b682b097fd,runninghub,,,suno-lyrics,,,runninghub-suno,,1,suno-lyrics,music,music_generation,"audio,min=1,async",,official_schema,ready,True,provider_local,,not_implemented,runninghub,,stored_snapshot:runninghub-{region}.json + runninghub-official-public.json,NO_PARAMETER_FIELDS
discovery,official_public_registry,data/model_capabilities/snapshots/runninghub-official-public.json,61b682b097fd,runninghub,,,minimax/music-2.5,,,runninghub-minimax,,1,minimax-music-2.5,music,music_generation,"audio,min=1,async",,official_schema,ready,True,provider_local,,not_implemented,runninghub,bitrate|lyrics|sampleRate,stored_snapshot:runninghub-{region}.json + runninghub-official-public.json,
discovery,official_public_registry,data/model_capabilities/snapshots/runninghub-official-public.json,61b682b097fd,runninghub,,,minimax/speech-02-hd,,,runninghub-minimax,,1,minimax-speech-02-hd,text_to_audio,audio_generation,"audio,min=1,async",,official_schema,ready,True,provider_local,,not_implemented,runninghub,emotion|enable_base64_output|english_normalization|pitch|pronunciation_dict|speed|voice_id|volume,stored_snapshot:runninghub-{region}.json + runninghub-official-public.json,
discovery,official_public_registry,data/model_capabilities/snapshots/runninghub-official-public.json,61b682b097fd,runninghub,,,minimax/speech-02-turbo,,,runninghub-minimax,,1,minimax-speech-02-turbo,text_to_audio,audio_generation,"audio,min=1,async",,official_schema,ready,True,provider_local,,not_implemented,runninghub,emotion|enable_base64_output|english_normalization|pitch|pronunciation_dict|speed|voice_id|volume,stored_snapshot:runninghub-{region}.json + runninghub-official-public.json,
discovery,official_public_registry,data/model_capabilities/snapshots/runninghub-official-public.json,61b682b097fd,runninghub,,,minimax/speech-2.6-hd,,,runninghub-minimax,,1,minimax-speech-2.6-hd,text_to_audio,audio_generation,"audio,min=1,async",,official_schema,ready,True,provider_local,,not_implemented,runninghub,emotion|enable_base64_output|english_normalization|pitch|pronunciation_dict|speed|voice_id|volume,stored_snapshot:runninghub-{region}.json + runninghub-official-public.json,
discovery,official_public_registry,data/model_capabilities/snapshots/runninghub-official-public.json,61b682b097fd,runninghub,,,minimax/speech-2.6-turbo,,,runninghub-minimax,,1,minimax-speech-2.6-turbo,text_to_audio,audio_generation,"audio,min=1,async",,official_schema,ready,True,provider_local,,not_implemented,runninghub,emotion|enable_base64_output|english_normalization|pitch|pronunciation_dict|speed|voice_id|volume,stored_snapshot:runninghub-{region}.json + runninghub-official-public.json,
discovery,official_public_registry,data/model_capabilities/snapshots/runninghub-official-public.json,61b682b097fd,runninghub,,,minimax/speech-2.8-hd,,,runninghub-minimax,,1,minimax-speech-2.8-hd,text_to_audio,audio_generation,"audio,min=1,async",,official_schema,ready,True,provider_local,,not_implemented,runninghub,emotion|enable_base64_output|english_normalization|pitch|pronunciation_dict|speed|voice_id|volume,stored_snapshot:runninghub-{region}.json + runninghub-official-public.json,
discovery,official_public_registry,data/model_capabilities/snapshots/runninghub-official-public.json,61b682b097fd,runninghub,,,minimax/speech-2.8-turbo,,,runninghub-minimax,,1,minimax-speech-2.8-turbo,text_to_audio,audio_generation,"audio,min=1,async",,official_schema,ready,True,provider_local,,not_implemented,runninghub,emotion|enable_base64_output|english_normalization|pitch|pronunciation_dict|speed|voice_id|volume,stored_snapshot:runninghub-{region}.json + runninghub-official-public.json,
discovery,official_public_registry,data/model_capabilities/snapshots/runninghub-official-public.json,61b682b097fd,runninghub,,,minimax/voice-clone,,,runninghub-minimax,,1,minimax-voice-clone,voice_clone,audio_generation,"audio,min=1,async",,official_schema,ready,True,provider_local,,not_implemented,runninghub,accuracy|custom_voice_id|language_boost|model|need_noise_reduction|need_volume_normalization,stored_snapshot:runninghub-{region}.json + runninghub-official-public.json,
discovery,official_public_registry,data/model_capabilities/snapshots/runninghub-official-public.json,61b682b097fd,runninghub,,,qwen-image-2.0-pro/image-edit,,,runninghub-qwen-image-2.0-pro,,1,qwen-image-2.0-pro-image-edit,image_to_image,image_generation,"image,min=1,async",,official_schema,ready,True,provider_local,,not_implemented,runninghub,imageNum|negativePrompt|size,stored_snapshot:runninghub-{region}.json + runninghub-official-public.json,
discovery,official_public_registry,data/model_capabilities/snapshots/runninghub-official-public.json,61b682b097fd,runninghub,,,qwen-image-3.0-pro/text-to-image,,,runninghub-qwen-image-3.0-pro,,1,qwen-image-3.0-pro-text-to-image,text_to_image,image_generation,"image,min=1,async",,official_schema,ready,True,provider_local,,not_implemented,runninghub,imageNum|negativePrompt|promptExtend|promptExtendMode|seed|size,stored_snapshot:runninghub-{region}.json + runninghub-official-public.json,
discovery,official_public_registry,data/model_capabilities/snapshots/runninghub-official-public.json,61b682b097fd,runninghub,,,qwen-image-3.0-pro/image-edit,,,runninghub-qwen-image-3.0-pro,,1,qwen-image-3.0-pro-image-edit,image_to_image,image_generation,"image,min=1,async",,official_schema,ready,True,provider_local,,not_implemented,runninghub,imageNum|negativePrompt|promptExtend|promptExtendMode|seed|size,stored_snapshot:runninghub-{region}.json + runninghub-official-public.json,
discovery,official_public_registry,data/model_capabilities/snapshots/runninghub-official-public.json,61b682b097fd,runninghub,,,qwen-image-2.0-pro/text-to-image,,,runninghub-qwen-image-2.0-pro,,1,qwen-image-2.0-pro-text-to-image,text_to_image,image_generation,"image,min=1,async",,official_schema,ready,True,provider_local,,not_implemented,runninghub,imageNum|negativePrompt|promptExtend|size,stored_snapshot:runninghub-{region}.json + runninghub-official-public.json,
discovery,official_public_registry,data/model_capabilities/snapshots/runninghub-official-public.json,61b682b097fd,runninghub,,,qwen-image-2.0/image-edit,,,runninghub-qwen-image-2.0,,1,qwen-image-2.0-image-edit,image_to_image,image_generation,"image,min=1,async",,official_schema,ready,True,provider_local,,not_implemented,runninghub,imageNum|negativePrompt|size,stored_snapshot:runninghub-{region}.json + runninghub-official-public.json,
discovery,official_public_registry,data/model_capabilities/snapshots/runninghub-official-public.json,61b682b097fd,runninghub,,,qwen-image-2.0/text-to-image,,,runninghub-qwen-image-2.0,,1,qwen-image-2.0-text-to-image,text_to_image,image_generation,"image,min=1,async",,official_schema,ready,True,provider_local,,not_implemented,runninghub,imageNum|negativePrompt|promptExtend|size,stored_snapshot:runninghub-{region}.json + runninghub-official-public.json,
discovery,official_public_registry,data/model_capabilities/snapshots/runninghub-official-public.json,61b682b097fd,runninghub,,,wan-2.5-preview/image-to-image,,,runninghub-wan-2.5,,1,wan-2.5-preview-image-to-image,image_to_image,image_generation,"image,min=1,async",,official_schema,ready,True,provider_local,,not_implemented,runninghub,count|negativePrompt|promptExtend|seed|size,stored_snapshot:runninghub-{region}.json + runninghub-official-public.json,
discovery,official_public_registry,data/model_capabilities/snapshots/runninghub-official-public.json,61b682b097fd,runninghub,,,wan-2.5-preview/text-to-image,,,runninghub-wan-2.5,,1,wan-2.5-preview-text-to-image,text_to_image,image_generation,"image,min=1,async",,official_schema,ready,True,provider_local,,not_implemented,runninghub,count|negativePrompt|promptExtend|seed|size,stored_snapshot:runninghub-{region}.json + runninghub-official-public.json,
discovery,official_public_registry,data/model_capabilities/snapshots/runninghub-official-public.json,61b682b097fd,runninghub,,,wan-2.7/image-edit,,,runninghub-wan-2.7,,1,wan-2.7-image-edit,image_to_image,image_generation,"image,min=1,async",,official_schema,ready,True,provider_local,,not_implemented,runninghub,height|width,stored_snapshot:runninghub-{region}.json + runninghub-official-public.json,
discovery,official_public_registry,data/model_capabilities/snapshots/runninghub-official-public.json,61b682b097fd,runninghub,,,wan-2.7/image-edit-pro,,,runninghub-wan-2.7,,1,wan-2.7-image-edit-pro,image_to_image,image_generation,"image,min=1,async",,official_schema,ready,True,provider_local,,not_implemented,runninghub,height|width,stored_snapshot:runninghub-{region}.json + runninghub-official-public.json,
discovery,official_public_registry,data/model_capabilities/snapshots/runninghub-official-public.json,61b682b097fd,runninghub,,,wan-2.7/text-to-image,,,runninghub-wan-2.7,,1,wan-2.7-text-to-image,text_to_image,image_generation,"image,min=1,async",,official_schema,ready,True,provider_local,,not_implemented,runninghub,height|thinkingMode|width,stored_snapshot:runninghub-{region}.json + runninghub-official-public.json,
discovery,official_public_registry,data/model_capabilities/snapshots/runninghub-official-public.json,61b682b097fd,runninghub,,,wan-2.7/text-to-image-pro,,,runninghub-wan-2.7,,1,wan-2.7-text-to-image-pro,text_to_image,image_generation,"image,min=1,async",,official_schema,ready,True,provider_local,,not_implemented,runninghub,height|thinkingMode|width,stored_snapshot:runninghub-{region}.json + runninghub-official-public.json,
discovery,official_public_registry,data/model_capabilities/snapshots/runninghub-official-public.json,61b682b097fd,runninghub,,,bytedance/jimeng-4.6/image-to-image,,,runninghub-bytedance-jimeng-4.6,,1,bytedance-jimeng-4.6-image-to-image,image_to_image,image_generation,"image,min=1,async",,official_schema,ready,True,provider_local,,not_implemented,runninghub,forceSingle|height|maxRatio|minRatio|scale|width,stored_snapshot:runninghub-{region}.json + runninghub-official-public.json,
discovery,official_public_registry,data/model_capabilities/snapshots/runninghub-official-public.json,61b682b097fd,runninghub,,,bytedance/jimeng-4.6/text-to-image,,,runninghub-bytedance-jimeng-4.6,,1,bytedance-jimeng-4.6-text-to-image,text_to_image,image_generation,"image,min=1,async",,official_schema,ready,True,provider_local,,not_implemented,runninghub,forceSingle|height|maxRatio|minRatio|scale|width,stored_snapshot:runninghub-{region}.json + runninghub-official-public.json,
discovery,official_public_registry,data/model_capabilities/snapshots/runninghub-official-public.json,61b682b097fd,runninghub,,,higgsfield/soul/image-to-image,,,runninghub-higgsfield-soul,,1,higgsfield-soul-image-to-image,image_to_image,image_generation,"image,min=1,async",,official_schema,ready,True,provider_local,,not_implemented,runninghub,quality|size|strength|style,stored_snapshot:runninghub-{region}.json + runninghub-official-public.json,
discovery,official_public_registry,data/model_capabilities/snapshots/runninghub-official-public.json,61b682b097fd,runninghub,,,hypir-balance,,,runninghub-hypir-balance,,1,hypir-balance,image_to_image,image_generation,"image,min=1,async",,official_schema,ready,True,provider_local,,not_implemented,runninghub,longEdgeSize|seed|shortEdgeSize|upscale,stored_snapshot:runninghub-{region}.json + runninghub-official-public.json,
discovery,official_public_registry,data/model_capabilities/snapshots/runninghub-official-public.json,61b682b097fd,runninghub,,,hypir-ultra,,,runninghub-hypir-ultra,,1,hypir-ultra,image_to_image,image_generation,"image,min=1,async",,official_schema,ready,True,provider_local,,not_implemented,runninghub,creativityLevel|longEdgeSize|seed|shortEdgeSize|textureLevel|upscale,stored_snapshot:runninghub-{region}.json + runninghub-official-public.json,
discovery,official_public_registry,data/model_capabilities/snapshots/runninghub-official-public.json,61b682b097fd,runninghub,,,Luma uni-1-max Image Edit,,,runninghub-luma-uni-1-max,,1,luma-uni-1-max-image-edit,image_to_image,image_generation,"image,min=1,async",,official_schema,ready,True,provider_local,,not_implemented,runninghub,aspect_ratio|outputFormat|style,stored_snapshot:runninghub-{region}.json + runninghub-official-public.json,
discovery,official_public_registry,data/model_capabilities/snapshots/runninghub-official-public.json,61b682b097fd,runninghub,,,Luma uni-1-max Image to Image,,,runninghub-luma-uni-1-max,,1,luma-uni-1-max-image-to-image,image_to_image,image_generation,"image,min=1,async",,official_schema,ready,True,provider_local,,not_implemented,runninghub,aspect_ratio|outputFormat|style|webSearch,stored_snapshot:runninghub-{region}.json + runninghub-official-public.json,
discovery,official_public_registry,data/model_capabilities/snapshots/runninghub-official-public.json,61b682b097fd,runninghub,,,Luma uni-1-max Text to Image,,,runninghub-luma-uni-1-max,,1,luma-uni-1-max-text-to-image,text_to_image,image_generation,"image,min=1,async",,official_schema,ready,True,provider_local,,not_implemented,runninghub,aspect_ratio|outputFormat|style|webSearch,stored_snapshot:runninghub-{region}.json + runninghub-official-public.json,
discovery,official_public_registry,data/model_capabilities/snapshots/runninghub-official-public.json,61b682b097fd,runninghub,,,Luma uni-1 Image Edit,,,runninghub-luma-uni-1,,1,luma-uni-1-image-edit,image_to_image,image_generation,"image,min=1,async",,official_schema,ready,True,provider_local,,not_implemented,runninghub,aspect_ratio|outputFormat|style,stored_snapshot:runninghub-{region}.json + runninghub-official-public.json,
discovery,official_public_registry,data/model_capabilities/snapshots/runninghub-official-public.json,61b682b097fd,runninghub,,,Luma uni-1 Image to Image,,,runninghub-luma-uni-1,,1,luma-uni-1-image-to-image,image_to_image,image_generation,"image,min=1,async",,official_schema,ready,True,provider_local,,not_implemented,runninghub,aspect_ratio|outputFormat|style|webSearch,stored_snapshot:runninghub-{region}.json + runninghub-official-public.json,
discovery,official_public_registry,data/model_capabilities/snapshots/runninghub-official-public.json,61b682b097fd,runninghub,,,Luma uni-1 Text to Image,,,runninghub-luma-uni-1,,1,luma-uni-1-text-to-image,text_to_image,image_generation,"image,min=1,async",,official_schema,ready,True,provider_local,,not_implemented,runninghub,aspect_ratio|outputFormat|style|webSearch,stored_snapshot:runninghub-{region}.json + runninghub-official-public.json,
discovery,official_public_registry,data/model_capabilities/snapshots/runninghub-official-public.json,61b682b097fd,runninghub,,,marble-1.0/image-to-world,,,runninghub-marble-1.0-image-to-world,,1,marble-1.0-image-to-world,text_to_image,image_generation,"image,min=1,async",,official_schema,ready,True,provider_local,,not_implemented,runninghub,disableRecaption|displayName|imageUrl|isPano|permissionAllowIdAccess|permissionAllowedReaders|permissionAllowedWriters|permissionPublic|seed|tags|textPrompt,stored_snapshot:runninghub-{region}.json + runninghub-official-public.json,
discovery,official_public_registry,data/model_capabilities/snapshots/runninghub-official-public.json,61b682b097fd,runninghub,,,marble-1.0/multi-image-to-world,,,runninghub-marble-1.0-multi-image-to-world,,1,marble-1.0-multi-image-to-world,text_to_image,image_generation,"image,min=1,async",,official_schema,ready,True,provider_local,,not_implemented,runninghub,disableRecaption|displayName|permissionAllowIdAccess|permissionAllowedReaders|permissionAllowedWriters|permissionPublic|reconstructImages|seed|tags|textPrompt,stored_snapshot:runninghub-{region}.json + runninghub-official-public.json,
discovery,official_public_registry,data/model_capabilities/snapshots/runninghub-official-public.json,61b682b097fd,runninghub,,,marble-1.1-plus/image-to-world,,,runninghub-marble-1.1-plus-image-to-world,,1,marble-1.1-plus-image-to-world,text_to_image,image_generation,"image,min=1,async",,official_schema,ready,True,provider_local,,not_implemented,runninghub,disableRecaption|displayName|imageUrl|isPano|permissionAllowIdAccess|permissionAllowedReaders|permissionAllowedWriters|permissionPublic|seed|tags|textPrompt,stored_snapshot:runninghub-{region}.json + runninghub-official-public.json,
discovery,official_public_registry,data/model_capabilities/snapshots/runninghub-official-public.json,61b682b097fd,runninghub,,,marble-1.1-plus/multi-image-to-world,,,runninghub-marble-1.1-plus-multi-image-to-world,,1,marble-1.1-plus-multi-image-to-world,text_to_image,image_generation,"image,min=1,async",,official_schema,ready,True,provider_local,,not_implemented,runninghub,disableRecaption|displayName|permissionAllowIdAccess|permissionAllowedReaders|permissionAllowedWriters|permissionPublic|reconstructImages|seed|tags|textPrompt,stored_snapshot:runninghub-{region}.json + runninghub-official-public.json,
discovery,official_public_registry,data/model_capabilities/snapshots/runninghub-official-public.json,61b682b097fd,runninghub,,,marble-1.1/image-to-world,,,runninghub-marble-1.1-image-to-world,,1,marble-1.1-image-to-world,text_to_image,image_generation,"image,min=1,async",,official_schema,ready,True,provider_local,,not_implemented,runninghub,disableRecaption|displayName|imageUrl|isPano|permissionAllowIdAccess|permissionAllowedReaders|permissionAllowedWriters|permissionPublic|seed|tags|textPrompt,stored_snapshot:runninghub-{region}.json + runninghub-official-public.json,
discovery,official_public_registry,data/model_capabilities/snapshots/runninghub-official-public.json,61b682b097fd,runninghub,,,marble-1.1/multi-image-to-world,,,runninghub-marble-1.1-multi-image-to-world,,1,marble-1.1-multi-image-to-world,text_to_image,image_generation,"image,min=1,async",,official_schema,ready,True,provider_local,,not_implemented,runninghub,disableRecaption|displayName|permissionAllowIdAccess|permissionAllowedReaders|permissionAllowedWriters|permissionPublic|reconstructImages|seed|tags|textPrompt,stored_snapshot:runninghub-{region}.json + runninghub-official-public.json,
discovery,official_public_registry,data/model_capabilities/snapshots/runninghub-official-public.json,61b682b097fd,runninghub,,,gpt-image-1.5/image-to-image-official-stable,,,runninghub-gpt-image-1.5,,1,gpt-image-1.5-image-to-image-official-stable,image_to_image,image_generation,"image,min=1,async",,official_schema,ready,True,provider_local,,not_implemented,runninghub,background|inputFidelity|quality|size,stored_snapshot:runninghub-{region}.json + runninghub-official-public.json,
discovery,official_public_registry,data/model_capabilities/snapshots/runninghub-official-public.json,61b682b097fd,runninghub,,,gpt-image-1.5/text-to-image-official-stable,,,runninghub-gpt-image-1.5,,1,gpt-image-1.5-text-to-image-official-stable,text_to_image,image_generation,"image,min=1,async",,official_schema,ready,True,provider_local,,not_implemented,runninghub,background|quality|size,stored_snapshot:runninghub-{region}.json + runninghub-official-public.json,
discovery,official_public_registry,data/model_capabilities/snapshots/runninghub-official-public.json,61b682b097fd,runninghub,,,gpt-image-1.5/edit-channel-low-price-[Deprecated] Please use gpt-image-2 instead,,,runninghub-gpt-image-1.5,,1,gpt-image-1.5-edit-channel-low-price-deprecated-please-use-gpt-image-2-instead,image_to_image,image_generation,"image,min=1,async",,official_schema,ready,True,provider_local,,not_implemented,runninghub,aspect_ratio,stored_snapshot:runninghub-{region}.json + runninghub-official-public.json,
discovery,official_public_registry,data/model_capabilities/snapshots/runninghub-official-public.json,61b682b097fd,runninghub,,,gpt-image-1.5/text-to-image-channel-low-price-[Deprecated] Please use gpt-image-2 instead,,,runninghub-gpt-image-1.5,,1,gpt-image-1.5-text-to-image-channel-low-price-deprecated-please-use-gpt-image-2-instead,text_to_image,image_generation,"image,min=1,async",,official_schema,ready,True,provider_local,,not_implemented,runninghub,aspect_ratio,stored_snapshot:runninghub-{region}.json + runninghub-official-public.json,
discovery,official_public_registry,data/model_capabilities/snapshots/runninghub-official-public.json,61b682b097fd,runninghub,,,gpt-image-2/image-to-image-official-stable,,,runninghub-gpt-image-2,,1,gpt-image-2-image-to-image-official-stable,image_to_image,image_generation,"image,min=1,async",,official_schema,ready,True,provider_local,,not_implemented,runninghub,aspect_ratio|quality|resolution,stored_snapshot:runninghub-{region}.json + runninghub-official-public.json,
discovery,official_public_registry,data/model_capabilities/snapshots/runninghub-official-public.json,61b682b097fd,runninghub,,,gpt-image-2/text-to-image-official-stable,,,runninghub-gpt-image-2,,1,gpt-image-2-text-to-image-official-stable,text_to_image,image_generation,"image,min=1,async",,official_schema,ready,True,provider_local,,not_implemented,runninghub,aspect_ratio|quality|resolution,stored_snapshot:runninghub-{region}.json + runninghub-official-public.json,
discovery,official_public_registry,data/model_capabilities/snapshots/runninghub-official-public.json,61b682b097fd,runninghub,,,gpt-image-2.0/edit-channel-low-price,,,runninghub-gpt-image-2.0,,1,gpt-image-2.0-edit-channel-low-price,image_to_image,image_generation,"image,min=1,async",,official_schema,ready,True,provider_local,,not_implemented,runninghub,aspect_ratio|resolution,stored_snapshot:runninghub-{region}.json + runninghub-official-public.json,
discovery,official_public_registry,data/model_capabilities/snapshots/runninghub-official-public.json,61b682b097fd,runninghub,,,gpt-image-2.0/text-to-image-channel-low-price,,,runninghub-gpt-image-2.0,,1,gpt-image-2.0-text-to-image-channel-low-price,text_to_image,image_generation,"image,min=1,async",,official_schema,ready,True,provider_local,,not_implemented,runninghub,aspect_ratio|resolution,stored_snapshot:runninghub-{region}.json + runninghub-official-public.json,
discovery,official_public_registry,data/model_capabilities/snapshots/runninghub-official-public.json,61b682b097fd,runninghub,,,grok-3-image-to-image,,,runninghub-grok-3-image,,1,grok-3-image-to-image,image_to_image,image_generation,"image,min=1,async",,official_schema,ready,True,provider_local,,not_implemented,runninghub,,stored_snapshot:runninghub-{region}.json + runninghub-official-public.json,NO_PARAMETER_FIELDS
discovery,official_public_registry,data/model_capabilities/snapshots/runninghub-official-public.json,61b682b097fd,runninghub,,,grok-3-image-text-to-image,,,runninghub-grok-3-image,,1,grok-3-image-text-to-image,text_to_image,image_generation,"image,min=1,async",,official_schema,ready,True,provider_local,,not_implemented,runninghub,,stored_snapshot:runninghub-{region}.json + runninghub-official-public.json,NO_PARAMETER_FIELDS
discovery,official_public_registry,data/model_capabilities/snapshots/runninghub-official-public.json,61b682b097fd,runninghub,,,grok-4-image-image-to-image,,,runninghub-grok-4-image,,1,grok-4-image-image-to-image,image_to_image,image_generation,"image,min=1,async",,official_schema,ready,True,provider_local,,not_implemented,runninghub,,stored_snapshot:runninghub-{region}.json + runninghub-official-public.json,NO_PARAMETER_FIELDS
discovery,official_public_registry,data/model_capabilities/snapshots/runninghub-official-public.json,61b682b097fd,runninghub,,,grok-4-image-text-to-image,,,runninghub-grok-4-image,,1,grok-4-image-text-to-image,text_to_image,image_generation,"image,min=1,async",,official_schema,ready,True,provider_local,,not_implemented,runninghub,,stored_snapshot:runninghub-{region}.json + runninghub-official-public.json,NO_PARAMETER_FIELDS
discovery,official_public_registry,data/model_capabilities/snapshots/runninghub-official-public.json,61b682b097fd,runninghub,,,grok-image/image-to-image/channel-low-price,,,runninghub-grok-image,,1,grok-image-image-to-image-channel-low-price,image_to_image,image_generation,"image,min=1,async",,official_schema,ready,True,provider_local,,not_implemented,runninghub,model,stored_snapshot:runninghub-{region}.json + runninghub-official-public.json,
discovery,official_public_registry,data/model_capabilities/snapshots/runninghub-official-public.json,61b682b097fd,runninghub,,,grok-image/text-to-image/channel-low-price,,,runninghub-grok-image,,1,grok-image-text-to-image-channel-low-price,text_to_image,image_generation,"image,min=1,async",,official_schema,ready,True,provider_local,,not_implemented,runninghub,aspect_ratio|model,stored_snapshot:runninghub-{region}.json + runninghub-official-public.json,
discovery,official_public_registry,data/model_capabilities/snapshots/runninghub-official-public.json,61b682b097fd,runninghub,,,nano-banana2-gemini31flash-lite/image-to-image-official-stable,,,runninghub-nano-banana2-gemini31flash-lite,,1,nano-banana2-gemini31flash-lite-image-to-image-official-stable,image_to_image,image_generation,"image,min=1,async",,official_schema,ready,True,provider_local,,not_implemented,runninghub,aspect_ratio,stored_snapshot:runninghub-{region}.json + runninghub-official-public.json,
discovery,official_public_registry,data/model_capabilities/snapshots/runninghub-official-public.json,61b682b097fd,runninghub,,,nano-banana2-gemini31flash-lite/text-to-image-official-stable,,,runninghub-nano-banana2-gemini31flash-lite,,1,nano-banana2-gemini31flash-lite-text-to-image-official-stable,text_to_image,image_generation,"image,min=1,async",,official_schema,ready,True,provider_local,,not_implemented,runninghub,aspect_ratio,stored_snapshot:runninghub-{region}.json + runninghub-official-public.json,
discovery,official_public_registry,data/model_capabilities/snapshots/runninghub-official-public.json,61b682b097fd,runninghub,,,nano-banana2-gemini31flash-lite/image-to-image-channel-low-price,,,runninghub-nano-banana2-gemini31flash-lite,,1,nano-banana2-gemini31flash-lite-image-to-image-channel-low-price,image_to_image,image_generation,"image,min=1,async",,official_schema,ready,True,provider_local,,not_implemented,runninghub,aspect_ratio,stored_snapshot:runninghub-{region}.json + runninghub-official-public.json,
discovery,official_public_registry,data/model_capabilities/snapshots/runninghub-official-public.json,61b682b097fd,runninghub,,,nano-banana2-gemini31flash-lite/text-to-image-channel-low-price,,,runninghub-nano-banana2-gemini31flash-lite,,1,nano-banana2-gemini31flash-lite-text-to-image-channel-low-price,text_to_image,image_generation,"image,min=1,async",,official_schema,ready,True,provider_local,,not_implemented,runninghub,aspect_ratio,stored_snapshot:runninghub-{region}.json + runninghub-official-public.json,
discovery,official_public_registry,data/model_capabilities/snapshots/runninghub-official-public.json,61b682b097fd,runninghub,,,nano-banana2-gemini31flash/image-to-image-official-stable,,,runninghub-nano-banana2-gemini31flash,,1,nano-banana2-gemini31flash-image-to-image-official-stable,image_to_image,image_generation,"image,min=1,async",,official_schema,ready,True,provider_local,,not_implemented,runninghub,aspect_ratio|resolution,stored_snapshot:runninghub-{region}.json + runninghub-official-public.json,
discovery,official_public_registry,data/model_capabilities/snapshots/runninghub-official-public.json,61b682b097fd,runninghub,,,nano-banana2-gemini31flash/text-to-image-official-stable,,,runninghub-nano-banana2-gemini31flash,,1,nano-banana2-gemini31flash-text-to-image-official-stable,text_to_image,image_generation,"image,min=1,async",,official_schema,ready,True,provider_local,,not_implemented,runninghub,aspect_ratio|resolution,stored_snapshot:runninghub-{region}.json + runninghub-official-public.json,
discovery,official_public_registry,data/model_capabilities/snapshots/runninghub-official-public.json,61b682b097fd,runninghub,,,nano-banana2-gemini31flash/image-to-image-channel-low-price,,,runninghub-nano-banana2-gemini31flash,,1,nano-banana2-gemini31flash-image-to-image-channel-low-price,image_to_image,image_generation,"image,min=1,async",,official_schema,ready,True,provider_local,,not_implemented,runninghub,aspect_ratio|resolution,stored_snapshot:runninghub-{region}.json + runninghub-official-public.json,
discovery,official_public_registry,data/model_capabilities/snapshots/runninghub-official-public.json,61b682b097fd,runninghub,,,nano-banana2-gemini31flash/text-to-image-channel-low-price,,,runninghub-nano-banana2-gemini31flash,,1,nano-banana2-gemini31flash-text-to-image-channel-low-price,text_to_image,image_generation,"image,min=1,async",,official_schema,ready,True,provider_local,,not_implemented,runninghub,aspect_ratio|resolution,stored_snapshot:runninghub-{region}.json + runninghub-official-public.json,
discovery,official_public_registry,data/model_capabilities/snapshots/runninghub-official-public.json,61b682b097fd,runninghub,,,nano-banana-pro/edit-official-stable,,,runninghub-nano-banana-pro,,1,nano-banana-pro-edit-official-stable,image_to_image,image_generation,"image,min=1,async",,official_schema,ready,True,provider_local,,not_implemented,runninghub,aspect_ratio|resolution,stored_snapshot:runninghub-{region}.json + runninghub-official-public.json,
discovery,official_public_registry,data/model_capabilities/snapshots/runninghub-official-public.json,61b682b097fd,runninghub,,,nano-banana-pro/edit-ultra-official-stable,,,runninghub-nano-banana-pro,,1,nano-banana-pro-edit-ultra-official-stable,image_to_image,image_generation,"image,min=1,async",,official_schema,ready,True,provider_local,,not_implemented,runninghub,aspect_ratio|resolution,stored_snapshot:runninghub-{region}.json + runninghub-official-public.json,
discovery,official_public_registry,data/model_capabilities/snapshots/runninghub-official-public.json,61b682b097fd,runninghub,,,nano-banana-pro/text-to-image-official-stable,,,runninghub-nano-banana-pro,,1,nano-banana-pro-text-to-image-official-stable,text_to_image,image_generation,"image,min=1,async",,official_schema,ready,True,provider_local,,not_implemented,runninghub,aspect_ratio|resolution,stored_snapshot:runninghub-{region}.json + runninghub-official-public.json,
discovery,official_public_registry,data/model_capabilities/snapshots/runninghub-official-public.json,61b682b097fd,runninghub,,,nano-banana-pro/text-to-image-ultra-official-stable,,,runninghub-nano-banana-pro,,1,nano-banana-pro-text-to-image-ultra-official-stable,text_to_image,image_generation,"image,min=1,async",,official_schema,ready,True,provider_local,,not_implemented,runninghub,aspect_ratio|resolution,stored_snapshot:runninghub-{region}.json + runninghub-official-public.json,
discovery,official_public_registry,data/model_capabilities/snapshots/runninghub-official-public.json,61b682b097fd,runninghub,,,nano-banana-pro/edit-channel-low-price,,,runninghub-nano-banana-pro,,1,nano-banana-pro-edit-channel-low-price,image_to_image,image_generation,"image,min=1,async",,official_schema,ready,True,provider_local,,not_implemented,runninghub,aspect_ratio|resolution,stored_snapshot:runninghub-{region}.json + runninghub-official-public.json,
discovery,official_public_registry,data/model_capabilities/snapshots/runninghub-official-public.json,61b682b097fd,runninghub,,,nano-banana-pro/text-to-image-channel-low-price,,,runninghub-nano-banana-pro,,1,nano-banana-pro-text-to-image-channel-low-price,text_to_image,image_generation,"image,min=1,async",,official_schema,ready,True,provider_local,,not_implemented,runninghub,aspect_ratio|resolution,stored_snapshot:runninghub-{region}.json + runninghub-official-public.json,
discovery,official_public_registry,data/model_capabilities/snapshots/runninghub-official-public.json,61b682b097fd,runninghub,,,nano-banana/edit-official-stable,,,runninghub-nano-banana,,1,nano-banana-edit-official-stable,image_to_image,image_generation,"image,min=1,async",,official_schema,ready,True,provider_local,,not_implemented,runninghub,aspect_ratio,stored_snapshot:runninghub-{region}.json + runninghub-official-public.json,
discovery,official_public_registry,data/model_capabilities/snapshots/runninghub-official-public.json,61b682b097fd,runninghub,,,nano-banana/text-to-image-official-stable,,,runninghub-nano-banana,,1,nano-banana-text-to-image-official-stable,text_to_image,image_generation,"image,min=1,async",,official_schema,ready,True,provider_local,,not_implemented,runninghub,aspect_ratio,stored_snapshot:runninghub-{region}.json + runninghub-official-public.json,
discovery,official_public_registry,data/model_capabilities/snapshots/runninghub-official-public.json,61b682b097fd,runninghub,,,nano-banana/edit-channel-low-price,,,runninghub-nano-banana,,1,nano-banana-edit-channel-low-price,image_to_image,image_generation,"image,min=1,async",,official_schema,ready,True,provider_local,,not_implemented,runninghub,aspect_ratio,stored_snapshot:runninghub-{region}.json + runninghub-official-public.json,
discovery,official_public_registry,data/model_capabilities/snapshots/runninghub-official-public.json,61b682b097fd,runninghub,,,nano-banana/text-to-image-channel-low-price,,,runninghub-nano-banana,,1,nano-banana-text-to-image-channel-low-price,text_to_image,image_generation,"image,min=1,async",,official_schema,ready,True,provider_local,,not_implemented,runninghub,aspect_ratio,stored_snapshot:runninghub-{region}.json + runninghub-official-public.json,
discovery,official_public_registry,data/model_capabilities/snapshots/runninghub-official-public.json,61b682b097fd,runninghub,,,xai/grok-imagine-image/edit-official-stable,,,runninghub-xai-grok-imagine-image,,1,xai-grok-imagine-image-edit-official-stable,image_to_image,image_generation,"image,min=1,async",,official_schema,ready,True,provider_local,,not_implemented,runninghub,,stored_snapshot:runninghub-{region}.json + runninghub-official-public.json,NO_PARAMETER_FIELDS
discovery,official_public_registry,data/model_capabilities/snapshots/runninghub-official-public.json,61b682b097fd,runninghub,,,xai/grok-imagine-image/text-to-image-official-stable,,,runninghub-xai-grok-imagine-image,,1,xai-grok-imagine-image-text-to-image-official-stable,text_to_image,image_generation,"image,min=1,async",,official_schema,ready,True,provider_local,,not_implemented,runninghub,aspect_ratio|outputFormat,stored_snapshot:runninghub-{region}.json + runninghub-official-public.json,
discovery,official_public_registry,data/model_capabilities/snapshots/runninghub-official-public.json,61b682b097fd,runninghub,,,f-dev,,,runninghub-f-dev,,1,f-dev,text_to_image,image_generation,"image,min=1,async",,official_schema,needs_profile,False,provider_local,,not_implemented,runninghub,,stored_snapshot:runninghub-{region}.json + runninghub-official-public.json,PROFILE_UNCONFIRMED|NO_PARAMETER_FIELDS
discovery,official_public_registry,data/model_capabilities/snapshots/runninghub-official-public.json,61b682b097fd,runninghub,,,f-dev-lora,,,runninghub-f-dev-lora,,1,f-dev-lora,text_to_image,image_generation,"image,min=1,async",,official_schema,needs_profile,False,provider_local,,not_implemented,runninghub,,stored_snapshot:runninghub-{region}.json + runninghub-official-public.json,PROFILE_UNCONFIRMED|NO_PARAMETER_FIELDS
discovery,official_public_registry,data/model_capabilities/snapshots/runninghub-official-public.json,61b682b097fd,runninghub,,,xai/rhart-imagine-image-quality/edit-official-stable,,,runninghub-xai-rhart-imagine-image-quality,,1,xai-rhart-imagine-image-quality-edit-official-stable,image_to_image,image_generation,"image,min=1,async",,official_schema,ready,True,provider_local,,not_implemented,runninghub,aspect_ratio|numImages|outputFormat|resolution,stored_snapshot:runninghub-{region}.json + runninghub-official-public.json,
discovery,official_public_registry,data/model_capabilities/snapshots/runninghub-official-public.json,61b682b097fd,runninghub,,,xai/rhart-imagine-image-quality/text-to-image-official-stable,,,runninghub-xai-rhart-imagine-image-quality,,1,xai-rhart-imagine-image-quality-text-to-image-official-stable,text_to_image,image_generation,"image,min=1,async",,official_schema,ready,True,provider_local,,not_implemented,runninghub,aspect_ratio|numImages|outputFormat|resolution,stored_snapshot:runninghub-{region}.json + runninghub-official-public.json,
discovery,official_public_registry,data/model_capabilities/snapshots/runninghub-official-public.json,61b682b097fd,runninghub,,,seedream-v4.5/image-to-image,,,runninghub-seedream-v4.5,,1,seedream-v4.5-image-to-image,image_to_image,image_generation,"image,min=1,async",,official_schema,ready,True,provider_local,,not_implemented,runninghub,height|maxImages|resolution|sequentialImageGeneration|width,stored_snapshot:runninghub-{region}.json + runninghub-official-public.json,
discovery,official_public_registry,data/model_capabilities/snapshots/runninghub-official-public.json,61b682b097fd,runninghub,,,seedream-v4.5/text-to-image,,,runninghub-seedream-v4.5,,1,seedream-v4.5-text-to-image,text_to_image,image_generation,"image,min=1,async",,official_schema,ready,True,provider_local,,not_implemented,runninghub,height|maxImages|resolution|sequentialImageGeneration|width,stored_snapshot:runninghub-{region}.json + runninghub-official-public.json,
discovery,official_public_registry,data/model_capabilities/snapshots/runninghub-official-public.json,61b682b097fd,runninghub,,,seedream-v4/image-to-image,,,runninghub-seedream-v4,,1,seedream-v4-image-to-image,image_to_image,image_generation,"image,min=1,async",,official_schema,ready,True,provider_local,,not_implemented,runninghub,height|maxImages|resolution|sequentialImageGeneration|width,stored_snapshot:runninghub-{region}.json + runninghub-official-public.json,
discovery,official_public_registry,data/model_capabilities/snapshots/runninghub-official-public.json,61b682b097fd,runninghub,,,seedream-v4/text-to-image,,,runninghub-seedream-v4,,1,seedream-v4-text-to-image,text_to_image,image_generation,"image,min=1,async",,official_schema,ready,True,provider_local,,not_implemented,runninghub,height|maxImages|resolution|sequentialImageGeneration|width,stored_snapshot:runninghub-{region}.json + runninghub-official-public.json,
discovery,official_public_registry,data/model_capabilities/snapshots/runninghub-official-public.json,61b682b097fd,runninghub,,,seedream-v5-lite/image-to-image,,,runninghub-seedream-v5-lite,,1,seedream-v5-lite-image-to-image,image_to_image,image_generation,"image,min=1,async",,official_schema,ready,True,provider_local,,not_implemented,runninghub,height|maxImages|resolution|sequentialImageGeneration|width,stored_snapshot:runninghub-{region}.json + runninghub-official-public.json,
discovery,official_public_registry,data/model_capabilities/snapshots/runninghub-official-public.json,61b682b097fd,runninghub,,,seedream-v5-lite/text-to-image,,,runninghub-seedream-v5-lite,,1,seedream-v5-lite-text-to-image,text_to_image,image_generation,"image,min=1,async",,official_schema,ready,True,provider_local,,not_implemented,runninghub,height|maxImages|resolution|sequentialImageGeneration|toolsType|width,stored_snapshot:runninghub-{region}.json + runninghub-official-public.json,
discovery,official_public_registry,data/model_capabilities/snapshots/runninghub-official-public.json,61b682b097fd,runninghub,,,seedream-v5-pro/image-to-image,,,runninghub-seedream-v5-pro,,1,seedream-v5-pro-image-to-image,image_to_image,image_generation,"image,min=1,async",,official_schema,ready,True,provider_local,,not_implemented,runninghub,height|outputFormat|resolution|width,stored_snapshot:runninghub-{region}.json + runninghub-official-public.json,
discovery,official_public_registry,data/model_capabilities/snapshots/runninghub-official-public.json,61b682b097fd,runninghub,,,seedream-v5-pro/text-to-image,,,runninghub-seedream-v5-pro,,1,seedream-v5-pro-text-to-image,text_to_image,image_generation,"image,min=1,async",,official_schema,ready,True,provider_local,,not_implemented,runninghub,height|outputFormat|resolution|width,stored_snapshot:runninghub-{region}.json + runninghub-official-public.json,
discovery,official_public_registry,data/model_capabilities/snapshots/runninghub-official-public.json,61b682b097fd,runninghub,,,topazlabs-image-upscale-cgi,,,runninghub-topazlabs-image,,1,topazlabs-image-upscale-cgi,image_enhancement,image_generation,"image,min=1,async",,official_schema,ready,True,provider_local,,not_implemented,runninghub,faceEnhancement|faceEnhancementCreativity|faceEnhancementStrength|scale|subjectDetection,stored_snapshot:runninghub-{region}.json + runninghub-official-public.json,
discovery,official_public_registry,data/model_capabilities/snapshots/runninghub-official-public.json,61b682b097fd,runninghub,,,topazlabs-image-upscale-high fidelity v2,,,runninghub-topazlabs-image,,1,topazlabs-image-upscale-high-fidelity-v2,image_enhancement,image_generation,"image,min=1,async",,official_schema,ready,True,provider_local,,not_implemented,runninghub,faceEnhancement|faceEnhancementCreativity|faceEnhancementStrength|scale|subjectDetection,stored_snapshot:runninghub-{region}.json + runninghub-official-public.json,
discovery,official_public_registry,data/model_capabilities/snapshots/runninghub-official-public.json,61b682b097fd,runninghub,,,topazlabs-image-upscale-standard-v2,,,runninghub-topazlabs-image,,1,topazlabs-image-upscale-standard-v2,image_enhancement,image_generation,"image,min=1,async",,official_schema,ready,True,provider_local,,not_implemented,runninghub,faceEnhancement|faceEnhancementCreativity|faceEnhancementStrength|scale|subjectDetection,stored_snapshot:runninghub-{region}.json + runninghub-official-public.json,
discovery,official_public_registry,data/model_capabilities/snapshots/runninghub-official-public.json,61b682b097fd,runninghub,,,topazlabs-image-upscale-text refine,,,runninghub-topazlabs-image,,1,topazlabs-image-upscale-text-refine,image_enhancement,image_generation,"image,min=1,async",,official_schema,ready,True,provider_local,,not_implemented,runninghub,faceEnhancement|faceEnhancementCreativity|faceEnhancementStrength|scale|subjectDetection,stored_snapshot:runninghub-{region}.json + runninghub-official-public.json,
discovery,official_public_registry,data/model_capabilities/snapshots/runninghub-official-public.json,61b682b097fd,runninghub,,,topazlabs-image-upscale low resolution v2,,,runninghub-topazlabs-image,,1,topazlabs-image-upscale-low-resolution-v2,image_enhancement,image_generation,"image,min=1,async",,official_schema,ready,True,provider_local,,not_implemented,runninghub,faceEnhancement|faceEnhancementCreativity|faceEnhancementStrength|scale|subjectDetection,stored_snapshot:runninghub-{region}.json + runninghub-official-public.json,
discovery,official_public_registry,data/model_capabilities/snapshots/runninghub-official-public.json,61b682b097fd,runninghub,,,midjourney-text-to-image-niji6,,,runninghub-midjourney,,1,midjourney-text-to-image-niji6,text_to_image,image_generation,"image,min=1,async",,official_schema,ready,True,provider_local,,not_implemented,runninghub,aspect_ratio|chaos|cw|iw|quality|raw|stop|stylize|sv|sw|tile|weird,stored_snapshot:runninghub-{region}.json + runninghub-official-public.json,
discovery,official_public_registry,data/model_capabilities/snapshots/runninghub-official-public.json,61b682b097fd,runninghub,,,midjourney-text-to-image-niji7,,,runninghub-midjourney,,1,midjourney-text-to-image-niji7,text_to_image,image_generation,"image,min=1,async",,official_schema,ready,True,provider_local,,not_implemented,runninghub,aspect_ratio|chaos|iw|raw|stylize|sv|sw|weird,stored_snapshot:runninghub-{region}.json + runninghub-official-public.json,
discovery,official_public_registry,data/model_capabilities/snapshots/runninghub-official-public.json,61b682b097fd,runninghub,,,midjourney-text-to-image-v6,,,runninghub-midjourney,,1,midjourney-text-to-image-v6,text_to_image,image_generation,"image,min=1,async",,official_schema,ready,True,provider_local,,not_implemented,runninghub,aspect_ratio|chaos|cw|iw|quality|raw|stop|stylize|sv|sw|tile|weird,stored_snapshot:runninghub-{region}.json + runninghub-official-public.json,
discovery,official_public_registry,data/model_capabilities/snapshots/runninghub-official-public.json,61b682b097fd,runninghub,,,midjourney-text-to-image-v61,,,runninghub-midjourney,,1,midjourney-text-to-image-v61,text_to_image,image_generation,"image,min=1,async",,official_schema,ready,True,provider_local,,not_implemented,runninghub,aspect_ratio|chaos|cw|iw|negativePrompt|quality|raw|stop|stylize|sv|sw|tile|weird,stored_snapshot:runninghub-{region}.json + runninghub-official-public.json,
discovery,official_public_registry,data/model_capabilities/snapshots/runninghub-official-public.json,61b682b097fd,runninghub,,,midjourney-text-to-image-v7,,,runninghub-midjourney,,1,midjourney-text-to-image-v7,text_to_image,image_generation,"image,min=1,async",,official_schema,ready,True,provider_local,,not_implemented,runninghub,aspect_ratio|chaos|iw|negativePrompt|ow|quality|raw|stylize|sv|sw|tile|weird,stored_snapshot:runninghub-{region}.json + runninghub-official-public.json,
discovery,official_public_registry,data/model_capabilities/snapshots/runninghub-official-public.json,61b682b097fd,runninghub,,,midjourney-text-to-image-v8.1,,,runninghub-midjourney,,1,midjourney-text-to-image-v8.1,text_to_image,image_generation,"image,min=1,async",,official_schema,ready,True,provider_local,,not_implemented,runninghub,aspect_ratio|chaos|hd|iw|quality|raw|stylize|sv|sw,stored_snapshot:runninghub-{region}.json + runninghub-official-public.json,
discovery,official_public_registry,data/model_capabilities/snapshots/runninghub-official-public.json,61b682b097fd,runninghub,,,midjourney-text-to-image-v8.2-preview,,,runninghub-midjourney,,1,midjourney-text-to-image-v8.2-preview,text_to_image,image_generation,"image,min=1,async",,official_schema,ready,True,provider_local,,not_implemented,runninghub,aspect_ratio|chaos|hd|iw|quality|raw|stylize|sv|sw,stored_snapshot:runninghub-{region}.json + runninghub-official-public.json,
discovery,official_public_registry,data/model_capabilities/snapshots/runninghub-official-public.json,61b682b097fd,runninghub,,,happyhorse-1.0/image-to-video,,,runninghub-happyhorse-1.0,,1,happyhorse-1.0-image-to-video,image_to_video,video_generation,"video,min=1,async",,official_schema,ready,True,provider_local,,not_implemented,runninghub,duration|resolution|seed,stored_snapshot:runninghub-{region}.json + runninghub-official-public.json,
discovery,official_public_registry,data/model_capabilities/snapshots/runninghub-official-public.json,61b682b097fd,runninghub,,,happyhorse-1.0/reference-to-video,,,runninghub-happyhorse-1.0,,1,happyhorse-1.0-reference-to-video,image_to_video,video_generation,"video,min=1,async",,official_schema,ready,True,provider_local,,not_implemented,runninghub,aspect_ratio|duration|resolution|seed,stored_snapshot:runninghub-{region}.json + runninghub-official-public.json,
discovery,official_public_registry,data/model_capabilities/snapshots/runninghub-official-public.json,61b682b097fd,runninghub,,,happyhorse-1.0/text-to-video,,,runninghub-happyhorse-1.0,,1,happyhorse-1.0-text-to-video,text_to_video,video_generation,"video,min=1,async",,official_schema,ready,True,provider_local,,not_implemented,runninghub,aspect_ratio|duration|resolution|seed,stored_snapshot:runninghub-{region}.json + runninghub-official-public.json,
discovery,official_public_registry,data/model_capabilities/snapshots/runninghub-official-public.json,61b682b097fd,runninghub,,,happyhorse-1.0/video-edit,,,runninghub-happyhorse-1.0,,1,happyhorse-1.0-video-edit,video_to_video,video_generation,"video,min=1,async",,official_schema,ready,True,provider_local,,not_implemented,runninghub,audioSetting|resolution|seed,stored_snapshot:runninghub-{region}.json + runninghub-official-public.json,
discovery,official_public_registry,data/model_capabilities/snapshots/runninghub-official-public.json,61b682b097fd,runninghub,,,happyhorse-1.1/image-to-video,,,runninghub-happyhorse-1.1,,1,happyhorse-1.1-image-to-video,image_to_video,video_generation,"video,min=1,async",,official_schema,ready,True,provider_local,,not_implemented,runninghub,duration|resolution|seed,stored_snapshot:runninghub-{region}.json + runninghub-official-public.json,
discovery,official_public_registry,data/model_capabilities/snapshots/runninghub-official-public.json,61b682b097fd,runninghub,,,happyhorse-1.1/reference-to-video,,,runninghub-happyhorse-1.1,,1,happyhorse-1.1-reference-to-video,image_to_video,video_generation,"video,min=1,async",,official_schema,ready,True,provider_local,,not_implemented,runninghub,aspect_ratio|duration|resolution|seed,stored_snapshot:runninghub-{region}.json + runninghub-official-public.json,
discovery,official_public_registry,data/model_capabilities/snapshots/runninghub-official-public.json,61b682b097fd,runninghub,,,happyhorse-1.1/text-to-video,,,runninghub-happyhorse-1.1,,1,happyhorse-1.1-text-to-video,text_to_video,video_generation,"video,min=1,async",,official_schema,ready,True,provider_local,,not_implemented,runninghub,aspect_ratio|duration|resolution|seed,stored_snapshot:runninghub-{region}.json + runninghub-official-public.json,
discovery,official_public_registry,data/model_capabilities/snapshots/runninghub-official-public.json,61b682b097fd,runninghub,,,wan-2.5-preview/image-to-video,,,runninghub-wan-2.5,,1,wan-2.5-preview-image-to-video,multimodal_to_video,video_generation,"video,min=1,async",,official_schema,ready,True,provider_local,,not_implemented,runninghub,duration|negativePrompt|promptExtend|resolution|seed,stored_snapshot:runninghub-{region}.json + runninghub-official-public.json,
discovery,official_public_registry,data/model_capabilities/snapshots/runninghub-official-public.json,61b682b097fd,runninghub,,,wan-2.5-preview/text-to-video,,,runninghub-wan-2.5,,1,wan-2.5-preview-text-to-video,multimodal_to_video,video_generation,"video,min=1,async",,official_schema,ready,True,provider_local,,not_implemented,runninghub,duration|negativePrompt|promptExtend|seed|size,stored_snapshot:runninghub-{region}.json + runninghub-official-public.json,
discovery,official_public_registry,data/model_capabilities/snapshots/runninghub-official-public.json,61b682b097fd,runninghub,,,alibaba/wan-2.6/image-to-video,,,runninghub-alibaba-wan-2.6,,1,alibaba-wan-2.6-image-to-video,image_to_video,video_generation,"video,min=1,async",,official_schema,ready,True,provider_local,,not_implemented,runninghub,duration|negativePrompt|resolution|shotType,stored_snapshot:runninghub-{region}.json + runninghub-official-public.json,
discovery,official_public_registry,data/model_capabilities/snapshots/runninghub-official-public.json,61b682b097fd,runninghub,,,wan-2.6-image-to-video-flash,,,runninghub-wan-2.6,,1,wan-2.6-image-to-video-flash,multimodal_to_video,video_generation,"video,min=1,async",,official_schema,ready,True,provider_local,,not_implemented,runninghub,duration|enableAudio|enablePromptExpansion|negativePrompt|resolution|shotType,stored_snapshot:runninghub-{region}.json + runninghub-official-public.json,
discovery,official_public_registry,data/model_capabilities/snapshots/runninghub-official-public.json,61b682b097fd,runninghub,,,wan-2.6-reference-to-video,,,runninghub-wan-2.6,,1,wan-2.6-reference-to-video,multimodal_to_video,video_generation,"video,min=1,async",,official_schema,ready,True,provider_local,,not_implemented,runninghub,duration|negativePrompt|shotType|size,stored_snapshot:runninghub-{region}.json + runninghub-official-public.json,
discovery,official_public_registry,data/model_capabilities/snapshots/runninghub-official-public.json,61b682b097fd,runninghub,,,wan-2.6-reference-to-video-flash,,,runninghub-wan-2.6,,1,wan-2.6-reference-to-video-flash,multimodal_to_video,video_generation,"video,min=1,async",,official_schema,ready,True,provider_local,,not_implemented,runninghub,audio|duration|negativePrompt|shotType|size,stored_snapshot:runninghub-{region}.json + runninghub-official-public.json,
discovery,official_public_registry,data/model_capabilities/snapshots/runninghub-official-public.json,61b682b097fd,runninghub,,,alibaba/wan-2.6/text-to-video,,,runninghub-alibaba-wan-2.6,,1,alibaba-wan-2.6-text-to-video,text_to_video,video_generation,"video,min=1,async",,official_schema,ready,True,provider_local,,not_implemented,runninghub,duration|negativePrompt|resolution|shotType,stored_snapshot:runninghub-{region}.json + runninghub-official-public.json,
discovery,official_public_registry,data/model_capabilities/snapshots/runninghub-official-public.json,61b682b097fd,runninghub,,,wan-2.7-spicy/image-to-video,,,runninghub-wan-2.7,,1,wan-2.7-spicy-image-to-video,multimodal_to_video,video_generation,"video,min=1,async",,official_schema,ready,True,provider_local,,not_implemented,runninghub,duration|negativePrompt|promptExtend|resolution|seed,stored_snapshot:runninghub-{region}.json + runninghub-official-public.json,
discovery,official_public_registry,data/model_capabilities/snapshots/runninghub-official-public.json,61b682b097fd,runninghub,,,wan-2.7/image-to-video,,,runninghub-wan-2.7,,1,wan-2.7-image-to-video,multimodal_to_video,video_generation,"video,min=1,async",,official_schema,ready,True,provider_local,,not_implemented,runninghub,duration|negativePrompt|promptExtend|resolution|seed,stored_snapshot:runninghub-{region}.json + runninghub-official-public.json,
discovery,official_public_registry,data/model_capabilities/snapshots/runninghub-official-public.json,61b682b097fd,runninghub,,,wan-2.7-reference-to-video,,,runninghub-wan-2.7,,1,wan-2.7-reference-to-video,multimodal_to_video,video_generation,"video,min=1,async",,official_schema,ready,True,provider_local,,not_implemented,runninghub,aspect_ratio|duration|negativePrompt|promptExtend|resolution|seed,stored_snapshot:runninghub-{region}.json + runninghub-official-public.json,
discovery,official_public_registry,data/model_capabilities/snapshots/runninghub-official-public.json,61b682b097fd,runninghub,,,wan-2.7/text-to-video,,,runninghub-wan-2.7,,1,wan-2.7-text-to-video,multimodal_to_video,video_generation,"video,min=1,async",,official_schema,ready,True,provider_local,,not_implemented,runninghub,aspect_ratio|duration|negativePrompt|promptExtend|resolution|seed,stored_snapshot:runninghub-{region}.json + runninghub-official-public.json,
discovery,official_public_registry,data/model_capabilities/snapshots/runninghub-official-public.json,61b682b097fd,runninghub,,,wan-2.7/video-edit,,,runninghub-wan-2.7,,1,wan-2.7-video-edit,video_to_video,video_generation,"video,min=1,async",,official_schema,ready,True,provider_local,,not_implemented,runninghub,aspect_ratio|duration|negativePrompt|promptExtend|resolution|seed,stored_snapshot:runninghub-{region}.json + runninghub-official-public.json,
discovery,official_public_registry,data/model_capabilities/snapshots/runninghub-official-public.json,61b682b097fd,runninghub,,,wan-2.7/video-extend,,,runninghub-wan-2.7,,1,wan-2.7-video-extend,video_extend,video_generation,"video,min=1,async",,official_schema,ready,True,provider_local,,not_implemented,runninghub,duration|negativePrompt|promptExtend|resolution|seed,stored_snapshot:runninghub-{region}.json + runninghub-official-public.json,
discovery,official_public_registry,data/model_capabilities/snapshots/runninghub-official-public.json,61b682b097fd,runninghub,,,sd2.0/video-ref-to-video-trial,,,runninghub-sd2.0-video,,1,sd2.0-video-ref-to-video-trial,multimodal_to_video,video_generation,"video,min=1,async",,official_schema,ready,True,provider_local,,not_implemented,runninghub,,stored_snapshot:runninghub-{region}.json + runninghub-official-public.json,NO_PARAMETER_FIELDS
discovery,official_public_registry,data/model_capabilities/snapshots/runninghub-official-public.json,61b682b097fd,runninghub,,,gemini-omni-flash/image-to-video/channel-low-price,,,runninghub-gemini-omni-flash,,1,gemini-omni-flash-image-to-video-channel-low-price,image_to_video,video_generation,"video,min=1,async",,official_schema,ready,True,provider_local,,not_implemented,runninghub,aspect_ratio|duration|resolution,stored_snapshot:runninghub-{region}.json + runninghub-official-public.json,
discovery,official_public_registry,data/model_capabilities/snapshots/runninghub-official-public.json,61b682b097fd,runninghub,,,gemini-omni-flash/text-to-video/channel-low-price,,,runninghub-gemini-omni-flash,,1,gemini-omni-flash-text-to-video-channel-low-price,text_to_video,video_generation,"video,min=1,async",,official_schema,ready,True,provider_local,,not_implemented,runninghub,aspect_ratio|duration|resolution,stored_snapshot:runninghub-{region}.json + runninghub-official-public.json,
discovery,official_public_registry,data/model_capabilities/snapshots/runninghub-official-public.json,61b682b097fd,runninghub,,,gemini-omni-flash/video-edit/channel-low-price,,,runninghub-gemini-omni-flash,,1,gemini-omni-flash-video-edit-channel-low-price,video_to_video,video_generation,"video,min=1,async",,official_schema,ready,True,provider_local,,not_implemented,runninghub,aspect_ratio|resolution,stored_snapshot:runninghub-{region}.json + runninghub-official-public.json,
discovery,official_public_registry,data/model_capabilities/snapshots/runninghub-official-public.json,61b682b097fd,runninghub,,,higgsfield/dop/image-to-video,,,runninghub-higgsfield-dop,,1,higgsfield-dop-image-to-video,image_to_video,video_generation,"video,min=1,async",,official_schema,ready,True,provider_local,,not_implemented,runninghub,options,stored_snapshot:runninghub-{region}.json + runninghub-official-public.json,
discovery,official_public_registry,data/model_capabilities/snapshots/runninghub-official-public.json,61b682b097fd,runninghub,,,kling-o3/element,,,runninghub-kling-o3,,1,kling-o3-element,multimodal_to_video,video_generation,"video,min=1,async",,official_schema,ready,True,provider_local,,not_implemented,runninghub,elementDescription|elementName|referenceType|tagList,stored_snapshot:runninghub-{region}.json + runninghub-official-public.json,
discovery,official_public_registry,data/model_capabilities/snapshots/runninghub-official-public.json,61b682b097fd,runninghub,,,kling-lip-sync/lip-sync-video,,,runninghub-kling-lip-sync-lip-sync-video,,1,kling-lip-sync-lip-sync-video,lip_sync,video_generation,"video,min=1,async",,official_schema,ready,True,provider_local,,not_implemented,runninghub,audioId|faceId|originalAudioVolume|sessionId|soundEndTime|soundInsertTime|soundStartTime|soundVolume,stored_snapshot:runninghub-{region}.json + runninghub-official-public.json,
discovery,official_public_registry,data/model_capabilities/snapshots/runninghub-official-public.json,61b682b097fd,runninghub,,,kling-v2-ai-avatar-pro/image-audio-to-video,,,runninghub-kling-v2-ai-avatar-pro-image-audio-to-video,,1,kling-v2-ai-avatar-pro-image-audio-to-video,avatar_video,video_generation,"video,min=1,async",,official_schema,ready,True,provider_local,,not_implemented,runninghub,,stored_snapshot:runninghub-{region}.json + runninghub-official-public.json,NO_PARAMETER_FIELDS
discovery,official_public_registry,data/model_capabilities/snapshots/runninghub-official-public.json,61b682b097fd,runninghub,,,kling-v2-ai-avatar-standard/image-audio-to-video,,,runninghub-kling-v2-ai-avatar-standard-image-audio-to-video,,1,kling-v2-ai-avatar-standard-image-audio-to-video,avatar_video,video_generation,"video,min=1,async",,official_schema,ready,True,provider_local,,not_implemented,runninghub,,stored_snapshot:runninghub-{region}.json + runninghub-official-public.json,NO_PARAMETER_FIELDS
discovery,official_public_registry,data/model_capabilities/snapshots/runninghub-official-public.json,61b682b097fd,runninghub,,,kling-v2.5-turbo-pro/image-to-video,,,runninghub-kling-2.5,,1,kling-v2.5-turbo-pro-image-to-video,image_to_video,video_generation,"video,min=1,async",,official_schema,ready,True,provider_local,,not_implemented,runninghub,duration|guidanceScale|negativePrompt,stored_snapshot:runninghub-{region}.json + runninghub-official-public.json,
discovery,official_public_registry,data/model_capabilities/snapshots/runninghub-official-public.json,61b682b097fd,runninghub,,,kling-v2.5-turbo-pro/text-to-video,,,runninghub-kling-2.5,,1,kling-v2.5-turbo-pro-text-to-video,text_to_video,video_generation,"video,min=1,async",,official_schema,ready,True,provider_local,,not_implemented,runninghub,aspect_ratio|duration|guidanceScale|negativePrompt,stored_snapshot:runninghub-{region}.json + runninghub-official-public.json,
discovery,official_public_registry,data/model_capabilities/snapshots/runninghub-official-public.json,61b682b097fd,runninghub,,,kling-v2.5-turbo-std/image-to-video,,,runninghub-kling-2.5,,1,kling-v2.5-turbo-std-image-to-video,image_to_video,video_generation,"video,min=1,async",,official_schema,ready,True,provider_local,,not_implemented,runninghub,duration|guidanceScale|negativePrompt,stored_snapshot:runninghub-{region}.json + runninghub-official-public.json,
discovery,official_public_registry,data/model_capabilities/snapshots/runninghub-official-public.json,61b682b097fd,runninghub,,,kling-v2.5-turbo-std/text-to-video,,,runninghub-kling-2.5,,1,kling-v2.5-turbo-std-text-to-video,text_to_video,video_generation,"video,min=1,async",,official_schema,ready,True,provider_local,,not_implemented,runninghub,aspect_ratio|duration|guidanceScale|negativePrompt,stored_snapshot:runninghub-{region}.json + runninghub-official-public.json,
discovery,official_public_registry,data/model_capabilities/snapshots/runninghub-official-public.json,61b682b097fd,runninghub,,,kling-v2.6-pro-image-to-video,,,runninghub-kling-2.6,,1,kling-v2.6-pro-image-to-video,image_to_video,video_generation,"video,min=1,async",,official_schema,ready,True,provider_local,,not_implemented,runninghub,duration|negativePrompt|sound,stored_snapshot:runninghub-{region}.json + runninghub-official-public.json,
discovery,official_public_registry,data/model_capabilities/snapshots/runninghub-official-public.json,61b682b097fd,runninghub,,,kling-v2.6-pro-motion-control,,,runninghub-kling-2.6,,1,kling-v2.6-pro-motion-control,motion_control,video_generation,"video,min=1,async",,official_schema,ready,True,provider_local,,not_implemented,runninghub,characterOrientation|keepOriginalSound,stored_snapshot:runninghub-{region}.json + runninghub-official-public.json,
discovery,official_public_registry,data/model_capabilities/snapshots/runninghub-official-public.json,61b682b097fd,runninghub,,,kling-v2.6-pro-text-to-video,,,runninghub-kling-2.6,,1,kling-v2.6-pro-text-to-video,text_to_video,video_generation,"video,min=1,async",,official_schema,ready,True,provider_local,,not_implemented,runninghub,aspect_ratio|duration|negativePrompt|sound,stored_snapshot:runninghub-{region}.json + runninghub-official-public.json,
discovery,official_public_registry,data/model_capabilities/snapshots/runninghub-official-public.json,61b682b097fd,runninghub,,,kling-v2.6-std-image-to-video,,,runninghub-kling-2.6,,1,kling-v2.6-std-image-to-video,image_to_video,video_generation,"video,min=1,async",,official_schema,ready,True,provider_local,,not_implemented,runninghub,duration|negativePrompt,stored_snapshot:runninghub-{region}.json + runninghub-official-public.json,
discovery,official_public_registry,data/model_capabilities/snapshots/runninghub-official-public.json,61b682b097fd,runninghub,,,kling-v2.6-std-motion-control,,,runninghub-kling-2.6,,1,kling-v2.6-std-motion-control,motion_control,video_generation,"video,min=1,async",,official_schema,ready,True,provider_local,,not_implemented,runninghub,characterOrientation|keepOriginalSound,stored_snapshot:runninghub-{region}.json + runninghub-official-public.json,
discovery,official_public_registry,data/model_capabilities/snapshots/runninghub-official-public.json,61b682b097fd,runninghub,,,kling-v2.6-std-text-to-video,,,runninghub-kling-2.6,,1,kling-v2.6-std-text-to-video,text_to_video,video_generation,"video,min=1,async",,official_schema,ready,True,provider_local,,not_implemented,runninghub,aspect_ratio|duration|negativePrompt,stored_snapshot:runninghub-{region}.json + runninghub-official-public.json,
discovery,official_public_registry,data/model_capabilities/snapshots/runninghub-official-public.json,61b682b097fd,runninghub,,,kling-v3.0-4k-image-to-video,,,runninghub-kling-3.0,,1,kling-v3.0-4k-image-to-video,image_to_video,video_generation,"video,min=1,async",,official_schema,ready,True,provider_local,,not_implemented,runninghub,cfgScale|duration|multiShot|negativePrompt|shotType|sound,stored_snapshot:runninghub-{region}.json + runninghub-official-public.json,
discovery,official_public_registry,data/model_capabilities/snapshots/runninghub-official-public.json,61b682b097fd,runninghub,,,kling-v3-4k-text-to-video,,,runninghub-kling-3.0,,1,kling-v3-4k-text-to-video,text_to_video,video_generation,"video,min=1,async",,official_schema,ready,True,provider_local,,not_implemented,runninghub,aspect_ratio|cfgScale|duration|multiShot|negativePrompt|shotType|sound,stored_snapshot:runninghub-{region}.json + runninghub-official-public.json,
discovery,official_public_registry,data/model_capabilities/snapshots/runninghub-official-public.json,61b682b097fd,runninghub,,,kling-v3-turbo-pro-image-to-video,,,runninghub-kling-3.0,,1,kling-v3-turbo-pro-image-to-video,image_to_video,video_generation,"video,min=1,async",,official_schema,ready,True,provider_local,,not_implemented,runninghub,duration,stored_snapshot:runninghub-{region}.json + runninghub-official-public.json,
discovery,official_public_registry,data/model_capabilities/snapshots/runninghub-official-public.json,61b682b097fd,runninghub,,,kling-v3-turbo-pro-text-to-video,,,runninghub-kling-3.0,,1,kling-v3-turbo-pro-text-to-video,text_to_video,video_generation,"video,min=1,async",,official_schema,ready,True,provider_local,,not_implemented,runninghub,aspect_ratio|duration,stored_snapshot:runninghub-{region}.json + runninghub-official-public.json,
discovery,official_public_registry,data/model_capabilities/snapshots/runninghub-official-public.json,61b682b097fd,runninghub,,,kling-v3-turbo-std-image-to-video,,,runninghub-kling-3.0,,1,kling-v3-turbo-std-image-to-video,image_to_video,video_generation,"video,min=1,async",,official_schema,ready,True,provider_local,,not_implemented,runninghub,duration,stored_snapshot:runninghub-{region}.json + runninghub-official-public.json,
discovery,official_public_registry,data/model_capabilities/snapshots/runninghub-official-public.json,61b682b097fd,runninghub,,,kling-v3-turbo-std-text-to-video,,,runninghub-kling-3.0,,1,kling-v3-turbo-std-text-to-video,text_to_video,video_generation,"video,min=1,async",,official_schema,ready,True,provider_local,,not_implemented,runninghub,aspect_ratio|duration,stored_snapshot:runninghub-{region}.json + runninghub-official-public.json,
discovery,official_public_registry,data/model_capabilities/snapshots/runninghub-official-public.json,61b682b097fd,runninghub,,,kling-v3.0-4k-motion-control,,,runninghub-kling-3.0,,1,kling-v3.0-4k-motion-control,motion_control,video_generation,"video,min=1,async",,official_schema,needs_profile,False,provider_local,,not_implemented,runninghub,,stored_snapshot:runninghub-{region}.json + runninghub-official-public.json,PROFILE_UNCONFIRMED|NO_PARAMETER_FIELDS
discovery,official_public_registry,data/model_capabilities/snapshots/runninghub-official-public.json,61b682b097fd,runninghub,,,kling-v3.0-pro-image-to-video,,,runninghub-kling-3.0,,1,kling-v3.0-pro-image-to-video,image_to_video,video_generation,"video,min=1,async",,official_schema,ready,True,provider_local,,not_implemented,runninghub,cfgScale|duration|multiShot|negativePrompt|shotType|sound,stored_snapshot:runninghub-{region}.json + runninghub-official-public.json,
discovery,official_public_registry,data/model_capabilities/snapshots/runninghub-official-public.json,61b682b097fd,runninghub,,,kling-v3.0-pro-motion-control,,,runninghub-kling-3.0,,1,kling-v3.0-pro-motion-control,motion_control,video_generation,"video,min=1,async",,official_schema,ready,True,provider_local,,not_implemented,runninghub,characterOrientation|keepOriginalSound|negativePrompt,stored_snapshot:runninghub-{region}.json + runninghub-official-public.json,
discovery,official_public_registry,data/model_capabilities/snapshots/runninghub-official-public.json,61b682b097fd,runninghub,,,kling-v3.0-pro-text-to-video,,,runninghub-kling-3.0,,1,kling-v3.0-pro-text-to-video,text_to_video,video_generation,"video,min=1,async",,official_schema,ready,True,provider_local,,not_implemented,runninghub,aspect_ratio|cfgScale|duration|multiShot|negativePrompt|shotType|sound,stored_snapshot:runninghub-{region}.json + runninghub-official-public.json,
discovery,official_public_registry,data/model_capabilities/snapshots/runninghub-official-public.json,61b682b097fd,runninghub,,,kling-v3.0-std-image-to-video,,,runninghub-kling-3.0,,1,kling-v3.0-std-image-to-video,image_to_video,video_generation,"video,min=1,async",,official_schema,ready,True,provider_local,,not_implemented,runninghub,cfgScale|duration|multiShot|negativePrompt|shotType|sound,stored_snapshot:runninghub-{region}.json + runninghub-official-public.json,
discovery,official_public_registry,data/model_capabilities/snapshots/runninghub-official-public.json,61b682b097fd,runninghub,,,kling-v3.0-std-motion-control,,,runninghub-kling-3.0,,1,kling-v3.0-std-motion-control,motion_control,video_generation,"video,min=1,async",,official_schema,ready,True,provider_local,,not_implemented,runninghub,characterOrientation|keepOriginalSound|negativePrompt,stored_snapshot:runninghub-{region}.json + runninghub-official-public.json,
discovery,official_public_registry,data/model_capabilities/snapshots/runninghub-official-public.json,61b682b097fd,runninghub,,,kling-v3.0-std-text-to-video,,,runninghub-kling-3.0,,1,kling-v3.0-std-text-to-video,text_to_video,video_generation,"video,min=1,async",,official_schema,ready,True,provider_local,,not_implemented,runninghub,aspect_ratio|cfgScale|duration|multiShot|negativePrompt|shotType|sound,stored_snapshot:runninghub-{region}.json + runninghub-official-public.json,
discovery,official_public_registry,data/model_capabilities/snapshots/runninghub-official-public.json,61b682b097fd,runninghub,,,kling-video-o1-std/edit-video,,,runninghub-kling-o1,,1,kling-video-o1-std-edit-video,video_to_video,video_generation,"video,min=1,async",,official_schema,ready,True,provider_local,,not_implemented,runninghub,keepOriginalSound|mode,stored_snapshot:runninghub-{region}.json + runninghub-official-public.json,
discovery,official_public_registry,data/model_capabilities/snapshots/runninghub-official-public.json,61b682b097fd,runninghub,,,kling-video-o1-std/refrence-to-video,,,runninghub-kling-o1,,1,kling-video-o1-std-refrence-to-video,multimodal_to_video,video_generation,"video,min=1,async",,official_schema,ready,True,provider_local,,not_implemented,runninghub,aspect_ratio|duration|keepOriginalSound|mode,stored_snapshot:runninghub-{region}.json + runninghub-official-public.json,
discovery,official_public_registry,data/model_capabilities/snapshots/runninghub-official-public.json,61b682b097fd,runninghub,,,kling-video-o1/image-to-video,,,runninghub-kling-o1,,1,kling-video-o1-image-to-video,image_to_video,video_generation,"video,min=1,async",,official_schema,ready,True,provider_local,,not_implemented,runninghub,aspect_ratio|duration|mode,stored_snapshot:runninghub-{region}.json + runninghub-official-public.json,
discovery,official_public_registry,data/model_capabilities/snapshots/runninghub-official-public.json,61b682b097fd,runninghub,,,kling-video-o1/start-to-end,,,runninghub-kling-o1,,1,kling-video-o1-start-to-end,image_to_video,video_generation,"video,min=1,async",,official_schema,ready,True,provider_local,,not_implemented,runninghub,aspect_ratio|duration|mode,stored_snapshot:runninghub-{region}.json + runninghub-official-public.json,
discovery,official_public_registry,data/model_capabilities/snapshots/runninghub-official-public.json,61b682b097fd,runninghub,,,kling-video-o1/text-to-video,,,runninghub-kling-o1,,1,kling-video-o1-text-to-video,text_to_video,video_generation,"video,min=1,async",,official_schema,ready,True,provider_local,,not_implemented,runninghub,aspect_ratio|duration|mode,stored_snapshot:runninghub-{region}.json + runninghub-official-public.json,
discovery,official_public_registry,data/model_capabilities/snapshots/runninghub-official-public.json,61b682b097fd,runninghub,,,kling-video-o3-4k-image-to-video,,,runninghub-kling-o3,,1,kling-video-o3-4k-image-to-video,image_to_video,video_generation,"video,min=1,async",,official_schema,ready,True,provider_local,,not_implemented,runninghub,duration|multiShot|shotType|sound,stored_snapshot:runninghub-{region}.json + runninghub-official-public.json,
discovery,official_public_registry,data/model_capabilities/snapshots/runninghub-official-public.json,61b682b097fd,runninghub,,,kling-video-o3-4k-reference-to-video,,,runninghub-kling-o3,,1,kling-video-o3-4k-reference-to-video,image_to_video,video_generation,"video,min=1,async",,official_schema,ready,True,provider_local,,not_implemented,runninghub,aspect_ratio|duration|keepOriginalSound|multiShot|shotType|sound,stored_snapshot:runninghub-{region}.json + runninghub-official-public.json,
discovery,official_public_registry,data/model_capabilities/snapshots/runninghub-official-public.json,61b682b097fd,runninghub,,,kling-video-o3-4k-text-to-video,,,runninghub-kling-o3,,1,kling-video-o3-4k-text-to-video,text_to_video,video_generation,"video,min=1,async",,official_schema,ready,True,provider_local,,not_implemented,runninghub,aspect_ratio|duration|multiShot|shotType|sound,stored_snapshot:runninghub-{region}.json + runninghub-official-public.json,
discovery,official_public_registry,data/model_capabilities/snapshots/runninghub-official-public.json,61b682b097fd,runninghub,,,kling-video-o3-pro-image-to-video,,,runninghub-kling-o3,,1,kling-video-o3-pro-image-to-video,image_to_video,video_generation,"video,min=1,async",,official_schema,ready,True,provider_local,,not_implemented,runninghub,duration|multiShot|shotType|sound,stored_snapshot:runninghub-{region}.json + runninghub-official-public.json,
discovery,official_public_registry,data/model_capabilities/snapshots/runninghub-official-public.json,61b682b097fd,runninghub,,,kling-video-o3-pro/reference-to-video,,,runninghub-kling-o3,,1,kling-video-o3-pro-reference-to-video,multimodal_to_video,video_generation,"video,min=1,async",,official_schema,ready,True,provider_local,,not_implemented,runninghub,aspect_ratio|duration|keepOriginalSound|multiShot|shotType|sound,stored_snapshot:runninghub-{region}.json + runninghub-official-public.json,
discovery,official_public_registry,data/model_capabilities/snapshots/runninghub-official-public.json,61b682b097fd,runninghub,,,kling-video-o3-pro-text-to-video,,,runninghub-kling-o3,,1,kling-video-o3-pro-text-to-video,text_to_video,video_generation,"video,min=1,async",,official_schema,ready,True,provider_local,,not_implemented,runninghub,aspect_ratio|duration|multiShot|shotType|sound,stored_snapshot:runninghub-{region}.json + runninghub-official-public.json,
discovery,official_public_registry,data/model_capabilities/snapshots/runninghub-official-public.json,61b682b097fd,runninghub,,,kling-video-o3-pro/video-edit,,,runninghub-kling-o3,,1,kling-video-o3-pro-video-edit,video_to_video,video_generation,"video,min=1,async",,official_schema,ready,True,provider_local,,not_implemented,runninghub,keepOriginalSound,stored_snapshot:runninghub-{region}.json + runninghub-official-public.json,
discovery,official_public_registry,data/model_capabilities/snapshots/runninghub-official-public.json,61b682b097fd,runninghub,,,kling-video-o3-std-image-to-video,,,runninghub-kling-o3,,1,kling-video-o3-std-image-to-video,image_to_video,video_generation,"video,min=1,async",,official_schema,ready,True,provider_local,,not_implemented,runninghub,duration|multiShot|shotType|sound,stored_snapshot:runninghub-{region}.json + runninghub-official-public.json,
discovery,official_public_registry,data/model_capabilities/snapshots/runninghub-official-public.json,61b682b097fd,runninghub,,,kling-video-o3-std/reference-to-video,,,runninghub-kling-o3,,1,kling-video-o3-std-reference-to-video,multimodal_to_video,video_generation,"video,min=1,async",,official_schema,ready,True,provider_local,,not_implemented,runninghub,aspect_ratio|duration|keepOriginalSound|multiShot|shotType|sound,stored_snapshot:runninghub-{region}.json + runninghub-official-public.json,
discovery,official_public_registry,data/model_capabilities/snapshots/runninghub-official-public.json,61b682b097fd,runninghub,,,kling-video-o3-std-text-to-video,,,runninghub-kling-o3,,1,kling-video-o3-std-text-to-video,text_to_video,video_generation,"video,min=1,async",,official_schema,ready,True,provider_local,,not_implemented,runninghub,aspect_ratio|duration|multiShot|shotType|sound,stored_snapshot:runninghub-{region}.json + runninghub-official-public.json,
discovery,official_public_registry,data/model_capabilities/snapshots/runninghub-official-public.json,61b682b097fd,runninghub,,,kling-video-o3-std/video-edit,,,runninghub-kling-o3,,1,kling-video-o3-std-video-edit,video_to_video,video_generation,"video,min=1,async",,official_schema,ready,True,provider_local,,not_implemented,runninghub,keepOriginalSound,stored_snapshot:runninghub-{region}.json + runninghub-official-public.json,
discovery,official_public_registry,data/model_capabilities/snapshots/runninghub-official-public.json,61b682b097fd,runninghub,,,marble-1.0/video-to-world,,,runninghub-marble-1.0-video-to-world,,1,marble-1.0-video-to-world,text_to_video,video_generation,"video,min=1,async",,official_schema,ready,True,provider_local,,not_implemented,runninghub,disableRecaption|displayName|permissionAllowIdAccess|permissionAllowedReaders|permissionAllowedWriters|permissionPublic|seed|tags|textPrompt|videoUrl,stored_snapshot:runninghub-{region}.json + runninghub-official-public.json,
discovery,official_public_registry,data/model_capabilities/snapshots/runninghub-official-public.json,61b682b097fd,runninghub,,,marble-1.1-plus/video-to-world,,,runninghub-marble-1.1-plus-video-to-world,,1,marble-1.1-plus-video-to-world,text_to_video,video_generation,"video,min=1,async",,official_schema,ready,True,provider_local,,not_implemented,runninghub,disableRecaption|displayName|permissionAllowIdAccess|permissionAllowedReaders|permissionAllowedWriters|permissionPublic|seed|tags|textPrompt|videoUrl,stored_snapshot:runninghub-{region}.json + runninghub-official-public.json,
discovery,official_public_registry,data/model_capabilities/snapshots/runninghub-official-public.json,61b682b097fd,runninghub,,,marble-1.1/video-to-world,,,runninghub-marble-1.1-video-to-world,,1,marble-1.1-video-to-world,text_to_video,video_generation,"video,min=1,async",,official_schema,ready,True,provider_local,,not_implemented,runninghub,disableRecaption|displayName|permissionAllowIdAccess|permissionAllowedReaders|permissionAllowedWriters|permissionPublic|seed|tags|textPrompt|videoUrl,stored_snapshot:runninghub-{region}.json + runninghub-official-public.json,
discovery,official_public_registry,data/model_capabilities/snapshots/runninghub-official-public.json,61b682b097fd,runninghub,,,hailuo-02-fast,,,runninghub-hailuo-02,,1,hailuo-02-fast,image_to_video,video_generation,"video,min=1,async",,official_schema,ready,True,provider_local,,not_implemented,runninghub,duration|enablePromptExpansion,stored_snapshot:runninghub-{region}.json + runninghub-official-public.json,
discovery,official_public_registry,data/model_capabilities/snapshots/runninghub-official-public.json,61b682b097fd,runninghub,,,hailuo-02-i2v-pro,,,runninghub-hailuo-02,,1,hailuo-02-i2v-pro,image_to_video,video_generation,"video,min=1,async",,official_schema,ready,True,provider_local,,not_implemented,runninghub,enablePromptExpansion,stored_snapshot:runninghub-{region}.json + runninghub-official-public.json,
discovery,official_public_registry,data/model_capabilities/snapshots/runninghub-official-public.json,61b682b097fd,runninghub,,,hailuo-02-i2v-standard,,,runninghub-hailuo-02,,1,hailuo-02-i2v-standard,image_to_video,video_generation,"video,min=1,async",,official_schema,ready,True,provider_local,,not_implemented,runninghub,duration|enablePromptExpansion,stored_snapshot:runninghub-{region}.json + runninghub-official-public.json,
discovery,official_public_registry,data/model_capabilities/snapshots/runninghub-official-public.json,61b682b097fd,runninghub,,,hailuo-02-pro,,,runninghub-hailuo-02,,1,hailuo-02-pro,image_to_video,video_generation,"video,min=1,async",,official_schema,ready,True,provider_local,,not_implemented,runninghub,duration|enablePromptExpansion,stored_snapshot:runninghub-{region}.json + runninghub-official-public.json,
discovery,official_public_registry,data/model_capabilities/snapshots/runninghub-official-public.json,61b682b097fd,runninghub,,,hailuo-02-standard,,,runninghub-hailuo-02,,1,hailuo-02-standard,image_to_video,video_generation,"video,min=1,async",,official_schema,ready,True,provider_local,,not_implemented,runninghub,duration|enablePromptExpansion,stored_snapshot:runninghub-{region}.json + runninghub-official-public.json,
discovery,official_public_registry,data/model_capabilities/snapshots/runninghub-official-public.json,61b682b097fd,runninghub,,,hailuo-02-t2v-pro,,,runninghub-hailuo-02,,1,hailuo-02-t2v-pro,text_to_video,video_generation,"video,min=1,async",,official_schema,ready,True,provider_local,,not_implemented,runninghub,enablePromptExpansion,stored_snapshot:runninghub-{region}.json + runninghub-official-public.json,
discovery,official_public_registry,data/model_capabilities/snapshots/runninghub-official-public.json,61b682b097fd,runninghub,,,hailuo-02-t2v-standard,,,runninghub-hailuo-02,,1,hailuo-02-t2v-standard,text_to_video,video_generation,"video,min=1,async",,official_schema,ready,True,provider_local,,not_implemented,runninghub,duration|enablePromptExpansion,stored_snapshot:runninghub-{region}.json + runninghub-official-public.json,
discovery,official_public_registry,data/model_capabilities/snapshots/runninghub-official-public.json,61b682b097fd,runninghub,,,hailuo-2.3-fast-pro/image-to-video,,,runninghub-hailuo-2.3,,1,hailuo-2.3-fast-pro-image-to-video,image_to_video,video_generation,"video,min=1,async",,official_schema,ready,True,provider_local,,not_implemented,runninghub,duration|enablePromptExpansion,stored_snapshot:runninghub-{region}.json + runninghub-official-public.json,
discovery,official_public_registry,data/model_capabilities/snapshots/runninghub-official-public.json,61b682b097fd,runninghub,,,hailuo-2.3-fast/image-to-video,,,runninghub-hailuo-2.3,,1,hailuo-2.3-fast-image-to-video,image_to_video,video_generation,"video,min=1,async",,official_schema,ready,True,provider_local,,not_implemented,runninghub,duration|enablePromptExpansion,stored_snapshot:runninghub-{region}.json + runninghub-official-public.json,
discovery,official_public_registry,data/model_capabilities/snapshots/runninghub-official-public.json,61b682b097fd,runninghub,,,hailuo-2.3/i2v-standard,,,runninghub-hailuo-2.3,,1,hailuo-2.3-i2v-standard,image_to_video,video_generation,"video,min=1,async",,official_schema,ready,True,provider_local,,not_implemented,runninghub,duration|enablePromptExpansion,stored_snapshot:runninghub-{region}.json + runninghub-official-public.json,
discovery,official_public_registry,data/model_capabilities/snapshots/runninghub-official-public.json,61b682b097fd,runninghub,,,hailuo-2.3/i2v-pro,,,runninghub-hailuo-2.3,,1,hailuo-2.3-i2v-pro,image_to_video,video_generation,"video,min=1,async",,official_schema,ready,True,provider_local,,not_implemented,runninghub,enablePromptExpansion,stored_snapshot:runninghub-{region}.json + runninghub-official-public.json,
discovery,official_public_registry,data/model_capabilities/snapshots/runninghub-official-public.json,61b682b097fd,runninghub,,,hailuo-2.3-t2v-pro,,,runninghub-hailuo-2.3,,1,hailuo-2.3-t2v-pro,text_to_video,video_generation,"video,min=1,async",,official_schema,ready,True,provider_local,,not_implemented,runninghub,enablePromptExpansion,stored_snapshot:runninghub-{region}.json + runninghub-official-public.json,
discovery,official_public_registry,data/model_capabilities/snapshots/runninghub-official-public.json,61b682b097fd,runninghub,,,hailuo-2.3-t2v-standard,,,runninghub-hailuo-2.3,,1,hailuo-2.3-t2v-standard,text_to_video,video_generation,"video,min=1,async",,official_schema,ready,True,provider_local,,not_implemented,runninghub,duration|enablePromptExpansion,stored_snapshot:runninghub-{region}.json + runninghub-official-public.json,
discovery,official_public_registry,data/model_capabilities/snapshots/runninghub-official-public.json,61b682b097fd,runninghub,,,pixverse-c1/image-to-video,,,runninghub-pixverse-c1,,1,pixverse-c1-image-to-video,image_to_video,video_generation,"video,min=1,async",,official_schema,ready,True,provider_local,,not_implemented,runninghub,duration|generateAudioSwitch|resolution,stored_snapshot:runninghub-{region}.json + runninghub-official-public.json,
discovery,official_public_registry,data/model_capabilities/snapshots/runninghub-official-public.json,61b682b097fd,runninghub,,,pixverse-c1/reference-to-video,,,runninghub-pixverse-c1,,1,pixverse-c1-reference-to-video,text_to_video,video_generation,"video,min=1,async",,official_schema,ready,True,provider_local,,not_implemented,runninghub,aspect_ratio|duration|generateAudioSwitch|resolution|seed,stored_snapshot:runninghub-{region}.json + runninghub-official-public.json,
discovery,official_public_registry,data/model_capabilities/snapshots/runninghub-official-public.json,61b682b097fd,runninghub,,,pixverse-c1/text-to-video,,,runninghub-pixverse-c1,,1,pixverse-c1-text-to-video,text_to_video,video_generation,"video,min=1,async",,official_schema,ready,True,provider_local,,not_implemented,runninghub,aspect_ratio|duration|generateAudioSwitch|resolution,stored_snapshot:runninghub-{region}.json + runninghub-official-public.json,
discovery,official_public_registry,data/model_capabilities/snapshots/runninghub-official-public.json,61b682b097fd,runninghub,,,pixverse-c1/transition,,,runninghub-pixverse-c1,,1,pixverse-c1-transition,video_transition,video_generation,"video,min=1,async",,official_schema,ready,True,provider_local,,not_implemented,runninghub,aspect_ratio|duration|generateAudioSwitch|resolution,stored_snapshot:runninghub-{region}.json + runninghub-official-public.json,
discovery,official_public_registry,data/model_capabilities/snapshots/runninghub-official-public.json,61b682b097fd,runninghub,,,pixverse-v5.5-effects,,,runninghub-pixverse-v5.5,,1,pixverse-v5.5-effects,video_effects,video_generation,"video,min=1,async",,official_schema,ready,True,provider_local,,not_implemented,runninghub,duration|effect|negativePrompt|resolution|thinkingType,stored_snapshot:runninghub-{region}.json + runninghub-official-public.json,
discovery,official_public_registry,data/model_capabilities/snapshots/runninghub-official-public.json,61b682b097fd,runninghub,,,pixverse-v5.5-transition,,,runninghub-pixverse-v5.5,,1,pixverse-v5.5-transition,video_transition,video_generation,"video,min=1,async",,official_schema,ready,True,provider_local,,not_implemented,runninghub,aspect_ratio|duration|negativePrompt|resolution|thinkingType,stored_snapshot:runninghub-{region}.json + runninghub-official-public.json,
discovery,official_public_registry,data/model_capabilities/snapshots/runninghub-official-public.json,61b682b097fd,runninghub,,,pixverse-v5.5/image-to-video,,,runninghub-pixverse-v5.5,,1,pixverse-v5.5-image-to-video,image_to_video,video_generation,"video,min=1,async",,official_schema,ready,True,provider_local,,not_implemented,runninghub,duration|generateAudioSwitch|generateMultiClipSwitch|negativePrompt|resolution|thinkingType,stored_snapshot:runninghub-{region}.json + runninghub-official-public.json,
discovery,official_public_registry,data/model_capabilities/snapshots/runninghub-official-public.json,61b682b097fd,runninghub,,,pixverse-v5.5/text-to-video,,,runninghub-pixverse-v5.5,,1,pixverse-v5.5-text-to-video,text_to_video,video_generation,"video,min=1,async",,official_schema,ready,True,provider_local,,not_implemented,runninghub,aspect_ratio|duration|generateAudioSwitch|generateMultiClipSwitch|negativePrompt|resolution|thinkingType,stored_snapshot:runninghub-{region}.json + runninghub-official-public.json,
discovery,official_public_registry,data/model_capabilities/snapshots/runninghub-official-public.json,61b682b097fd,runninghub,,,pixverse-v5.6/image-to-video,,,runninghub-pixverse-v5.6,,1,pixverse-v5.6-image-to-video,image_to_video,video_generation,"video,min=1,async",,official_schema,ready,True,provider_local,,not_implemented,runninghub,duration|generateAudioSwitch|negativePrompt|resolution|thinkingType,stored_snapshot:runninghub-{region}.json + runninghub-official-public.json,
discovery,official_public_registry,data/model_capabilities/snapshots/runninghub-official-public.json,61b682b097fd,runninghub,,,pixverse-v5.6/text-to-video,,,runninghub-pixverse-v5.6,,1,pixverse-v5.6-text-to-video,text_to_video,video_generation,"video,min=1,async",,official_schema,ready,True,provider_local,,not_implemented,runninghub,aspect_ratio|duration|generateAudioSwitch|negativePrompt|resolution|thinkingType,stored_snapshot:runninghub-{region}.json + runninghub-official-public.json,
discovery,official_public_registry,data/model_capabilities/snapshots/runninghub-official-public.json,61b682b097fd,runninghub,,,pixverse-v6/effects,,,runninghub-pixverse-v6,,1,pixverse-v6-effects,video_effects,video_generation,"video,min=1,async",,official_schema,ready,True,provider_local,,not_implemented,runninghub,duration|generateAudioSwitch|motionMode|negativePrompt|quality|seed|templateId|thinkingType,stored_snapshot:runninghub-{region}.json + runninghub-official-public.json,
discovery,official_public_registry,data/model_capabilities/snapshots/runninghub-official-public.json,61b682b097fd,runninghub,,,pixverse-v6/image-to-video,,,runninghub-pixverse-v6,,1,pixverse-v6-image-to-video,image_to_video,video_generation,"video,min=1,async",,official_schema,ready,True,provider_local,,not_implemented,runninghub,duration|generateAudioSwitch|resolution,stored_snapshot:runninghub-{region}.json + runninghub-official-public.json,
discovery,official_public_registry,data/model_capabilities/snapshots/runninghub-official-public.json,61b682b097fd,runninghub,,,pixverse-v6/text-to-video,,,runninghub-pixverse-v6,,1,pixverse-v6-text-to-video,text_to_video,video_generation,"video,min=1,async",,official_schema,ready,True,provider_local,,not_implemented,runninghub,aspect_ratio|duration|generateAudioSwitch|resolution,stored_snapshot:runninghub-{region}.json + runninghub-official-public.json,
discovery,official_public_registry,data/model_capabilities/snapshots/runninghub-official-public.json,61b682b097fd,runninghub,,,pixverse-v6/transition,,,runninghub-pixverse-v6,,1,pixverse-v6-transition,video_transition,video_generation,"video,min=1,async",,official_schema,ready,True,provider_local,,not_implemented,runninghub,aspect_ratio|duration|generateAudioSwitch|generateMultiClipSwitch|negativePrompt|resolution|seed|style|thinkingType,stored_snapshot:runninghub-{region}.json + runninghub-official-public.json,
discovery,official_public_registry,data/model_capabilities/snapshots/runninghub-official-public.json,61b682b097fd,runninghub,,,xai/grok-imagine/edit-video-official-stable,,,runninghub-xai-grok-imagine,,1,xai-grok-imagine-edit-video-official-stable,video_to_video,video_generation,"video,min=1,async",,official_schema,ready,True,provider_local,,not_implemented,runninghub,resolution,stored_snapshot:runninghub-{region}.json + runninghub-official-public.json,
discovery,official_public_registry,data/model_capabilities/snapshots/runninghub-official-public.json,61b682b097fd,runninghub,,,xai/grok-imagine/image-to-video-official-stable,,,runninghub-xai-grok-imagine,,1,xai-grok-imagine-image-to-video-official-stable,image_to_video,video_generation,"video,min=1,async",,official_schema,ready,True,provider_local,,not_implemented,runninghub,duration|resolution,stored_snapshot:runninghub-{region}.json + runninghub-official-public.json,
discovery,official_public_registry,data/model_capabilities/snapshots/runninghub-official-public.json,61b682b097fd,runninghub,,,xai/grok-imagine-video-v1.5/image-to-video-official-stable,,,runninghub-xai-grok-imagine-video-v1.5,,1,xai-grok-imagine-video-v1.5-image-to-video-official-stable,image_to_video,video_generation,"video,min=1,async",,official_schema,ready,True,provider_local,,not_implemented,runninghub,duration|resolution,stored_snapshot:runninghub-{region}.json + runninghub-official-public.json,
discovery,official_public_registry,data/model_capabilities/snapshots/runninghub-official-public.json,61b682b097fd,runninghub,,,xai/grok-imagine-video/reference-to-video-official-stable,,,runninghub-xai-grok-imagine-video,,1,xai-grok-imagine-video-reference-to-video-official-stable,image_to_video,video_generation,"video,min=1,async",,official_schema,ready,True,provider_local,,not_implemented,runninghub,duration|resolution,stored_snapshot:runninghub-{region}.json + runninghub-official-public.json,
discovery,official_public_registry,data/model_capabilities/snapshots/runninghub-official-public.json,61b682b097fd,runninghub,,,xai/grok-imagine/text-to-video-official-stable,,,runninghub-xai-grok-imagine,,1,xai-grok-imagine-text-to-video-official-stable,text_to_video,video_generation,"video,min=1,async",,official_schema,ready,True,provider_local,,not_implemented,runninghub,aspect_ratio|duration|resolution,stored_snapshot:runninghub-{region}.json + runninghub-official-public.json,
discovery,official_public_registry,data/model_capabilities/snapshots/runninghub-official-public.json,61b682b097fd,runninghub,,,xai/grok-imagine-video/video-extend-official-stable,,,runninghub-xai-grok-imagine-video,,1,xai-grok-imagine-video-video-extend-official-stable,video_extend,video_generation,"video,min=1,async",,official_schema,ready,True,provider_local,,not_implemented,runninghub,duration,stored_snapshot:runninghub-{region}.json + runninghub-official-public.json,
discovery,official_public_registry,data/model_capabilities/snapshots/runninghub-official-public.json,61b682b097fd,runninghub,,,xai/grok-imagine/image-to-video-channel-low-price-v1.5,,,runninghub-xai-grok-imagine,,1,xai-grok-imagine-image-to-video-channel-low-price-v1.5,image_to_video,video_generation,"video,min=1,async",,official_schema,ready,True,provider_local,,not_implemented,runninghub,aspect_ratio|duration|resolution,stored_snapshot:runninghub-{region}.json + runninghub-official-public.json,
discovery,official_public_registry,data/model_capabilities/snapshots/runninghub-official-public.json,61b682b097fd,runninghub,,,xai/grok-imagine/text-to-video-channel-low-price-v1.5,,,runninghub-xai-grok-imagine,,1,xai-grok-imagine-text-to-video-channel-low-price-v1.5,text_to_video,video_generation,"video,min=1,async",,official_schema,ready,True,provider_local,,not_implemented,runninghub,aspect_ratio|duration|resolution,stored_snapshot:runninghub-{region}.json + runninghub-official-public.json,
discovery,official_public_registry,data/model_capabilities/snapshots/runninghub-official-public.json,61b682b097fd,runninghub,,,runwayml/gen4-aleph/video-to-video-official-stable,,,runninghub-runwayml-gen4-aleph,,1,runwayml-gen4-aleph-video-to-video-official-stable,video_to_video,video_generation,"video,min=1,async",,official_schema,ready,True,provider_local,,not_implemented,runninghub,aspect_ratio,stored_snapshot:runninghub-{region}.json + runninghub-official-public.json,
discovery,official_public_registry,data/model_capabilities/snapshots/runninghub-official-public.json,61b682b097fd,runninghub,,,runwayml/gen4-turbo/image-to-video-official-stable,,,runninghub-runwayml-gen4-turbo,,1,runwayml-gen4-turbo-image-to-video-official-stable,image_to_video,video_generation,"video,min=1,async",,official_schema,ready,True,provider_local,,not_implemented,runninghub,aspect_ratio|duration,stored_snapshot:runninghub-{region}.json + runninghub-official-public.json,
discovery,official_public_registry,data/model_capabilities/snapshots/runninghub-official-public.json,61b682b097fd,runninghub,,,runwayml/gen4-turbo/image-to-video-channel-low-price,,,runninghub-runwayml-gen4-turbo,,1,runwayml-gen4-turbo-image-to-video-channel-low-price,image_to_video,video_generation,"video,min=1,async",,official_schema,ready,True,provider_local,,not_implemented,runninghub,aspect_ratio|duration,stored_snapshot:runninghub-{region}.json + runninghub-official-public.json,
discovery,official_public_registry,data/model_capabilities/snapshots/runninghub-official-public.json,61b682b097fd,runninghub,,,sora-2/image-to-video-official-stable,,,runninghub-sora-2,,1,sora-2-image-to-video-official-stable,image_to_video,video_generation,"video,min=1,async",,official_schema,ready,True,provider_local,,not_implemented,runninghub,duration,stored_snapshot:runninghub-{region}.json + runninghub-official-public.json,
discovery,official_public_registry,data/model_capabilities/snapshots/runninghub-official-public.json,61b682b097fd,runninghub,,,sora-2/image-to-video-pro-official-stable,,,runninghub-sora-2,,1,sora-2-image-to-video-pro-official-stable,image_to_video,video_generation,"video,min=1,async",,official_schema,ready,True,provider_local,,not_implemented,runninghub,duration|resolution,stored_snapshot:runninghub-{region}.json + runninghub-official-public.json,
discovery,official_public_registry,data/model_capabilities/snapshots/runninghub-official-public.json,61b682b097fd,runninghub,,,sora-2/image-to-video-realistic-official-stable,,,runninghub-sora-2,,1,sora-2-image-to-video-realistic-official-stable,image_to_video,video_generation,"video,min=1,async",,official_schema,ready,True,provider_local,,not_implemented,runninghub,duration,stored_snapshot:runninghub-{region}.json + runninghub-official-public.json,
discovery,official_public_registry,data/model_capabilities/snapshots/runninghub-official-public.json,61b682b097fd,runninghub,,,sora-upload-character-official,,,runninghub-sora-upload-character-official,,1,sora-upload-character-official,multimodal_to_video,video_generation,"video,min=1,async",,official_schema,ready,True,provider_local,,not_implemented,runninghub,name,stored_snapshot:runninghub-{region}.json + runninghub-official-public.json,
discovery,official_public_registry,data/model_capabilities/snapshots/runninghub-official-public.json,61b682b097fd,runninghub,,,sora-2/text-to-video-official-stable,,,runninghub-sora-2,,1,sora-2-text-to-video-official-stable,text_to_video,video_generation,"video,min=1,async",,official_schema,ready,True,provider_local,,not_implemented,runninghub,duration|size,stored_snapshot:runninghub-{region}.json + runninghub-official-public.json,
discovery,official_public_registry,data/model_capabilities/snapshots/runninghub-official-public.json,61b682b097fd,runninghub,,,sora-2/text-to-video-pro-official-stable,,,runninghub-sora-2,,1,sora-2-text-to-video-pro-official-stable,text_to_video,video_generation,"video,min=1,async",,official_schema,ready,True,provider_local,,not_implemented,runninghub,duration|size,stored_snapshot:runninghub-{region}.json + runninghub-official-public.json,
discovery,official_public_registry,data/model_capabilities/snapshots/runninghub-official-public.json,61b682b097fd,runninghub,,,sora-2/image-to-video-channel-low-price,,,runninghub-sora-2,,1,sora-2-image-to-video-channel-low-price,image_to_video,video_generation,"video,min=1,async",,official_schema,ready,True,provider_local,,not_implemented,runninghub,aspect_ratio|duration|storyboard,stored_snapshot:runninghub-{region}.json + runninghub-official-public.json,
discovery,official_public_registry,data/model_capabilities/snapshots/runninghub-official-public.json,61b682b097fd,runninghub,,,sora-2/image-to-video-asyn-channel-low-price,,,runninghub-sora-2,,1,sora-2-image-to-video-asyn-channel-low-price,image_to_video,video_generation,"video,min=1,async",,official_schema,ready,True,provider_local,,not_implemented,runninghub,aspect_ratio|duration,stored_snapshot:runninghub-{region}.json + runninghub-official-public.json,
discovery,official_public_registry,data/model_capabilities/snapshots/runninghub-official-public.json,61b682b097fd,runninghub,,,sora-2/image-to-video-pro-channel-low-price,,,runninghub-sora-2,,1,sora-2-image-to-video-pro-channel-low-price,image_to_video,video_generation,"video,min=1,async",,official_schema,ready,True,provider_local,,not_implemented,runninghub,aspect_ratio|duration|storyboard,stored_snapshot:runninghub-{region}.json + runninghub-official-public.json,
discovery,official_public_registry,data/model_capabilities/snapshots/runninghub-official-public.json,61b682b097fd,runninghub,,,sora-2/text-to-video-channel-low-price,,,runninghub-sora-2,,1,sora-2-text-to-video-channel-low-price,text_to_video,video_generation,"video,min=1,async",,official_schema,ready,True,provider_local,,not_implemented,runninghub,aspect_ratio|duration|storyboard,stored_snapshot:runninghub-{region}.json + runninghub-official-public.json,
discovery,official_public_registry,data/model_capabilities/snapshots/runninghub-official-public.json,61b682b097fd,runninghub,,,sora-2/text-to-video-pro-channel-low-price,,,runninghub-sora-2,,1,sora-2-text-to-video-pro-channel-low-price,text_to_video,video_generation,"video,min=1,async",,official_schema,ready,True,provider_local,,not_implemented,runninghub,aspect_ratio|duration|storyboard,stored_snapshot:runninghub-{region}.json + runninghub-official-public.json,
discovery,official_public_registry,data/model_capabilities/snapshots/runninghub-official-public.json,61b682b097fd,runninghub,,,google/veo3.1-fast/image-to-video-official-stable,,,runninghub-google-veo3.1,,1,google-veo3.1-fast-image-to-video-official-stable,image_to_video,video_generation,"video,min=1,async",,official_schema,ready,True,provider_local,,not_implemented,runninghub,aspect_ratio|duration|generate_audio|negativePrompt|resolution|seed,stored_snapshot:runninghub-{region}.json + runninghub-official-public.json,
discovery,official_public_registry,data/model_capabilities/snapshots/runninghub-official-public.json,61b682b097fd,runninghub,,,google/veo3.1-fast/reference-to-video-official-stable,,,runninghub-google-veo3.1,,1,google-veo3.1-fast-reference-to-video-official-stable,image_to_video,video_generation,"video,min=1,async",,official_schema,ready,True,provider_local,,not_implemented,runninghub,aspect_ratio|generate_audio|negativePrompt|resolution|seed,stored_snapshot:runninghub-{region}.json + runninghub-official-public.json,
discovery,official_public_registry,data/model_capabilities/snapshots/runninghub-official-public.json,61b682b097fd,runninghub,,,google/veo3.1-fast/text-to-video-official-stable,,,runninghub-google-veo3.1,,1,google-veo3.1-fast-text-to-video-official-stable,text_to_video,video_generation,"video,min=1,async",,official_schema,ready,True,provider_local,,not_implemented,runninghub,aspect_ratio|duration|generate_audio|negativePrompt|resolution|seed,stored_snapshot:runninghub-{region}.json + runninghub-official-public.json,
discovery,official_public_registry,data/model_capabilities/snapshots/runninghub-official-public.json,61b682b097fd,runninghub,,,google/veo3.1-fast/video-extend-official-stable,,,runninghub-google-veo3.1,,1,google-veo3.1-fast-video-extend-official-stable,video_extend,video_generation,"video,min=1,async",,official_schema,ready,True,provider_local,,not_implemented,runninghub,negativePrompt|resolution|seed,stored_snapshot:runninghub-{region}.json + runninghub-official-public.json,
discovery,official_public_registry,data/model_capabilities/snapshots/runninghub-official-public.json,61b682b097fd,runninghub,,,google/veo3.1-fast/image-to-video-channel-low-price,,,runninghub-google-veo3.1,,1,google-veo3.1-fast-image-to-video-channel-low-price,image_to_video,video_generation,"video,min=1,async",,official_schema,ready,True,provider_local,,not_implemented,runninghub,aspect_ratio|duration|resolution,stored_snapshot:runninghub-{region}.json + runninghub-official-public.json,
discovery,official_public_registry,data/model_capabilities/snapshots/runninghub-official-public.json,61b682b097fd,runninghub,,,google/veo3.1-fast/start-end-to-video-channel-low-price,,,runninghub-google-veo3.1,,1,google-veo3.1-fast-start-end-to-video-channel-low-price,image_to_video,video_generation,"video,min=1,async",,official_schema,ready,True,provider_local,,not_implemented,runninghub,aspect_ratio|duration|resolution,stored_snapshot:runninghub-{region}.json + runninghub-official-public.json,
discovery,official_public_registry,data/model_capabilities/snapshots/runninghub-official-public.json,61b682b097fd,runninghub,,,google/veo3.1-fast/text-to-video-channel-low-price,,,runninghub-google-veo3.1,,1,google-veo3.1-fast-text-to-video-channel-low-price,text_to_video,video_generation,"video,min=1,async",,official_schema,ready,True,provider_local,,not_implemented,runninghub,aspect_ratio|duration|resolution,stored_snapshot:runninghub-{region}.json + runninghub-official-public.json,
discovery,official_public_registry,data/model_capabilities/snapshots/runninghub-official-public.json,61b682b097fd,runninghub,,,google/veo3.1-lite/image-to-video-official-stable,,,runninghub-google-veo3.1,,1,google-veo3.1-lite-image-to-video-official-stable,image_to_video,video_generation,"video,min=1,async",,official_schema,ready,True,provider_local,,not_implemented,runninghub,aspect_ratio|duration|negativePrompt|resolution|seed,stored_snapshot:runninghub-{region}.json + runninghub-official-public.json,
discovery,official_public_registry,data/model_capabilities/snapshots/runninghub-official-public.json,61b682b097fd,runninghub,,,google/veo3.1-lite/start-end-to-video-official-stable,,,runninghub-google-veo3.1,,1,google-veo3.1-lite-start-end-to-video-official-stable,image_to_video,video_generation,"video,min=1,async",,official_schema,ready,True,provider_local,,not_implemented,runninghub,aspect_ratio|negativePrompt|resolution|seed,stored_snapshot:runninghub-{region}.json + runninghub-official-public.json,
discovery,official_public_registry,data/model_capabilities/snapshots/runninghub-official-public.json,61b682b097fd,runninghub,,,google/veo3.1-lite/text-to-video-official-stable,,,runninghub-google-veo3.1,,1,google-veo3.1-lite-text-to-video-official-stable,text_to_video,video_generation,"video,min=1,async",,official_schema,ready,True,provider_local,,not_implemented,runninghub,aspect_ratio|duration|negativePrompt|resolution|seed,stored_snapshot:runninghub-{region}.json + runninghub-official-public.json,
discovery,official_public_registry,data/model_capabilities/snapshots/runninghub-official-public.json,61b682b097fd,runninghub,,,google/veo3.1-lite/image-to-video-channel-low-price,,,runninghub-google-veo3.1,,1,google-veo3.1-lite-image-to-video-channel-low-price,image_to_video,video_generation,"video,min=1,async",,official_schema,ready,True,provider_local,,not_implemented,runninghub,aspect_ratio|duration|resolution,stored_snapshot:runninghub-{region}.json + runninghub-official-public.json,
discovery,official_public_registry,data/model_capabilities/snapshots/runninghub-official-public.json,61b682b097fd,runninghub,,,google/veo3.1-lite/text-to-video-channel-low-price,,,runninghub-google-veo3.1,,1,google-veo3.1-lite-text-to-video-channel-low-price,text_to_video,video_generation,"video,min=1,async",,official_schema,ready,True,provider_local,,not_implemented,runninghub,aspect_ratio|duration|resolution,stored_snapshot:runninghub-{region}.json + runninghub-official-public.json,
discovery,official_public_registry,data/model_capabilities/snapshots/runninghub-official-public.json,61b682b097fd,runninghub,,,google/veo3.1-pro/image-to-video-official-stable,,,runninghub-google-veo3.1,,1,google-veo3.1-pro-image-to-video-official-stable,image_to_video,video_generation,"video,min=1,async",,official_schema,ready,True,provider_local,,not_implemented,runninghub,aspect_ratio|duration|generate_audio|negativePrompt|resolution|seed,stored_snapshot:runninghub-{region}.json + runninghub-official-public.json,
discovery,official_public_registry,data/model_capabilities/snapshots/runninghub-official-public.json,61b682b097fd,runninghub,,,google/veo3.1-pro/reference-to-video-official-stable,,,runninghub-google-veo3.1,,1,google-veo3.1-pro-reference-to-video-official-stable,image_to_video,video_generation,"video,min=1,async",,official_schema,ready,True,provider_local,,not_implemented,runninghub,generate_audio|negativePrompt|resolution|seed,stored_snapshot:runninghub-{region}.json + runninghub-official-public.json,
discovery,official_public_registry,data/model_capabilities/snapshots/runninghub-official-public.json,61b682b097fd,runninghub,,,google/veo3.1-pro/text-to-video-official-stable,,,runninghub-google-veo3.1,,1,google-veo3.1-pro-text-to-video-official-stable,text_to_video,video_generation,"video,min=1,async",,official_schema,ready,True,provider_local,,not_implemented,runninghub,aspect_ratio|duration|generate_audio|negativePrompt|resolution|seed,stored_snapshot:runninghub-{region}.json + runninghub-official-public.json,
discovery,official_public_registry,data/model_capabilities/snapshots/runninghub-official-public.json,61b682b097fd,runninghub,,,google/veo3.1-pro/video-extend-official-stable,,,runninghub-google-veo3.1,,1,google-veo3.1-pro-video-extend-official-stable,video_extend,video_generation,"video,min=1,async",,official_schema,ready,True,provider_local,,not_implemented,runninghub,negativePrompt|resolution|seed,stored_snapshot:runninghub-{region}.json + runninghub-official-public.json,
discovery,official_public_registry,data/model_capabilities/snapshots/runninghub-official-public.json,61b682b097fd,runninghub,,,google/veo3.1-pro/image-to-video-channel-low-price,,,runninghub-google-veo3.1,,1,google-veo3.1-pro-image-to-video-channel-low-price,image_to_video,video_generation,"video,min=1,async",,official_schema,ready,True,provider_local,,not_implemented,runninghub,aspect_ratio|duration|resolution,stored_snapshot:runninghub-{region}.json + runninghub-official-public.json,
discovery,official_public_registry,data/model_capabilities/snapshots/runninghub-official-public.json,61b682b097fd,runninghub,,,google/veo3.1-pro/start-end-to-video-channel-low-price,,,runninghub-google-veo3.1,,1,google-veo3.1-pro-start-end-to-video-channel-low-price,image_to_video,video_generation,"video,min=1,async",,official_schema,ready,True,provider_local,,not_implemented,runninghub,aspect_ratio|duration|resolution,stored_snapshot:runninghub-{region}.json + runninghub-official-public.json,
discovery,official_public_registry,data/model_capabilities/snapshots/runninghub-official-public.json,61b682b097fd,runninghub,,,google/veo3.1-pro/text-to-video-channel-low-price,,,runninghub-google-veo3.1,,1,google-veo3.1-pro-text-to-video-channel-low-price,text_to_video,video_generation,"video,min=1,async",,official_schema,ready,True,provider_local,,not_implemented,runninghub,aspect_ratio|duration|resolution,stored_snapshot:runninghub-{region}.json + runninghub-official-public.json,
discovery,official_public_registry,data/model_capabilities/snapshots/runninghub-official-public.json,61b682b097fd,runninghub,,,ltx-2-19b/text-to-video-lora,,,runninghub-ltx-2-19b,,1,ltx-2-19b-text-to-video-lora,text_to_video,video_generation,"video,min=1,async",,official_schema,needs_profile,False,provider_local,,not_implemented,runninghub,,stored_snapshot:runninghub-{region}.json + runninghub-official-public.json,PROFILE_UNCONFIRMED|NO_PARAMETER_FIELDS
discovery,official_public_registry,data/model_capabilities/snapshots/runninghub-official-public.json,61b682b097fd,runninghub,,,Seedance2.0 Fast Image to Video,,,runninghub-seedance-2.0,,1,seedance2.0-fast-image-to-video,image_to_video,video_generation,"video,min=1,async",,official_schema,ready,True,provider_local,,not_implemented,runninghub,aspect_ratio|duration|generate_audio|resolution|return_last_frame,stored_snapshot:runninghub-{region}.json + runninghub-official-public.json,
discovery,official_public_registry,data/model_capabilities/snapshots/runninghub-official-public.json,61b682b097fd,runninghub,,,Seedance2.0 Fast Multimodal Video,,,runninghub-seedance-2.0,,1,seedance2.0-fast-multimodal-video,multimodal_to_video,video_generation,"video,min=1,async",,official_schema,ready,True,provider_local,,not_implemented,runninghub,aspect_ratio|duration|generate_audio|resolution|return_last_frame,stored_snapshot:runninghub-{region}.json + runninghub-official-public.json,
discovery,official_public_registry,data/model_capabilities/snapshots/runninghub-official-public.json,61b682b097fd,runninghub,,,Seedance2.0 Fast Text to Video,,,runninghub-seedance-2.0,,1,seedance2.0-fast-text-to-video,text_to_video,video_generation,"video,min=1,async",,official_schema,ready,True,provider_local,,not_implemented,runninghub,aspect_ratio|duration|generate_audio|resolution|return_last_frame|webSearch,stored_snapshot:runninghub-{region}.json + runninghub-official-public.json,
discovery,official_public_registry,data/model_capabilities/snapshots/runninghub-official-public.json,61b682b097fd,runninghub,,,seedance-2.0-mini/image-to-video,,,runninghub-seedance-2.0,,1,seedance-2.0-mini-image-to-video,image_to_video,video_generation,"video,min=1,async",,official_schema,ready,True,provider_local,,not_implemented,runninghub,aspect_ratio|conversionSlots|duration|generate_audio|realPersonMode|resolution|return_last_frame|seed,stored_snapshot:runninghub-{region}.json + runninghub-official-public.json,
discovery,official_public_registry,data/model_capabilities/snapshots/runninghub-official-public.json,61b682b097fd,runninghub,,,seedance-2.0-mini/multimodal-video,,,runninghub-seedance-2.0,,1,seedance-2.0-mini-multimodal-video,multimodal_to_video,video_generation,"video,min=1,async",,official_schema,ready,True,provider_local,,not_implemented,runninghub,aspect_ratio|conversionSlots|duration|generate_audio|realPersonMode|resolution|return_last_frame|seed,stored_snapshot:runninghub-{region}.json + runninghub-official-public.json,
discovery,official_public_registry,data/model_capabilities/snapshots/runninghub-official-public.json,61b682b097fd,runninghub,,,seedance-2.0-mini/text-to-video,,,runninghub-seedance-2.0,,1,seedance-2.0-mini-text-to-video,text_to_video,video_generation,"video,min=1,async",,official_schema,ready,True,provider_local,,not_implemented,runninghub,aspect_ratio|duration|generate_audio|resolution|return_last_frame|seed|webSearch,stored_snapshot:runninghub-{region}.json + runninghub-official-public.json,
discovery,official_public_registry,data/model_capabilities/snapshots/runninghub-official-public.json,61b682b097fd,runninghub,,,Seedance2.0 Image to Video,,,runninghub-seedance-2.0,,1,seedance2.0-image-to-video,image_to_video,video_generation,"video,min=1,async",,official_schema,ready,True,provider_local,,not_implemented,runninghub,aspect_ratio|duration|generate_audio|resolution|return_last_frame,stored_snapshot:runninghub-{region}.json + runninghub-official-public.json,
discovery,official_public_registry,data/model_capabilities/snapshots/runninghub-official-public.json,61b682b097fd,runninghub,,,Seedance2.0 Multimodal Video,,,runninghub-seedance-2.0,,1,seedance2.0-multimodal-video,multimodal_to_video,video_generation,"video,min=1,async",,official_schema,ready,True,provider_local,,not_implemented,runninghub,aspect_ratio|duration|generate_audio|resolution|return_last_frame,stored_snapshot:runninghub-{region}.json + runninghub-official-public.json,
discovery,official_public_registry,data/model_capabilities/snapshots/runninghub-official-public.json,61b682b097fd,runninghub,,,Stephen Chow IP Video Gen(Seedance 2.0),,,runninghub-seedance-2.0,,1,stephen-chow-ip-video-gen-seedance-2.0,image_to_video,video_generation,"video,min=1,async",,official_schema,ready,True,provider_local,,not_implemented,runninghub,aspect_ratio|duration|resolution|templateId,stored_snapshot:runninghub-{region}.json + runninghub-official-public.json,
discovery,official_public_registry,data/model_capabilities/snapshots/runninghub-official-public.json,61b682b097fd,runninghub,,,Stephen Chow IP Video Gen-Fast (Seedance 2.0 Fast),,,runninghub-seedance-2.0,,1,stephen-chow-ip-video-gen-fast-seedance-2.0-fast,image_to_video,video_generation,"video,min=1,async",,official_schema,ready,True,provider_local,,not_implemented,runninghub,aspect_ratio|duration|resolution|templateId,stored_snapshot:runninghub-{region}.json + runninghub-official-public.json,
discovery,official_public_registry,data/model_capabilities/snapshots/runninghub-official-public.json,61b682b097fd,runninghub,,,Seedance2.0 Text to Video,,,runninghub-seedance-2.0,,1,seedance2.0-text-to-video,text_to_video,video_generation,"video,min=1,async",,official_schema,ready,True,provider_local,,not_implemented,runninghub,aspect_ratio|duration|generate_audio|resolution|return_last_frame|webSearch,stored_snapshot:runninghub-{region}.json + runninghub-official-public.json,
discovery,official_public_registry,data/model_capabilities/snapshots/runninghub-official-public.json,61b682b097fd,runninghub,,,rh-video-fps-increaser,,,runninghub-rh-video-fps-increaser,,1,rh-video-fps-increaser,video_enhancement,video_generation,"video,min=1,async",,official_schema,ready,True,provider_local,,not_implemented,runninghub,,stored_snapshot:runninghub-{region}.json + runninghub-official-public.json,NO_PARAMETER_FIELDS
discovery,official_public_registry,data/model_capabilities/snapshots/runninghub-official-public.json,61b682b097fd,runninghub,,,rh-video-upscaler,,,runninghub-rh-video-upscaler,,1,rh-video-upscaler,video_enhancement,video_generation,"video,min=1,async",,official_schema,ready,True,provider_local,,not_implemented,runninghub,targetResolution,stored_snapshot:runninghub-{region}.json + runninghub-official-public.json,
discovery,official_public_registry,data/model_capabilities/snapshots/runninghub-official-public.json,61b682b097fd,runninghub,,,seedance-v1-lite-reference-to-video,,,runninghub-seedance-1,,1,seedance-v1-lite-reference-to-video,image_to_video,video_generation,"video,min=1,async",,official_schema,ready,True,provider_local,,not_implemented,runninghub,aspect_ratio|cameraFixed|duration|resolution,stored_snapshot:runninghub-{region}.json + runninghub-official-public.json,
discovery,official_public_registry,data/model_capabilities/snapshots/runninghub-official-public.json,61b682b097fd,runninghub,,,seedance-v1.5-pro-image-to-video,,,runninghub-seedance-1.5,,1,seedance-v1.5-pro-image-to-video,image_to_video,video_generation,"video,min=1,async",,official_schema,ready,True,provider_local,,not_implemented,runninghub,aspect_ratio|cameraFixed|duration|generate_audio|resolution,stored_snapshot:runninghub-{region}.json + runninghub-official-public.json,
discovery,official_public_registry,data/model_capabilities/snapshots/runninghub-official-public.json,61b682b097fd,runninghub,,,seedance-v1.5-pro-image-to-video-fast,,,runninghub-seedance-1.5,,1,seedance-v1.5-pro-image-to-video-fast,image_to_video,video_generation,"video,min=1,async",,official_schema,ready,True,provider_local,,not_implemented,runninghub,aspect_ratio|cameraFixed|duration|generate_audio|resolution,stored_snapshot:runninghub-{region}.json + runninghub-official-public.json,
discovery,official_public_registry,data/model_capabilities/snapshots/runninghub-official-public.json,61b682b097fd,runninghub,,,seedance-v1.5-pro-text-to-video,,,runninghub-seedance-1.5,,1,seedance-v1.5-pro-text-to-video,text_to_video,video_generation,"video,min=1,async",,official_schema,ready,True,provider_local,,not_implemented,runninghub,aspect_ratio|cameraFixed|duration|generate_audio|resolution,stored_snapshot:runninghub-{region}.json + runninghub-official-public.json,
discovery,official_public_registry,data/model_capabilities/snapshots/runninghub-official-public.json,61b682b097fd,runninghub,,,seedance-v1.5-pro-text-to-video-fast,,,runninghub-seedance-1.5,,1,seedance-v1.5-pro-text-to-video-fast,text_to_video,video_generation,"video,min=1,async",,official_schema,ready,True,provider_local,,not_implemented,runninghub,aspect_ratio|cameraFixed|duration|generate_audio|resolution,stored_snapshot:runninghub-{region}.json + runninghub-official-public.json,
discovery,official_public_registry,data/model_capabilities/snapshots/runninghub-official-public.json,61b682b097fd,runninghub,,,skyreels-v3/reference-to-video,,,runninghub-skyreels-v3,,1,skyreels-v3-reference-to-video,image_to_video,video_generation,"video,min=1,async",,official_schema,ready,True,provider_local,,not_implemented,runninghub,aspect_ratio|duration,stored_snapshot:runninghub-{region}.json + runninghub-official-public.json,
discovery,official_public_registry,data/model_capabilities/snapshots/runninghub-official-public.json,61b682b097fd,runninghub,,,skyreels-v3/shot-switching-video-extension,,,runninghub-skyreels-v3,,1,skyreels-v3-shot-switching-video-extension,video_extend,video_generation,"video,min=1,async",,official_schema,ready,True,provider_local,,not_implemented,runninghub,cutType|duration,stored_snapshot:runninghub-{region}.json + runninghub-official-public.json,
discovery,official_public_registry,data/model_capabilities/snapshots/runninghub-official-public.json,61b682b097fd,runninghub,,,skyreels-v3/single-shot-video-extension,,,runninghub-skyreels-v3,,1,skyreels-v3-single-shot-video-extension,video_extend,video_generation,"video,min=1,async",,official_schema,ready,True,provider_local,,not_implemented,runninghub,duration,stored_snapshot:runninghub-{region}.json + runninghub-official-public.json,
discovery,official_public_registry,data/model_capabilities/snapshots/runninghub-official-public.json,61b682b097fd,runninghub,,,skyreels-v3/video-restyling,,,runninghub-skyreels-v3,,1,skyreels-v3-video-restyling,video_to_video,video_generation,"video,min=1,async",,official_schema,ready,True,provider_local,,not_implemented,runninghub,styleName,stored_snapshot:runninghub-{region}.json + runninghub-official-public.json,
discovery,official_public_registry,data/model_capabilities/snapshots/runninghub-official-public.json,61b682b097fd,runninghub,,,skyreels-v4/image-to-video-fast,,,runninghub-skyreels-v4,,1,skyreels-v4-image-to-video-fast,image_to_video,video_generation,"video,min=1,async",,official_schema,ready,True,provider_local,,not_implemented,runninghub,duration|promptOptimizer|resolution,stored_snapshot:runninghub-{region}.json + runninghub-official-public.json,
discovery,official_public_registry,data/model_capabilities/snapshots/runninghub-official-public.json,61b682b097fd,runninghub,,,skyreels-v4/image-to-video-std,,,runninghub-skyreels-v4,,1,skyreels-v4-image-to-video-std,image_to_video,video_generation,"video,min=1,async",,official_schema,ready,True,provider_local,,not_implemented,runninghub,duration|promptOptimizer|resolution|sound,stored_snapshot:runninghub-{region}.json + runninghub-official-public.json,
discovery,official_public_registry,data/model_capabilities/snapshots/runninghub-official-public.json,61b682b097fd,runninghub,,,skyreels-v4/omni-reference-fast,,,runninghub-skyreels-v4,,1,skyreels-v4-omni-reference-fast,text_to_video,video_generation,"video,min=1,async",,official_schema,ready,True,provider_local,,not_implemented,runninghub,aspect_ratio|duration|promptOptimizer|resolution,stored_snapshot:runninghub-{region}.json + runninghub-official-public.json,
discovery,official_public_registry,data/model_capabilities/snapshots/runninghub-official-public.json,61b682b097fd,runninghub,,,skyreels-v4/omni-reference-std,,,runninghub-skyreels-v4,,1,skyreels-v4-omni-reference-std,text_to_video,video_generation,"video,min=1,async",,official_schema,ready,True,provider_local,,not_implemented,runninghub,aspect_ratio|duration|promptOptimizer|resolution|sound,stored_snapshot:runninghub-{region}.json + runninghub-official-public.json,
discovery,official_public_registry,data/model_capabilities/snapshots/runninghub-official-public.json,61b682b097fd,runninghub,,,skyreels-v4/text-to-video-fast,,,runninghub-skyreels-v4,,1,skyreels-v4-text-to-video-fast,text_to_video,video_generation,"video,min=1,async",,official_schema,ready,True,provider_local,,not_implemented,runninghub,aspect_ratio|duration|promptOptimizer|resolution,stored_snapshot:runninghub-{region}.json + runninghub-official-public.json,
discovery,official_public_registry,data/model_capabilities/snapshots/runninghub-official-public.json,61b682b097fd,runninghub,,,skyreels-v4/text-to-video-std,,,runninghub-skyreels-v4,,1,skyreels-v4-text-to-video-std,text_to_video,video_generation,"video,min=1,async",,official_schema,ready,True,provider_local,,not_implemented,runninghub,aspect_ratio|duration|promptOptimizer|resolution|sound,stored_snapshot:runninghub-{region}.json + runninghub-official-public.json,
discovery,official_public_registry,data/model_capabilities/snapshots/runninghub-official-public.json,61b682b097fd,runninghub,,,topazlabs-video-upscale,,,runninghub-topazlabs-video,,1,topazlabs-video-upscale,video_enhancement,video_generation,"video,min=1,async",,official_schema,ready,True,provider_local,,not_implemented,runninghub,targetFps|targetResolution,stored_snapshot:runninghub-{region}.json + runninghub-official-public.json,
discovery,official_public_registry,data/model_capabilities/snapshots/runninghub-official-public.json,61b682b097fd,runninghub,,,Vidu-image-to-video-q2-pro,,,runninghub-vidu-q2,,1,vidu-image-to-video-q2-pro,image_to_video,video_generation,"video,min=1,async",,official_schema,ready,True,provider_local,,not_implemented,runninghub,bgm|duration|movementAmplitude|resolution,stored_snapshot:runninghub-{region}.json + runninghub-official-public.json,
discovery,official_public_registry,data/model_capabilities/snapshots/runninghub-official-public.json,61b682b097fd,runninghub,,,Vidu-image-to-video-q2-pro-fast,,,runninghub-vidu-q2,,1,vidu-image-to-video-q2-pro-fast,image_to_video,video_generation,"video,min=1,async",,official_schema,ready,True,provider_local,,not_implemented,runninghub,bgm|duration|movementAmplitude|resolution,stored_snapshot:runninghub-{region}.json + runninghub-official-public.json,
discovery,official_public_registry,data/model_capabilities/snapshots/runninghub-official-public.json,61b682b097fd,runninghub,,,Vidu-image-to-video-q2-turbo,,,runninghub-vidu-q2,,1,vidu-image-to-video-q2-turbo,image_to_video,video_generation,"video,min=1,async",,official_schema,ready,True,provider_local,,not_implemented,runninghub,bgm|duration|movementAmplitude|resolution,stored_snapshot:runninghub-{region}.json + runninghub-official-public.json,
discovery,official_public_registry,data/model_capabilities/snapshots/runninghub-official-public.json,61b682b097fd,runninghub,,,Vidu-image-to-video-q3-pro,,,runninghub-vidu-q3,,1,vidu-image-to-video-q3-pro,image_to_video,video_generation,"video,min=1,async",,official_schema,ready,True,provider_local,,not_implemented,runninghub,audio|duration|resolution,stored_snapshot:runninghub-{region}.json + runninghub-official-public.json,
discovery,official_public_registry,data/model_capabilities/snapshots/runninghub-official-public.json,61b682b097fd,runninghub,,,Vidu-image-to-video-q3-pro-fast,,,runninghub-vidu-q3,,1,vidu-image-to-video-q3-pro-fast,image_to_video,video_generation,"video,min=1,async",,official_schema,ready,True,provider_local,,not_implemented,runninghub,audio|duration|resolution,stored_snapshot:runninghub-{region}.json + runninghub-official-public.json,
discovery,official_public_registry,data/model_capabilities/snapshots/runninghub-official-public.json,61b682b097fd,runninghub,,,Vidu-image-to-video-q3-turbo,,,runninghub-vidu-q3,,1,vidu-image-to-video-q3-turbo,image_to_video,video_generation,"video,min=1,async",,official_schema,ready,True,provider_local,,not_implemented,runninghub,audio|duration|resolution,stored_snapshot:runninghub-{region}.json + runninghub-official-public.json,
discovery,official_public_registry,data/model_capabilities/snapshots/runninghub-official-public.json,61b682b097fd,runninghub,,,Vidu-reference-to-video-q2,,,runninghub-vidu-q2,,1,vidu-reference-to-video-q2,image_to_video,video_generation,"video,min=1,async",,official_schema,ready,True,provider_local,,not_implemented,runninghub,aspect_ratio|duration|movementAmplitude|resolution,stored_snapshot:runninghub-{region}.json + runninghub-official-public.json,
discovery,official_public_registry,data/model_capabilities/snapshots/runninghub-official-public.json,61b682b097fd,runninghub,,,Vidu-reference-to-video-q2-pro,,,runninghub-vidu-q2,,1,vidu-reference-to-video-q2-pro,multimodal_to_video,video_generation,"video,min=1,async",,official_schema,ready,True,provider_local,,not_implemented,runninghub,aspect_ratio|duration|movementAmplitude|resolution,stored_snapshot:runninghub-{region}.json + runninghub-official-public.json,
discovery,official_public_registry,data/model_capabilities/snapshots/runninghub-official-public.json,61b682b097fd,runninghub,,,Vidu-reference-to-video-q3,,,runninghub-vidu-q3,,1,vidu-reference-to-video-q3,image_to_video,video_generation,"video,min=1,async",,official_schema,ready,True,provider_local,,not_implemented,runninghub,aspect_ratio|audio|duration|resolution,stored_snapshot:runninghub-{region}.json + runninghub-official-public.json,
discovery,official_public_registry,data/model_capabilities/snapshots/runninghub-official-public.json,61b682b097fd,runninghub,,,Vidu-reference-to-video-q3-ad,,,runninghub-vidu-q3,,1,vidu-reference-to-video-q3-ad,image_to_video,video_generation,"video,min=1,async",,official_schema,ready,True,provider_local,,not_implemented,runninghub,aspect_ratio|audio|duration|resolution,stored_snapshot:runninghub-{region}.json + runninghub-official-public.json,
discovery,official_public_registry,data/model_capabilities/snapshots/runninghub-official-public.json,61b682b097fd,runninghub,,,Vidu-reference-to-video-q3-drama,,,runninghub-vidu-q3,,1,vidu-reference-to-video-q3-drama,image_to_video,video_generation,"video,min=1,async",,official_schema,ready,True,provider_local,,not_implemented,runninghub,aspect_ratio|audio|duration|resolution,stored_snapshot:runninghub-{region}.json + runninghub-official-public.json,
discovery,official_public_registry,data/model_capabilities/snapshots/runninghub-official-public.json,61b682b097fd,runninghub,,,Vidu-reference-to-video-q3-mix,,,runninghub-vidu-q3,,1,vidu-reference-to-video-q3-mix,image_to_video,video_generation,"video,min=1,async",,official_schema,ready,True,provider_local,,not_implemented,runninghub,aspect_ratio|audio|duration|resolution,stored_snapshot:runninghub-{region}.json + runninghub-official-public.json,
discovery,official_public_registry,data/model_capabilities/snapshots/runninghub-official-public.json,61b682b097fd,runninghub,,,Vidu-start-end-to-video-q2-pro,,,runninghub-vidu-q2,,1,vidu-start-end-to-video-q2-pro,image_to_video,video_generation,"video,min=1,async",,official_schema,ready,True,provider_local,,not_implemented,runninghub,bgm|duration|movementAmplitude|resolution,stored_snapshot:runninghub-{region}.json + runninghub-official-public.json,
discovery,official_public_registry,data/model_capabilities/snapshots/runninghub-official-public.json,61b682b097fd,runninghub,,,Vidu-start-end-to-video-q2-pro-fast,,,runninghub-vidu-q2,,1,vidu-start-end-to-video-q2-pro-fast,image_to_video,video_generation,"video,min=1,async",,official_schema,ready,True,provider_local,,not_implemented,runninghub,bgm|duration|movementAmplitude|resolution,stored_snapshot:runninghub-{region}.json + runninghub-official-public.json,
discovery,official_public_registry,data/model_capabilities/snapshots/runninghub-official-public.json,61b682b097fd,runninghub,,,Vidu-start-end-to-video-q2-turbo,,,runninghub-vidu-q2,,1,vidu-start-end-to-video-q2-turbo,image_to_video,video_generation,"video,min=1,async",,official_schema,ready,True,provider_local,,not_implemented,runninghub,bgm|duration|movementAmplitude|resolution,stored_snapshot:runninghub-{region}.json + runninghub-official-public.json,
discovery,official_public_registry,data/model_capabilities/snapshots/runninghub-official-public.json,61b682b097fd,runninghub,,,Vidu-start-end-to-video-q3-pro,,,runninghub-vidu-q3,,1,vidu-start-end-to-video-q3-pro,image_to_video,video_generation,"video,min=1,async",,official_schema,ready,True,provider_local,,not_implemented,runninghub,audio|duration|movementAmplitude|resolution,stored_snapshot:runninghub-{region}.json + runninghub-official-public.json,
discovery,official_public_registry,data/model_capabilities/snapshots/runninghub-official-public.json,61b682b097fd,runninghub,,,Vidu-start-end-to-video-q3-pro-fast,,,runninghub-vidu-q3,,1,vidu-start-end-to-video-q3-pro-fast,image_to_video,video_generation,"video,min=1,async",,official_schema,ready,True,provider_local,,not_implemented,runninghub,audio|duration|resolution,stored_snapshot:runninghub-{region}.json + runninghub-official-public.json,
discovery,official_public_registry,data/model_capabilities/snapshots/runninghub-official-public.json,61b682b097fd,runninghub,,,Vidu-start-end-to-video-q3-turbo,,,runninghub-vidu-q3,,1,vidu-start-end-to-video-q3-turbo,image_to_video,video_generation,"video,min=1,async",,official_schema,ready,True,provider_local,,not_implemented,runninghub,audio|duration|movementAmplitude|resolution,stored_snapshot:runninghub-{region}.json + runninghub-official-public.json,
discovery,official_public_registry,data/model_capabilities/snapshots/runninghub-official-public.json,61b682b097fd,runninghub,,,Vidu-text-to-video-q2,,,runninghub-vidu-q2,,1,vidu-text-to-video-q2,text_to_video,video_generation,"video,min=1,async",,official_schema,ready,True,provider_local,,not_implemented,runninghub,aspect_ratio|duration|movementAmplitude|resolution|style,stored_snapshot:runninghub-{region}.json + runninghub-official-public.json,
discovery,official_public_registry,data/model_capabilities/snapshots/runninghub-official-public.json,61b682b097fd,runninghub,,,Vidu-text-to-video-q3-pro,,,runninghub-vidu-q3,,1,vidu-text-to-video-q3-pro,text_to_video,video_generation,"video,min=1,async",,official_schema,ready,True,provider_local,,not_implemented,runninghub,aspect_ratio|audio|duration|resolution|style,stored_snapshot:runninghub-{region}.json + runninghub-official-public.json,
discovery,official_public_registry,data/model_capabilities/snapshots/runninghub-official-public.json,61b682b097fd,runninghub,,,Vidu-text-to-video-q3-pro-fast,,,runninghub-vidu-q3,,1,vidu-text-to-video-q3-pro-fast,text_to_video,video_generation,"video,min=1,async",,official_schema,ready,True,provider_local,,not_implemented,runninghub,aspect_ratio|audio|duration|resolution,stored_snapshot:runninghub-{region}.json + runninghub-official-public.json,
discovery,official_public_registry,data/model_capabilities/snapshots/runninghub-official-public.json,61b682b097fd,runninghub,,,Vidu-text-to-video-q3-turbo,,,runninghub-vidu-q3,,1,vidu-text-to-video-q3-turbo,text_to_video,video_generation,"video,min=1,async",,official_schema,ready,True,provider_local,,not_implemented,runninghub,aspect_ratio|audio|duration|resolution|style,stored_snapshot:runninghub-{region}.json + runninghub-official-public.json,
discovery,official_public_registry,data/model_capabilities/snapshots/runninghub-official-public.json,61b682b097fd,runninghub,,,volc-drama/serial-video-translate,,,runninghub-volc-drama-serial-video-translate,,1,volc-drama-serial-video-translate,video_translation,video_generation,"video,min=1,async",,official_schema,ready,True,provider_local,,not_implemented,runninghub,aiRemoveType|dubVoiceMode|isDub|needVideoSpeed|projectName|sourceLang|targetLangs|targetStyleMap|translationModel,stored_snapshot:runninghub-{region}.json + runninghub-official-public.json,
discovery,official_public_registry,data/model_capabilities/snapshots/runninghub-official-public.json,61b682b097fd,runninghub,,,volc-drama/video-translate,,,runninghub-volc-drama-video-translate,,1,volc-drama-video-translate,video_translation,video_generation,"video,min=1,async",,official_schema,ready,True,provider_local,,not_implemented,runninghub,aiRemoveType|dubVoiceMode|isDub|projectName|sourceLang|targetLangs,stored_snapshot:runninghub-{region}.json + runninghub-official-public.json,
discovery,official_public_registry,data/model_capabilities/snapshots/runninghub-official-public.json,61b682b097fd,runninghub,,,volc-subtitle-erase/video(Refined version),,,runninghub-volc-subtitle-erase-video-refined-version,,1,volc-subtitle-erase-video-refined-version,subtitle_erase,video_generation,"video,min=1,async",,official_schema,ready,True,provider_local,,not_implemented,runninghub,clientToken|encodeMode|eraseType,stored_snapshot:runninghub-{region}.json + runninghub-official-public.json,
discovery,official_public_registry,data/model_capabilities/snapshots/runninghub-official-public.json,61b682b097fd,runninghub,,,volc-subtitle-erase/video(Standard Version),,,runninghub-volc-subtitle-erase-video-standard-version,,1,volc-subtitle-erase-video-standard-version,subtitle_erase,video_generation,"video,min=1,async",,official_schema,ready,True,provider_local,,not_implemented,runninghub,clientToken,stored_snapshot:runninghub-{region}.json + runninghub-official-public.json,
discovery,official_public_registry,data/model_capabilities/snapshots/runninghub-official-public.json,61b682b097fd,runninghub,,,midjourney-image-to-video,,,runninghub-midjourney,,1,midjourney-image-to-video,image_to_video,video_generation,"video,min=1,async",,official_schema,ready,True,provider_local,,not_implemented,runninghub,loop|motion|raw|resolution,stored_snapshot:runninghub-{region}.json + runninghub-official-public.json,
discovery,official_public_registry,data/model_capabilities/snapshots/runninghub-official-public.json,61b682b097fd,runninghub,,,MiniMax-H3 Image-to-Video (first/last frame),,,runninghub-minimax-h3,,1,minimax-h3-image-to-video-first-last-frame,image_to_video,video_generation,"video,min=1,async",,official_schema,ready,True,provider_local,,not_implemented,runninghub,duration|resolution,stored_snapshot:runninghub-{region}.json + runninghub-official-public.json,
discovery,official_public_registry,data/model_capabilities/snapshots/runninghub-official-public.json,61b682b097fd,runninghub,,,MiniMax-H3 Multimodal Reference-to-Video,,,runninghub-minimax-h3,,1,minimax-h3-multimodal-reference-to-video,multimodal_to_video,video_generation,"video,min=1,async",,official_schema,ready,True,provider_local,,not_implemented,runninghub,aspect_ratio|duration|resolution,stored_snapshot:runninghub-{region}.json + runninghub-official-public.json,
discovery,official_public_registry,data/model_capabilities/snapshots/runninghub-official-public.json,61b682b097fd,runninghub,,,MiniMax-H3 Text-to-Video,,,runninghub-minimax-h3,,1,minimax-h3-text-to-video,text_to_video,video_generation,"video,min=1,async",,official_schema,ready,True,provider_local,,not_implemented,runninghub,aspect_ratio|duration|resolution,stored_snapshot:runninghub-{region}.json + runninghub-official-public.json,
discovery,official_public_registry,data/model_capabilities/snapshots/runninghub-official-public.json,61b682b097fd,runninghub,,,topazlabs-image-gigapixel-art-and-cgi,,,runninghub-topazlabs-image,,1,topazlabs-image-gigapixel-art-and-cgi,image_enhancement,image_generation,"image,min=1,async",,official_schema,ready,True,provider_local,,not_implemented,runninghub,cropToFill|deblurStrength|denoise|faceEnhancement|faceEnhancementCreativity|faceEnhancementStrength|fixCompression|outputFormat|outputHeight|outputWidth|sharpen|strength|subjectDetection,stored_snapshot:runninghub-{region}.json + runninghub-official-public.json,
discovery,official_public_registry,data/model_capabilities/snapshots/runninghub-official-public.json,61b682b097fd,runninghub,,,topazlabs-image-gigapixel-high-fidelity-2,,,runninghub-topazlabs-image,,1,topazlabs-image-gigapixel-high-fidelity-2,image_enhancement,image_generation,"image,min=1,async",,official_schema,ready,True,provider_local,,not_implemented,runninghub,cropToFill|denoise|faceEnhancement|faceEnhancementCreativity|faceEnhancementStrength|fixCompression|outputFormat|outputHeight|outputWidth|sharpen|strength|subjectDetection,stored_snapshot:runninghub-{region}.json + runninghub-official-public.json,
discovery,official_public_registry,data/model_capabilities/snapshots/runninghub-official-public.json,61b682b097fd,runninghub,,,topazlabs-image-gigapixel-low-resolution-2,,,runninghub-topazlabs-image,,1,topazlabs-image-gigapixel-low-resolution-2,image_enhancement,image_generation,"image,min=1,async",,official_schema,ready,True,provider_local,,not_implemented,runninghub,cropToFill|denoise|faceEnhancement|faceEnhancementCreativity|faceEnhancementStrength|fixCompression|outputFormat|outputHeight|outputWidth|sharpen|strength|subjectDetection,stored_snapshot:runninghub-{region}.json + runninghub-official-public.json,
discovery,official_public_registry,data/model_capabilities/snapshots/runninghub-official-public.json,61b682b097fd,runninghub,,,topazlabs-image-gigapixel-standard-2,,,runninghub-topazlabs-image,,1,topazlabs-image-gigapixel-standard-2,image_enhancement,image_generation,"image,min=1,async",,official_schema,ready,True,provider_local,,not_implemented,runninghub,cropToFill|denoise|faceEnhancement|faceEnhancementCreativity|faceEnhancementStrength|fixCompression|outputFormat|outputHeight|outputWidth|sharpen|strength|subjectDetection,stored_snapshot:runninghub-{region}.json + runninghub-official-public.json,
discovery,official_public_registry,data/model_capabilities/snapshots/runninghub-official-public.json,61b682b097fd,runninghub,,,topazlabs-image-gigapixel-text-and-shapes,,,runninghub-topazlabs-image,,1,topazlabs-image-gigapixel-text-and-shapes,image_enhancement,image_generation,"image,min=1,async",,official_schema,ready,True,provider_local,,not_implemented,runninghub,cropToFill|deblurStrength|decompressionStrength|denoise|denoiseStrength|faceEnhancement|faceEnhancementCreativity|faceEnhancementStrength|fixCompression|opacity|outputFormat|outputHeight|outputWidth|sharpen|strength|subjectDetection,stored_snapshot:runninghub-{region}.json + runninghub-official-public.json,
discovery,official_public_registry,data/model_capabilities/snapshots/runninghub-official-public.json,61b682b097fd,runninghub,,,topazlabs-image-upscale-detail-faces,,,runninghub-topazlabs-image,,1,topazlabs-image-upscale-detail-faces,image_enhancement,image_generation,"image,min=1,async",,official_schema,ready,True,provider_local,,not_implemented,runninghub,cropToFill|detailStrength|outputFormat|outputHeight|outputWidth,stored_snapshot:runninghub-{region}.json + runninghub-official-public.json,
discovery,official_public_registry,data/model_capabilities/snapshots/runninghub-official-public.json,61b682b097fd,runninghub,,,topazlabs-image-upscale-high-fidelity-v3,,,runninghub-topazlabs-image,,1,topazlabs-image-upscale-high-fidelity-v3,image_enhancement,image_generation,"image,min=1,async",,official_schema,ready,True,provider_local,,not_implemented,runninghub,cropToFill|denoise|faceEnhancement|faceEnhancementCreativity|faceEnhancementStrength|fixCompression|opacity|outputFormat|outputHeight|outputWidth|recoveryStrength|sharpen|strength|subjectDetection,stored_snapshot:runninghub-{region}.json + runninghub-official-public.json,
discovery,official_public_registry,data/model_capabilities/snapshots/runninghub-official-public.json,61b682b097fd,runninghub,,,topazlabs-image-upscale-transparent,,,runninghub-topazlabs-image,,1,topazlabs-image-upscale-transparent,image_enhancement,image_generation,"image,min=1,async",,official_schema,ready,True,provider_local,,not_implemented,runninghub,cropToFill|outputFormat|outputHeight|outputWidth,stored_snapshot:runninghub-{region}.json + runninghub-official-public.json,
discovery,official_public_registry,data/model_capabilities/snapshots/runninghub-official-public.json,61b682b097fd,runninghub,,,topazlabs-video-astra,,,runninghub-topazlabs-video,,1,topazlabs-video-astra,video_enhancement,video_generation,"video,min=1,async",,official_schema,ready,True,provider_local,,not_implemented,runninghub,model|outputHeight|outputWidth,stored_snapshot:runninghub-{region}.json + runninghub-official-public.json,
discovery,official_public_registry,data/model_capabilities/snapshots/runninghub-official-public.json,61b682b097fd,runninghub,,,topazlabs-video-denoise,,,runninghub-topazlabs-video,,1,topazlabs-video-denoise,video_enhancement,video_generation,"video,min=1,async",,official_schema,ready,True,provider_local,,not_implemented,runninghub,model|outputHeight|outputWidth,stored_snapshot:runninghub-{region}.json + runninghub-official-public.json,
discovery,official_public_registry,data/model_capabilities/snapshots/runninghub-official-public.json,61b682b097fd,runninghub,,,topazlabs-video-frame-interpolation,,,runninghub-topazlabs-video,,1,topazlabs-video-frame-interpolation,video_enhancement,video_generation,"video,min=1,async",,official_schema,ready,True,provider_local,,not_implemented,runninghub,model|outputFrameRate|outputHeight|outputWidth,stored_snapshot:runninghub-{region}.json + runninghub-official-public.json,
discovery,official_public_registry,data/model_capabilities/snapshots/runninghub-official-public.json,61b682b097fd,runninghub,,,topazlabs-video-proteus,,,runninghub-topazlabs-video,,1,topazlabs-video-proteus,video_enhancement,video_generation,"video,min=1,async",,official_schema,ready,True,provider_local,,not_implemented,runninghub,model|outputHeight|outputWidth,stored_snapshot:runninghub-{region}.json + runninghub-official-public.json,
discovery,official_public_registry,data/model_capabilities/snapshots/runninghub-official-public.json,61b682b097fd,runninghub,,,topazlabs-video-starlight,,,runninghub-topazlabs-video,,1,topazlabs-video-starlight,video_enhancement,video_generation,"video,min=1,async",,official_schema,ready,True,provider_local,,not_implemented,runninghub,model|outputHeight|outputWidth,stored_snapshot:runninghub-{region}.json + runninghub-official-public.json,
discovery,static_profile,data/model_capabilities/providers/modelscope.json,8ff080f2d4e3,modelscope,,,Tongyi-MAI/Z-Image-Turbo,,,,,1,,text_to_image,image_generation,,,model_card_only,needs_profile,False,provider_local,,not_implemented,modelscope,,not_observed,PROFILE_UNCONFIRMED|NO_PARAMETER_FIELDS
discovery,static_profile,data/model_capabilities/providers/modelscope.json,8ff080f2d4e3,modelscope,,,Qwen/Qwen-Image-2512,,,,,1,,text_to_image,image_generation,,,model_card_only,needs_profile,False,provider_local,,not_implemented,modelscope,,not_observed,PROFILE_UNCONFIRMED|NO_PARAMETER_FIELDS
discovery,static_profile,data/model_capabilities/providers/modelscope.json,8ff080f2d4e3,modelscope,,,Qwen/Qwen-Image-Edit-2511,,,,,1,,image_to_image,image_generation,,,model_card_only,needs_profile,False,provider_local,,not_implemented,modelscope,,not_observed,PROFILE_UNCONFIRMED|NO_PARAMETER_FIELDS
discovery,static_profile,data/model_capabilities/providers/modelscope.json,8ff080f2d4e3,modelscope,,,black-forest-labs/FLUX.2-klein-9B,,,,,1,,image_generation,image_generation,,,model_card_only,needs_profile,False,provider_local,,not_implemented,modelscope,,not_observed,PROFILE_UNCONFIRMED|NO_PARAMETER_FIELDS
discovery,static_profile,data/model_capabilities/providers/modelscope.json,8ff080f2d4e3,modelscope,,,Qwen/Qwen3-235B-A22B,,,,,1,,chat,text_generation,,,model_card_only,needs_profile,False,provider_local,,not_implemented,modelscope,,not_observed,PROFILE_UNCONFIRMED|NO_PARAMETER_FIELDS
discovery,static_profile,data/model_capabilities/providers/modelscope.json,8ff080f2d4e3,modelscope,,,Qwen/Qwen3-VL-235B-A22B-Instruct,,,,,1,,multimodal_chat,text_generation,,,model_card_only,needs_profile,False,provider_local,,not_implemented,modelscope,,not_observed,PROFILE_UNCONFIRMED|NO_PARAMETER_FIELDS
discovery,static_profile,data/model_capabilities/providers/modelscope.json,8ff080f2d4e3,modelscope,,,MiniMax/MiniMax-M2.7:MiniMax,,,,,1,,chat,text_generation,,,model_card_only,needs_profile,False,provider_local,,not_implemented,modelscope,,not_observed,PROFILE_UNCONFIRMED|NO_PARAMETER_FIELDS
discovery,static_profile,data/model_capabilities/providers/jimeng-cli.json,f5323ac2e540,jimeng-cli,,,5.0Pro,,,jimeng-image-5.0-pro,,1,text_or_image_to_image,text_to_image_or_image_to_image,image_generation,"image,min=1,max=4,async",,runtime_verified,ready,True,provider_local,,not_implemented,jimeng-cli,aspect_ratio|count|resolution,not_observed,
discovery,static_profile,data/model_capabilities/providers/jimeng-cli.json,f5323ac2e540,jimeng-cli,,,seedance2.0,,,jimeng-seedance-2.0,,1,seedance2.0,text_to_video_or_image_to_video,video_generation,"video,min=1,max=1,async",,runtime_verified,ready,True,provider_local,,not_implemented,jimeng-cli,aspect_ratio|duration|generate_audio,not_observed,
discovery,static_profile,data/model_capabilities/providers/jimeng-cli.json,f5323ac2e540,jimeng-cli,,,seedance2.5,,,jimeng-seedance-2.5,,1,seedance2.5,multimodal_to_video,video_generation,"video,min=1,max=1,async",,runtime_verified,ready,True,provider_local,,not_implemented,jimeng-cli,aspect_ratio|duration|resolution,not_observed,
discovery,static_profile,data/model_capabilities/providers/codex-cli.json,7b00553f3e1d,codex-cli,,,auto,,,codex-current,,1,follow_current_config,chat_or_agent_text,text_generation,"text,min=1,max=1",,runtime_verified,ready,True,provider_local,,not_implemented,codex-cli,,not_observed,NO_PARAMETER_FIELDS
discovery,static_profile,data/model_capabilities/providers/codex-cli.json,7b00553f3e1d,codex-cli,,,gpt-5.5,,,gpt-5.5,,1,chat_or_agent_text,chat_or_agent_text,text_generation,"text,min=1,max=1",,runtime_verified,ready,True,provider_local,,not_implemented,codex-cli,model,not_observed,
discovery,static_profile,data/model_capabilities/providers/gemini-cli.json,26fa9385ba52,gemini-cli,,,auto,,,gemini-cli-auto,,1,text,chat,text_generation,"text,min=1,max=1",,runtime_verified,ready,True,provider_local,,not_implemented,gemini-cli,,not_observed,NO_PARAMETER_FIELDS
discovery,static_profile,data/model_capabilities/providers/gemini-cli.json,26fa9385ba52,gemini-cli,,,auto,,,gemini-cli-auto,,1,image,text_or_image_to_image,image_generation,"image,min=1,max=1",,runtime_verified,ready,True,provider_local,,not_implemented,gemini-cli,,not_observed,NO_PARAMETER_FIELDS
enabled,user_config_projection,data/api_providers.json,,modelscope,modelscope,,Qwen/Qwen3-235B-A22B,,,modelscope-qwen-qwen3-235b-a22b,,1,chat,chat,text_generation,"text,min=1,max=1",,runtime_verified,ready,True,provider_local,True,not_implemented,modelscope,,,NO_PARAMETER_FIELDS
enabled,user_config_projection,data/api_providers.json,,modelscope,modelscope,,Qwen/Qwen3-VL-235B-A22B-Instruct,,,modelscope-qwen-qwen3-vl-235b-a22b-instruct,,1,multimodal_chat,multimodal_chat,text_generation,"text,min=1,max=1",,runtime_verified,ready,True,provider_local,True,not_implemented,modelscope,,,NO_PARAMETER_FIELDS
enabled,user_config_projection,data/api_providers.json,,modelscope,modelscope,,MiniMax/MiniMax-M2.7:MiniMax,,,modelscope-minimax-minimax-m2-7-minimax,,1,chat,chat,text_generation,"text,min=1,max=1",,runtime_verified,ready,True,provider_local,True,not_implemented,modelscope,,,NO_PARAMETER_FIELDS
enabled,user_config_projection,data/api_providers.json,,modelscope,modelscope,,Tongyi-MAI/Z-Image-Turbo,,,modelscope-tongyi-mai-z-image-turbo,,1,text_to_image,text_to_image,image_generation,"image,min=1,max=1,async",,runtime_verified,ready,True,provider_local,True,not_implemented,modelscope,,,NO_PARAMETER_FIELDS
enabled,user_config_projection,data/api_providers.json,,modelscope,modelscope,,Qwen/Qwen-Image-2512,,,modelscope-qwen-qwen-image-2512,,1,text_to_image,text_to_image,image_generation,"image,min=1,max=1,async",,runtime_verified,ready,True,provider_local,True,not_implemented,modelscope,,,NO_PARAMETER_FIELDS
enabled,user_config_projection,data/api_providers.json,,modelscope,modelscope,,Qwen/Qwen-Image-Edit-2511,,,modelscope-qwen-qwen-image-edit-2511,,1,image_to_image,image_to_image,image_generation,"image,min=1,max=1,async",,runtime_verified,ready,True,provider_local,True,not_implemented,modelscope,,,NO_PARAMETER_FIELDS
enabled,user_config_projection,data/api_providers.json,,modelscope,modelscope,,black-forest-labs/FLUX.2-klein-9B,,,modelscope-black-forest-labs-flux-2-klein-9b,,1,image_to_image,image_to_image,image_generation,"image,min=1,max=1,async",,runtime_verified,ready,True,provider_local,True,not_implemented,modelscope,,,NO_PARAMETER_FIELDS
enabled,user_config_projection,data/api_providers.json,,runninghub,runninghub,global,google/gemini-3.1-flash-lite-preview,,,runninghub-google-gemini-3.1-flash-lite-preview,,,google-gemini-3.1-flash-lite-preview,chat,text_generation,,,,ready,True,provider_local,True,not_implemented,runninghub,frequency_penalty|max_output_tokens|presence_penalty|reasoning_effort|temperature|top_p,,
enabled,user_config_projection,data/api_providers.json,,runninghub,runninghub,global,openai/gpt-5.1,,,runninghub-openai-gpt-5.1,,,openai-gpt-5.1,chat,text_generation,,,,ready,True,provider_local,True,not_implemented,runninghub,frequency_penalty|max_output_tokens|presence_penalty|reasoning_effort|temperature|top_p,,
enabled,user_config_projection,data/api_providers.json,,runninghub,runninghub,global,qwen/qwen-plus,,,runninghub-qwen-qwen-plus,,,qwen-qwen-plus,chat,text_generation,,,,ready,True,provider_local,True,not_implemented,runninghub,frequency_penalty|max_output_tokens|presence_penalty|reasoning_effort|temperature|top_p,,
enabled,user_config_projection,data/api_providers.json,,runninghub,runninghub,global,qwen/qwen3-vl-235b-a22b-instruct,,,runninghub-qwen-qwen3-vl-235b-a22b-instruct,,,qwen-qwen3-vl-235b-a22b-instruct,chat,text_generation,,,,ready,True,provider_local,True,not_implemented,runninghub,frequency_penalty|max_output_tokens|presence_penalty|reasoning_effort|temperature|top_p,,
enabled,user_config_projection,data/api_providers.json,,runninghub,runninghub,global,Luma uni-1 Image Edit,,,runninghub-luma-uni-1,,,luma-uni-1-image-edit,image_to_image,image_generation,,,,ready,True,provider_local,True,not_implemented,runninghub,aspect_ratio|outputFormat|style,,
enabled,user_config_projection,data/api_providers.json,,runninghub,runninghub,global,Luma uni-1 Image to Image,,,runninghub-luma-uni-1,,,luma-uni-1-image-to-image,image_to_image,image_generation,,,,ready,True,provider_local,True,not_implemented,runninghub,aspect_ratio|outputFormat|style|webSearch,,
enabled,user_config_projection,data/api_providers.json,,runninghub,runninghub,global,Luma uni-1 Text to Image,,,runninghub-luma-uni-1,,,luma-uni-1-text-to-image,text_to_image,image_generation,,,,ready,True,provider_local,True,not_implemented,runninghub,aspect_ratio|outputFormat|style|webSearch,,
enabled,user_config_projection,data/api_providers.json,,runninghub,runninghub,global,Luma uni-1-max Image Edit,,,runninghub-luma-uni-1-max,,,luma-uni-1-max-image-edit,image_to_image,image_generation,,,,ready,True,provider_local,True,not_implemented,runninghub,aspect_ratio|outputFormat|style,,
enabled,user_config_projection,data/api_providers.json,,runninghub,runninghub,global,Luma uni-1-max Image to Image,,,runninghub-luma-uni-1-max,,,luma-uni-1-max-image-to-image,image_to_image,image_generation,,,,ready,True,provider_local,True,not_implemented,runninghub,aspect_ratio|outputFormat|style|webSearch,,
enabled,user_config_projection,data/api_providers.json,,runninghub,runninghub,global,Luma uni-1-max Text to Image,,,runninghub-luma-uni-1-max,,,luma-uni-1-max-text-to-image,text_to_image,image_generation,,,,ready,True,provider_local,True,not_implemented,runninghub,aspect_ratio|outputFormat|style|webSearch,,
enabled,user_config_projection,data/api_providers.json,,runninghub,runninghub,global,MiniMax-H3-Context-IR (i2va),,,runninghub-minimax-h3-context-ir-i2va,,,minimax-h3-context-ir-i2va,text_to_image,image_generation,,,,ready,True,provider_local,True,not_implemented,runninghub,duration,,
enabled,user_config_projection,data/api_providers.json,,runninghub,runninghub,global,bytedance/jimeng-4.6/image-to-image,,,runninghub-bytedance-jimeng-4.6,,,bytedance-jimeng-4.6-image-to-image,image_to_image,image_generation,,,,ready,True,provider_local,True,not_implemented,runninghub,forceSingle|height|maxRatio|minRatio|scale|width,,
enabled,user_config_projection,data/api_providers.json,,runninghub,runninghub,global,bytedance/jimeng-4.6/text-to-image,,,runninghub-bytedance-jimeng-4.6,,,bytedance-jimeng-4.6-text-to-image,text_to_image,image_generation,,,,ready,True,provider_local,True,not_implemented,runninghub,forceSingle|height|maxRatio|minRatio|scale|width,,
enabled,user_config_projection,data/api_providers.json,,runninghub,runninghub,global,f-dev,,,runninghub-f-dev,,,f-dev,text_to_image,image_generation,,,,needs_profile,False,provider_local,True,not_implemented,runninghub,,,PROFILE_UNCONFIRMED|NO_PARAMETER_FIELDS
enabled,user_config_projection,data/api_providers.json,,runninghub,runninghub,global,f-dev-lora,,,runninghub-f-dev-lora,,,f-dev-lora,text_to_image,image_generation,,,,needs_profile,False,provider_local,True,not_implemented,runninghub,,,PROFILE_UNCONFIRMED|NO_PARAMETER_FIELDS
enabled,user_config_projection,data/api_providers.json,,runninghub,runninghub,global,gpt-image-1.5/edit-channel-low-price-[Deprecated] Please use gpt-image-2 instead,,,runninghub-gpt-image-1.5,,,gpt-image-1.5-edit-channel-low-price-deprecated-please-use-gpt-image-2-instead,image_to_image,image_generation,,,,ready,True,provider_local,True,not_implemented,runninghub,aspect_ratio,,
enabled,user_config_projection,data/api_providers.json,,runninghub,runninghub,global,gpt-image-1.5/image-to-image-official-stable,,,runninghub-gpt-image-1.5,,,gpt-image-1.5-image-to-image-official-stable,image_to_image,image_generation,,,,ready,True,provider_local,True,not_implemented,runninghub,background|inputFidelity|quality|size,,
enabled,user_config_projection,data/api_providers.json,,runninghub,runninghub,global,gpt-image-1.5/text-to-image-channel-low-price-[Deprecated] Please use gpt-image-2 instead,,,runninghub-gpt-image-1.5,,,gpt-image-1.5-text-to-image-channel-low-price-deprecated-please-use-gpt-image-2-instead,text_to_image,image_generation,,,,ready,True,provider_local,True,not_implemented,runninghub,aspect_ratio,,
enabled,user_config_projection,data/api_providers.json,,runninghub,runninghub,global,gpt-image-1.5/text-to-image-official-stable,,,runninghub-gpt-image-1.5,,,gpt-image-1.5-text-to-image-official-stable,text_to_image,image_generation,,,,ready,True,provider_local,True,not_implemented,runninghub,background|quality|size,,
enabled,user_config_projection,data/api_providers.json,,runninghub,runninghub,global,gpt-image-2.0/edit-channel-low-price,,,runninghub-gpt-image-2.0,,,gpt-image-2.0-edit-channel-low-price,image_to_image,image_generation,,,,ready,True,provider_local,True,not_implemented,runninghub,aspect_ratio|resolution,,
enabled,user_config_projection,data/api_providers.json,,runninghub,runninghub,global,gpt-image-2.0/text-to-image-channel-low-price,,,runninghub-gpt-image-2.0,,,gpt-image-2.0-text-to-image-channel-low-price,text_to_image,image_generation,,,,ready,True,provider_local,True,not_implemented,runninghub,aspect_ratio|resolution,,
enabled,user_config_projection,data/api_providers.json,,runninghub,runninghub,global,gpt-image-2/image-to-image-official-stable,,,runninghub-gpt-image-2,,,gpt-image-2-image-to-image-official-stable,image_to_image,image_generation,,,,ready,True,provider_local,True,not_implemented,runninghub,aspect_ratio|quality|resolution,,
enabled,user_config_projection,data/api_providers.json,,runninghub,runninghub,global,gpt-image-2/text-to-image-official-stable,,,runninghub-gpt-image-2,,,gpt-image-2-text-to-image-official-stable,text_to_image,image_generation,,,,ready,True,provider_local,True,not_implemented,runninghub,aspect_ratio|quality|resolution,,
enabled,user_config_projection,data/api_providers.json,,runninghub,runninghub,global,grok-3-image-text-to-image,,,runninghub-grok-3-image,,,grok-3-image-text-to-image,text_to_image,image_generation,,,,ready,True,provider_local,True,not_implemented,runninghub,,,NO_PARAMETER_FIELDS
enabled,user_config_projection,data/api_providers.json,,runninghub,runninghub,global,grok-3-image-to-image,,,runninghub-grok-3-image,,,grok-3-image-to-image,image_to_image,image_generation,,,,ready,True,provider_local,True,not_implemented,runninghub,,,NO_PARAMETER_FIELDS
enabled,user_config_projection,data/api_providers.json,,runninghub,runninghub,global,grok-4-image-image-to-image,,,runninghub-grok-4-image,,,grok-4-image-image-to-image,image_to_image,image_generation,,,,ready,True,provider_local,True,not_implemented,runninghub,,,NO_PARAMETER_FIELDS
enabled,user_config_projection,data/api_providers.json,,runninghub,runninghub,global,grok-4-image-text-to-image,,,runninghub-grok-4-image,,,grok-4-image-text-to-image,text_to_image,image_generation,,,,ready,True,provider_local,True,not_implemented,runninghub,,,NO_PARAMETER_FIELDS
enabled,user_config_projection,data/api_providers.json,,runninghub,runninghub,global,grok-image/image-to-image/channel-low-price,,,runninghub-grok-image,,,grok-image-image-to-image-channel-low-price,image_to_image,image_generation,,,,ready,True,provider_local,True,not_implemented,runninghub,model,,
enabled,user_config_projection,data/api_providers.json,,runninghub,runninghub,global,grok-image/text-to-image/channel-low-price,,,runninghub-grok-image,,,grok-image-text-to-image-channel-low-price,text_to_image,image_generation,,,,ready,True,provider_local,True,not_implemented,runninghub,aspect_ratio|model,,
enabled,user_config_projection,data/api_providers.json,,runninghub,runninghub,global,higgsfield/soul/image-to-image,,,runninghub-higgsfield-soul,,,higgsfield-soul-image-to-image,image_to_image,image_generation,,,,ready,True,provider_local,True,not_implemented,runninghub,quality|size|strength|style,,
enabled,user_config_projection,data/api_providers.json,,runninghub,runninghub,global,hypir-balance,,,runninghub-hypir-balance,,,hypir-balance,image_to_image,image_generation,,,,ready,True,provider_local,True,not_implemented,runninghub,longEdgeSize|seed|shortEdgeSize|upscale,,
enabled,user_config_projection,data/api_providers.json,,runninghub,runninghub,global,hypir-ultra,,,runninghub-hypir-ultra,,,hypir-ultra,image_to_image,image_generation,,,,ready,True,provider_local,True,not_implemented,runninghub,creativityLevel|longEdgeSize|seed|shortEdgeSize|textureLevel|upscale,,
enabled,user_config_projection,data/api_providers.json,,runninghub,runninghub,global,marble-1.0/image-to-world,,,runninghub-marble-1.0-image-to-world,,,marble-1.0-image-to-world,text_to_image,image_generation,,,,ready,True,provider_local,True,not_implemented,runninghub,disableRecaption|displayName|imageUrl|isPano|permissionAllowIdAccess|permissionAllowedReaders|permissionAllowedWriters|permissionPublic|seed|tags|textPrompt,,
enabled,user_config_projection,data/api_providers.json,,runninghub,runninghub,global,marble-1.0/multi-image-to-world,,,runninghub-marble-1.0-multi-image-to-world,,,marble-1.0-multi-image-to-world,text_to_image,image_generation,,,,ready,True,provider_local,True,not_implemented,runninghub,disableRecaption|displayName|permissionAllowIdAccess|permissionAllowedReaders|permissionAllowedWriters|permissionPublic|reconstructImages|seed|tags|textPrompt,,
enabled,user_config_projection,data/api_providers.json,,runninghub,runninghub,global,marble-1.1-plus/image-to-world,,,runninghub-marble-1.1-plus-image-to-world,,,marble-1.1-plus-image-to-world,text_to_image,image_generation,,,,ready,True,provider_local,True,not_implemented,runninghub,disableRecaption|displayName|imageUrl|isPano|permissionAllowIdAccess|permissionAllowedReaders|permissionAllowedWriters|permissionPublic|seed|tags|textPrompt,,
enabled,user_config_projection,data/api_providers.json,,runninghub,runninghub,global,marble-1.1-plus/multi-image-to-world,,,runninghub-marble-1.1-plus-multi-image-to-world,,,marble-1.1-plus-multi-image-to-world,text_to_image,image_generation,,,,ready,True,provider_local,True,not_implemented,runninghub,disableRecaption|displayName|permissionAllowIdAccess|permissionAllowedReaders|permissionAllowedWriters|permissionPublic|reconstructImages|seed|tags|textPrompt,,
enabled,user_config_projection,data/api_providers.json,,runninghub,runninghub,global,marble-1.1/image-to-world,,,runninghub-marble-1.1-image-to-world,,,marble-1.1-image-to-world,text_to_image,image_generation,,,,ready,True,provider_local,True,not_implemented,runninghub,disableRecaption|displayName|imageUrl|isPano|permissionAllowIdAccess|permissionAllowedReaders|permissionAllowedWriters|permissionPublic|seed|tags|textPrompt,,
enabled,user_config_projection,data/api_providers.json,,runninghub,runninghub,global,marble-1.1/multi-image-to-world,,,runninghub-marble-1.1-multi-image-to-world,,,marble-1.1-multi-image-to-world,text_to_image,image_generation,,,,ready,True,provider_local,True,not_implemented,runninghub,disableRecaption|displayName|permissionAllowIdAccess|permissionAllowedReaders|permissionAllowedWriters|permissionPublic|reconstructImages|seed|tags|textPrompt,,
enabled,user_config_projection,data/api_providers.json,,runninghub,runninghub,global,midjourney-text-to-image-niji6,,,runninghub-midjourney,,,midjourney-text-to-image-niji6,text_to_image,image_generation,,,,ready,True,provider_local,True,not_implemented,runninghub,aspect_ratio|chaos|cw|iw|quality|raw|stop|stylize|sv|sw|tile|weird,,
enabled,user_config_projection,data/api_providers.json,,runninghub,runninghub,global,midjourney-text-to-image-niji7,,,runninghub-midjourney,,,midjourney-text-to-image-niji7,text_to_image,image_generation,,,,ready,True,provider_local,True,not_implemented,runninghub,aspect_ratio|chaos|iw|raw|stylize|sv|sw|weird,,
enabled,user_config_projection,data/api_providers.json,,runninghub,runninghub,global,midjourney-text-to-image-v6,,,runninghub-midjourney,,,midjourney-text-to-image-v6,text_to_image,image_generation,,,,ready,True,provider_local,True,not_implemented,runninghub,aspect_ratio|chaos|cw|iw|quality|raw|stop|stylize|sv|sw|tile|weird,,
enabled,user_config_projection,data/api_providers.json,,runninghub,runninghub,global,midjourney-text-to-image-v61,,,runninghub-midjourney,,,midjourney-text-to-image-v61,text_to_image,image_generation,,,,ready,True,provider_local,True,not_implemented,runninghub,aspect_ratio|chaos|cw|iw|negativePrompt|quality|raw|stop|stylize|sv|sw|tile|weird,,
enabled,user_config_projection,data/api_providers.json,,runninghub,runninghub,global,midjourney-text-to-image-v7,,,runninghub-midjourney,,,midjourney-text-to-image-v7,text_to_image,image_generation,,,,ready,True,provider_local,True,not_implemented,runninghub,aspect_ratio|chaos|iw|negativePrompt|ow|quality|raw|stylize|sv|sw|tile|weird,,
enabled,user_config_projection,data/api_providers.json,,runninghub,runninghub,global,midjourney-text-to-image-v8.1,,,runninghub-midjourney,,,midjourney-text-to-image-v8.1,text_to_image,image_generation,,,,ready,True,provider_local,True,not_implemented,runninghub,aspect_ratio|chaos|hd|iw|quality|raw|stylize|sv|sw,,
enabled,user_config_projection,data/api_providers.json,,runninghub,runninghub,global,midjourney-text-to-image-v8.2-preview,,,runninghub-midjourney,,,midjourney-text-to-image-v8.2-preview,text_to_image,image_generation,,,,ready,True,provider_local,True,not_implemented,runninghub,aspect_ratio|chaos|hd|iw|quality|raw|stylize|sv|sw,,
enabled,user_config_projection,data/api_providers.json,,runninghub,runninghub,global,nano-banana-pro/edit-channel-low-price,,,runninghub-nano-banana-pro,,,nano-banana-pro-edit-channel-low-price,image_to_image,image_generation,,,,ready,True,provider_local,True,not_implemented,runninghub,aspect_ratio|resolution,,
enabled,user_config_projection,data/api_providers.json,,runninghub,runninghub,global,nano-banana-pro/edit-official-stable,,,runninghub-nano-banana-pro,,,nano-banana-pro-edit-official-stable,image_to_image,image_generation,,,,ready,True,provider_local,True,not_implemented,runninghub,aspect_ratio|resolution,,
enabled,user_config_projection,data/api_providers.json,,runninghub,runninghub,global,nano-banana-pro/edit-ultra-official-stable,,,runninghub-nano-banana-pro,,,nano-banana-pro-edit-ultra-official-stable,image_to_image,image_generation,,,,ready,True,provider_local,True,not_implemented,runninghub,aspect_ratio|resolution,,
enabled,user_config_projection,data/api_providers.json,,runninghub,runninghub,global,nano-banana-pro/text-to-image-channel-low-price,,,runninghub-nano-banana-pro,,,nano-banana-pro-text-to-image-channel-low-price,text_to_image,image_generation,,,,ready,True,provider_local,True,not_implemented,runninghub,aspect_ratio|resolution,,
enabled,user_config_projection,data/api_providers.json,,runninghub,runninghub,global,nano-banana-pro/text-to-image-official-stable,,,runninghub-nano-banana-pro,,,nano-banana-pro-text-to-image-official-stable,text_to_image,image_generation,,,,ready,True,provider_local,True,not_implemented,runninghub,aspect_ratio|resolution,,
enabled,user_config_projection,data/api_providers.json,,runninghub,runninghub,global,nano-banana-pro/text-to-image-ultra-official-stable,,,runninghub-nano-banana-pro,,,nano-banana-pro-text-to-image-ultra-official-stable,text_to_image,image_generation,,,,ready,True,provider_local,True,not_implemented,runninghub,aspect_ratio|resolution,,
enabled,user_config_projection,data/api_providers.json,,runninghub,runninghub,global,nano-banana/edit-channel-low-price,,,runninghub-nano-banana,,,nano-banana-edit-channel-low-price,image_to_image,image_generation,,,,ready,True,provider_local,True,not_implemented,runninghub,aspect_ratio,,
enabled,user_config_projection,data/api_providers.json,,runninghub,runninghub,global,nano-banana/edit-official-stable,,,runninghub-nano-banana,,,nano-banana-edit-official-stable,image_to_image,image_generation,,,,ready,True,provider_local,True,not_implemented,runninghub,aspect_ratio,,
enabled,user_config_projection,data/api_providers.json,,runninghub,runninghub,global,nano-banana/text-to-image-channel-low-price,,,runninghub-nano-banana,,,nano-banana-text-to-image-channel-low-price,text_to_image,image_generation,,,,ready,True,provider_local,True,not_implemented,runninghub,aspect_ratio,,
enabled,user_config_projection,data/api_providers.json,,runninghub,runninghub,global,nano-banana/text-to-image-official-stable,,,runninghub-nano-banana,,,nano-banana-text-to-image-official-stable,text_to_image,image_generation,,,,ready,True,provider_local,True,not_implemented,runninghub,aspect_ratio,,
enabled,user_config_projection,data/api_providers.json,,runninghub,runninghub,global,nano-banana2-gemini31flash-lite/image-to-image-channel-low-price,,,runninghub-nano-banana2-gemini31flash-lite,,,nano-banana2-gemini31flash-lite-image-to-image-channel-low-price,image_to_image,image_generation,,,,ready,True,provider_local,True,not_implemented,runninghub,aspect_ratio,,
enabled,user_config_projection,data/api_providers.json,,runninghub,runninghub,global,nano-banana2-gemini31flash-lite/image-to-image-official-stable,,,runninghub-nano-banana2-gemini31flash-lite,,,nano-banana2-gemini31flash-lite-image-to-image-official-stable,image_to_image,image_generation,,,,ready,True,provider_local,True,not_implemented,runninghub,aspect_ratio,,
enabled,user_config_projection,data/api_providers.json,,runninghub,runninghub,global,nano-banana2-gemini31flash-lite/text-to-image-channel-low-price,,,runninghub-nano-banana2-gemini31flash-lite,,,nano-banana2-gemini31flash-lite-text-to-image-channel-low-price,text_to_image,image_generation,,,,ready,True,provider_local,True,not_implemented,runninghub,aspect_ratio,,
enabled,user_config_projection,data/api_providers.json,,runninghub,runninghub,global,nano-banana2-gemini31flash-lite/text-to-image-official-stable,,,runninghub-nano-banana2-gemini31flash-lite,,,nano-banana2-gemini31flash-lite-text-to-image-official-stable,text_to_image,image_generation,,,,ready,True,provider_local,True,not_implemented,runninghub,aspect_ratio,,
enabled,user_config_projection,data/api_providers.json,,runninghub,runninghub,global,nano-banana2-gemini31flash/image-to-image-channel-low-price,,,runninghub-nano-banana2-gemini31flash,,,nano-banana2-gemini31flash-image-to-image-channel-low-price,image_to_image,image_generation,,,,ready,True,provider_local,True,not_implemented,runninghub,aspect_ratio|resolution,,
enabled,user_config_projection,data/api_providers.json,,runninghub,runninghub,global,nano-banana2-gemini31flash/image-to-image-official-stable,,,runninghub-nano-banana2-gemini31flash,,,nano-banana2-gemini31flash-image-to-image-official-stable,image_to_image,image_generation,,,,ready,True,provider_local,True,not_implemented,runninghub,aspect_ratio|resolution,,
enabled,user_config_projection,data/api_providers.json,,runninghub,runninghub,global,nano-banana2-gemini31flash/text-to-image-channel-low-price,,,runninghub-nano-banana2-gemini31flash,,,nano-banana2-gemini31flash-text-to-image-channel-low-price,text_to_image,image_generation,,,,ready,True,provider_local,True,not_implemented,runninghub,aspect_ratio|resolution,,
enabled,user_config_projection,data/api_providers.json,,runninghub,runninghub,global,nano-banana2-gemini31flash/text-to-image-official-stable,,,runninghub-nano-banana2-gemini31flash,,,nano-banana2-gemini31flash-text-to-image-official-stable,text_to_image,image_generation,,,,ready,True,provider_local,True,not_implemented,runninghub,aspect_ratio|resolution,,
enabled,user_config_projection,data/api_providers.json,,runninghub,runninghub,global,qwen-image-2.0-pro/image-edit,,,runninghub-qwen-image-2.0-pro,,,qwen-image-2.0-pro-image-edit,image_to_image,image_generation,,,,ready,True,provider_local,True,not_implemented,runninghub,imageNum|negativePrompt|size,,
enabled,user_config_projection,data/api_providers.json,,runninghub,runninghub,global,qwen-image-2.0-pro/text-to-image,,,runninghub-qwen-image-2.0-pro,,,qwen-image-2.0-pro-text-to-image,text_to_image,image_generation,,,,ready,True,provider_local,True,not_implemented,runninghub,imageNum|negativePrompt|promptExtend|size,,
enabled,user_config_projection,data/api_providers.json,,runninghub,runninghub,global,qwen-image-2.0/image-edit,,,runninghub-qwen-image-2.0,,,qwen-image-2.0-image-edit,image_to_image,image_generation,,,,ready,True,provider_local,True,not_implemented,runninghub,imageNum|negativePrompt|size,,
enabled,user_config_projection,data/api_providers.json,,runninghub,runninghub,global,qwen-image-2.0/text-to-image,,,runninghub-qwen-image-2.0,,,qwen-image-2.0-text-to-image,text_to_image,image_generation,,,,ready,True,provider_local,True,not_implemented,runninghub,imageNum|negativePrompt|promptExtend|size,,
enabled,user_config_projection,data/api_providers.json,,runninghub,runninghub,global,qwen-image-3.0-pro/image-edit,,,runninghub-qwen-image-3.0-pro,,,qwen-image-3.0-pro-image-edit,image_to_image,image_generation,,,,ready,True,provider_local,True,not_implemented,runninghub,imageNum|negativePrompt|promptExtend|promptExtendMode|seed|size,,
enabled,user_config_projection,data/api_providers.json,,runninghub,runninghub,global,qwen-image-3.0-pro/text-to-image,,,runninghub-qwen-image-3.0-pro,,,qwen-image-3.0-pro-text-to-image,text_to_image,image_generation,,,,ready,True,provider_local,True,not_implemented,runninghub,imageNum|negativePrompt|promptExtend|promptExtendMode|seed|size,,
enabled,user_config_projection,data/api_providers.json,,runninghub,runninghub,global,qwen-image-3.0/image-edit,,,runninghub-qwen-image-3.0,,,qwen-image-3.0-image-edit,image_to_image,image_generation,,,,ready,True,provider_local,True,not_implemented,runninghub,imageNum|negativePrompt|promptExtend|promptExtendMode|seed|size,,
enabled,user_config_projection,data/api_providers.json,,runninghub,runninghub,global,qwen-image-3.0/text-to-image,,,runninghub-qwen-image-3.0,,,qwen-image-3.0-text-to-image,text_to_image,image_generation,,,,ready,True,provider_local,True,not_implemented,runninghub,imageNum|negativePrompt|promptExtend|promptExtendMode|seed|size,,
enabled,user_config_projection,data/api_providers.json,,runninghub,runninghub,global,seedream-v4.5/image-to-image,,,runninghub-seedream-v4.5,,,seedream-v4.5-image-to-image,image_to_image,image_generation,,,,ready,True,provider_local,True,not_implemented,runninghub,height|maxImages|resolution|sequentialImageGeneration|width,,
enabled,user_config_projection,data/api_providers.json,,runninghub,runninghub,global,seedream-v4.5/text-to-image,,,runninghub-seedream-v4.5,,,seedream-v4.5-text-to-image,text_to_image,image_generation,,,,ready,True,provider_local,True,not_implemented,runninghub,height|maxImages|resolution|sequentialImageGeneration|width,,
enabled,user_config_projection,data/api_providers.json,,runninghub,runninghub,global,seedream-v4/image-to-image,,,runninghub-seedream-v4,,,seedream-v4-image-to-image,image_to_image,image_generation,,,,ready,True,provider_local,True,not_implemented,runninghub,height|maxImages|resolution|sequentialImageGeneration|width,,
enabled,user_config_projection,data/api_providers.json,,runninghub,runninghub,global,seedream-v4/text-to-image,,,runninghub-seedream-v4,,,seedream-v4-text-to-image,text_to_image,image_generation,,,,ready,True,provider_local,True,not_implemented,runninghub,height|maxImages|resolution|sequentialImageGeneration|width,,
enabled,user_config_projection,data/api_providers.json,,runninghub,runninghub,global,seedream-v5-lite/image-to-image,,,runninghub-seedream-v5-lite,,,seedream-v5-lite-image-to-image,image_to_image,image_generation,,,,ready,True,provider_local,True,not_implemented,runninghub,height|maxImages|resolution|sequentialImageGeneration|width,,
enabled,user_config_projection,data/api_providers.json,,runninghub,runninghub,global,seedream-v5-lite/text-to-image,,,runninghub-seedream-v5-lite,,,seedream-v5-lite-text-to-image,text_to_image,image_generation,,,,ready,True,provider_local,True,not_implemented,runninghub,height|maxImages|resolution|sequentialImageGeneration|toolsType|width,,
enabled,user_config_projection,data/api_providers.json,,runninghub,runninghub,global,seedream-v5-pro/image-to-image,,,runninghub-seedream-v5-pro,,,seedream-v5-pro-image-to-image,image_to_image,image_generation,,,,ready,True,provider_local,True,not_implemented,runninghub,height|outputFormat|resolution|width,,
enabled,user_config_projection,data/api_providers.json,,runninghub,runninghub,global,seedream-v5-pro/text-to-image,,,runninghub-seedream-v5-pro,,,seedream-v5-pro-text-to-image,text_to_image,image_generation,,,,ready,True,provider_local,True,not_implemented,runninghub,height|outputFormat|resolution|width,,
enabled,user_config_projection,data/api_providers.json,,runninghub,runninghub,global,topazlabs-image-gigapixel-art-and-cgi,,,runninghub-topazlabs-image,,,topazlabs-image-gigapixel-art-and-cgi,image_enhancement,image_generation,,,,ready,True,provider_local,True,not_implemented,runninghub,cropToFill|deblurStrength|denoise|faceEnhancement|faceEnhancementCreativity|faceEnhancementStrength|fixCompression|outputFormat|outputHeight|outputWidth|sharpen|strength|subjectDetection,,
enabled,user_config_projection,data/api_providers.json,,runninghub,runninghub,global,topazlabs-image-gigapixel-high-fidelity-2,,,runninghub-topazlabs-image,,,topazlabs-image-gigapixel-high-fidelity-2,image_enhancement,image_generation,,,,ready,True,provider_local,True,not_implemented,runninghub,cropToFill|denoise|faceEnhancement|faceEnhancementCreativity|faceEnhancementStrength|fixCompression|outputFormat|outputHeight|outputWidth|sharpen|strength|subjectDetection,,
enabled,user_config_projection,data/api_providers.json,,runninghub,runninghub,global,topazlabs-image-gigapixel-low-resolution-2,,,runninghub-topazlabs-image,,,topazlabs-image-gigapixel-low-resolution-2,image_enhancement,image_generation,,,,ready,True,provider_local,True,not_implemented,runninghub,cropToFill|denoise|faceEnhancement|faceEnhancementCreativity|faceEnhancementStrength|fixCompression|outputFormat|outputHeight|outputWidth|sharpen|strength|subjectDetection,,
enabled,user_config_projection,data/api_providers.json,,runninghub,runninghub,global,topazlabs-image-gigapixel-standard-2,,,runninghub-topazlabs-image,,,topazlabs-image-gigapixel-standard-2,image_enhancement,image_generation,,,,ready,True,provider_local,True,not_implemented,runninghub,cropToFill|denoise|faceEnhancement|faceEnhancementCreativity|faceEnhancementStrength|fixCompression|outputFormat|outputHeight|outputWidth|sharpen|strength|subjectDetection,,
enabled,user_config_projection,data/api_providers.json,,runninghub,runninghub,global,topazlabs-image-gigapixel-text-and-shapes,,,runninghub-topazlabs-image,,,topazlabs-image-gigapixel-text-and-shapes,image_enhancement,image_generation,,,,ready,True,provider_local,True,not_implemented,runninghub,cropToFill|deblurStrength|decompressionStrength|denoise|denoiseStrength|faceEnhancement|faceEnhancementCreativity|faceEnhancementStrength|fixCompression|opacity|outputFormat|outputHeight|outputWidth|sharpen|strength|subjectDetection,,
enabled,user_config_projection,data/api_providers.json,,runninghub,runninghub,global,topazlabs-image-upscale low resolution v2,,,runninghub-topazlabs-image,,,topazlabs-image-upscale-low-resolution-v2,image_enhancement,image_generation,,,,ready,True,provider_local,True,not_implemented,runninghub,faceEnhancement|faceEnhancementCreativity|faceEnhancementStrength|scale|subjectDetection,,
enabled,user_config_projection,data/api_providers.json,,runninghub,runninghub,global,topazlabs-image-upscale-cgi,,,runninghub-topazlabs-image,,,topazlabs-image-upscale-cgi,image_enhancement,image_generation,,,,ready,True,provider_local,True,not_implemented,runninghub,faceEnhancement|faceEnhancementCreativity|faceEnhancementStrength|scale|subjectDetection,,
enabled,user_config_projection,data/api_providers.json,,runninghub,runninghub,global,topazlabs-image-upscale-detail-faces,,,runninghub-topazlabs-image,,,topazlabs-image-upscale-detail-faces,image_enhancement,image_generation,,,,ready,True,provider_local,True,not_implemented,runninghub,cropToFill|detailStrength|outputFormat|outputHeight|outputWidth,,
enabled,user_config_projection,data/api_providers.json,,runninghub,runninghub,global,topazlabs-image-upscale-high fidelity v2,,,runninghub-topazlabs-image,,,topazlabs-image-upscale-high-fidelity-v2,image_enhancement,image_generation,,,,ready,True,provider_local,True,not_implemented,runninghub,faceEnhancement|faceEnhancementCreativity|faceEnhancementStrength|scale|subjectDetection,,
enabled,user_config_projection,data/api_providers.json,,runninghub,runninghub,global,topazlabs-image-upscale-high-fidelity-v3,,,runninghub-topazlabs-image,,,topazlabs-image-upscale-high-fidelity-v3,image_enhancement,image_generation,,,,ready,True,provider_local,True,not_implemented,runninghub,cropToFill|denoise|faceEnhancement|faceEnhancementCreativity|faceEnhancementStrength|fixCompression|opacity|outputFormat|outputHeight|outputWidth|recoveryStrength|sharpen|strength|subjectDetection,,
enabled,user_config_projection,data/api_providers.json,,runninghub,runninghub,global,topazlabs-image-upscale-standard-v2,,,runninghub-topazlabs-image,,,topazlabs-image-upscale-standard-v2,image_enhancement,image_generation,,,,ready,True,provider_local,True,not_implemented,runninghub,faceEnhancement|faceEnhancementCreativity|faceEnhancementStrength|scale|subjectDetection,,
enabled,user_config_projection,data/api_providers.json,,runninghub,runninghub,global,topazlabs-image-upscale-text refine,,,runninghub-topazlabs-image,,,topazlabs-image-upscale-text-refine,image_enhancement,image_generation,,,,ready,True,provider_local,True,not_implemented,runninghub,faceEnhancement|faceEnhancementCreativity|faceEnhancementStrength|scale|subjectDetection,,
enabled,user_config_projection,data/api_providers.json,,runninghub,runninghub,global,topazlabs-image-upscale-transparent,,,runninghub-topazlabs-image,,,topazlabs-image-upscale-transparent,image_enhancement,image_generation,,,,ready,True,provider_local,True,not_implemented,runninghub,cropToFill|outputFormat|outputHeight|outputWidth,,
enabled,user_config_projection,data/api_providers.json,,runninghub,runninghub,global,wan-2.5-preview/image-to-image,,,runninghub-wan-2.5,,,wan-2.5-preview-image-to-image,image_to_image,image_generation,,,,ready,True,provider_local,True,not_implemented,runninghub,count|negativePrompt|promptExtend|seed|size,,
enabled,user_config_projection,data/api_providers.json,,runninghub,runninghub,global,wan-2.5-preview/text-to-image,,,runninghub-wan-2.5,,,wan-2.5-preview-text-to-image,text_to_image,image_generation,,,,ready,True,provider_local,True,not_implemented,runninghub,count|negativePrompt|promptExtend|seed|size,,
enabled,user_config_projection,data/api_providers.json,,runninghub,runninghub,global,wan-2.7/image-edit,,,runninghub-wan-2.7,,,wan-2.7-image-edit,image_to_image,image_generation,,,,ready,True,provider_local,True,not_implemented,runninghub,height|width,,
enabled,user_config_projection,data/api_providers.json,,runninghub,runninghub,global,wan-2.7/image-edit-pro,,,runninghub-wan-2.7,,,wan-2.7-image-edit-pro,image_to_image,image_generation,,,,ready,True,provider_local,True,not_implemented,runninghub,height|width,,
enabled,user_config_projection,data/api_providers.json,,runninghub,runninghub,global,wan-2.7/text-to-image,,,runninghub-wan-2.7,,,wan-2.7-text-to-image,text_to_image,image_generation,,,,ready,True,provider_local,True,not_implemented,runninghub,height|thinkingMode|width,,
enabled,user_config_projection,data/api_providers.json,,runninghub,runninghub,global,wan-2.7/text-to-image-pro,,,runninghub-wan-2.7,,,wan-2.7-text-to-image-pro,text_to_image,image_generation,,,,ready,True,provider_local,True,not_implemented,runninghub,height|thinkingMode|width,,
enabled,user_config_projection,data/api_providers.json,,runninghub,runninghub,global,xai/grok-imagine-image/edit-official-stable,,,runninghub-xai-grok-imagine-image,,,xai-grok-imagine-image-edit-official-stable,image_to_image,image_generation,,,,ready,True,provider_local,True,not_implemented,runninghub,,,NO_PARAMETER_FIELDS
enabled,user_config_projection,data/api_providers.json,,runninghub,runninghub,global,xai/grok-imagine-image/text-to-image-official-stable,,,runninghub-xai-grok-imagine-image,,,xai-grok-imagine-image-text-to-image-official-stable,text_to_image,image_generation,,,,ready,True,provider_local,True,not_implemented,runninghub,aspect_ratio|outputFormat,,
enabled,user_config_projection,data/api_providers.json,,runninghub,runninghub,global,xai/rhart-imagine-image-quality/edit-official-stable,,,runninghub-xai-rhart-imagine-image-quality,,,xai-rhart-imagine-image-quality-edit-official-stable,image_to_image,image_generation,,,,ready,True,provider_local,True,not_implemented,runninghub,aspect_ratio|numImages|outputFormat|resolution,,
enabled,user_config_projection,data/api_providers.json,,runninghub,runninghub,global,xai/rhart-imagine-image-quality/text-to-image-official-stable,,,runninghub-xai-rhart-imagine-image-quality,,,xai-rhart-imagine-image-quality-text-to-image-official-stable,text_to_image,image_generation,,,,ready,True,provider_local,True,not_implemented,runninghub,aspect_ratio|numImages|outputFormat|resolution,,
enabled,user_config_projection,data/api_providers.json,,runninghub,runninghub,global,MiniMax-H3 Image-to-Video (first/last frame),,,runninghub-minimax-h3,,,minimax-h3-image-to-video-first-last-frame,image_to_video,video_generation,,,,ready,True,provider_local,True,not_implemented,runninghub,duration|resolution,,
enabled,user_config_projection,data/api_providers.json,,runninghub,runninghub,global,MiniMax-H3 Image-to-Video Regeneration (768P->2K),,,runninghub-minimax-h3,,,minimax-h3-image-to-video-regeneration-768p-2k,multimodal_to_video,video_generation,,,,ready,True,provider_local,True,not_implemented,runninghub,resolution,,
enabled,user_config_projection,data/api_providers.json,,runninghub,runninghub,global,MiniMax-H3 Multimodal Reference-to-Video,,,runninghub-minimax-h3,,,minimax-h3-multimodal-reference-to-video,multimodal_to_video,video_generation,,,,ready,True,provider_local,True,not_implemented,runninghub,aspect_ratio|duration|resolution,,
enabled,user_config_projection,data/api_providers.json,,runninghub,runninghub,global,MiniMax-H3 Multimodal Reference-to-Video Regeneration (768P->2K),,,runninghub-minimax-h3,,,minimax-h3-multimodal-reference-to-video-regeneration-768p-2k,multimodal_to_video,video_generation,,,,ready,True,provider_local,True,not_implemented,runninghub,resolution,,
enabled,user_config_projection,data/api_providers.json,,runninghub,runninghub,global,MiniMax-H3 Text-to-Video,,,runninghub-minimax-h3,,,minimax-h3-text-to-video,text_to_video,video_generation,,,,ready,True,provider_local,True,not_implemented,runninghub,aspect_ratio|duration|resolution,,
enabled,user_config_projection,data/api_providers.json,,runninghub,runninghub,global,MiniMax-H3 Text-to-Video Regeneration (768P->2K),,,runninghub-minimax-h3,,,minimax-h3-text-to-video-regeneration-768p-2k,multimodal_to_video,video_generation,,,,ready,True,provider_local,True,not_implemented,runninghub,resolution,,
enabled,user_config_projection,data/api_providers.json,,runninghub,runninghub,global,Seedance2.0 Fast Image to Video,,,runninghub-seedance-2.0,,,seedance2.0-fast-image-to-video,image_to_video,video_generation,,,,ready,True,provider_local,True,not_implemented,runninghub,aspect_ratio|duration|generate_audio|resolution|return_last_frame,,
enabled,user_config_projection,data/api_providers.json,,runninghub,runninghub,global,Seedance2.0 Fast Multimodal Video,,,runninghub-seedance-2.0,,,seedance2.0-fast-multimodal-video,multimodal_to_video,video_generation,,,,ready,True,provider_local,True,not_implemented,runninghub,aspect_ratio|duration|generate_audio|resolution|return_last_frame,,
enabled,user_config_projection,data/api_providers.json,,runninghub,runninghub,global,Seedance2.0 Fast Text to Video,,,runninghub-seedance-2.0,,,seedance2.0-fast-text-to-video,text_to_video,video_generation,,,,ready,True,provider_local,True,not_implemented,runninghub,aspect_ratio|duration|generate_audio|resolution|return_last_frame|webSearch,,
enabled,user_config_projection,data/api_providers.json,,runninghub,runninghub,global,Seedance2.0 Image to Video,,,runninghub-seedance-2.0,,,seedance2.0-image-to-video,image_to_video,video_generation,,,,ready,True,provider_local,True,not_implemented,runninghub,aspect_ratio|duration|generate_audio|resolution|return_last_frame,,
enabled,user_config_projection,data/api_providers.json,,runninghub,runninghub,global,Seedance2.0 Multimodal Video,,,runninghub-seedance-2.0,,,seedance2.0-multimodal-video,multimodal_to_video,video_generation,,,,ready,True,provider_local,True,not_implemented,runninghub,aspect_ratio|duration|generate_audio|resolution|return_last_frame,,
enabled,user_config_projection,data/api_providers.json,,runninghub,runninghub,global,Seedance2.0 Text to Video,,,runninghub-seedance-2.0,,,seedance2.0-text-to-video,text_to_video,video_generation,,,,ready,True,provider_local,True,not_implemented,runninghub,aspect_ratio|duration|generate_audio|resolution|return_last_frame|webSearch,,
enabled,user_config_projection,data/api_providers.json,,runninghub,runninghub,global,Stephen Chow IP Video Gen(Seedance 2.0),,,runninghub-seedance-2.0,,,stephen-chow-ip-video-gen-seedance-2.0,image_to_video,video_generation,,,,ready,True,provider_local,True,not_implemented,runninghub,aspect_ratio|duration|resolution|templateId,,
enabled,user_config_projection,data/api_providers.json,,runninghub,runninghub,global,Stephen Chow IP Video Gen-Fast (Seedance 2.0 Fast),,,runninghub-seedance-2.0,,,stephen-chow-ip-video-gen-fast-seedance-2.0-fast,image_to_video,video_generation,,,,ready,True,provider_local,True,not_implemented,runninghub,aspect_ratio|duration|resolution|templateId,,
enabled,user_config_projection,data/api_providers.json,,runninghub,runninghub,global,Vidu-image-to-video-q2-pro,,,runninghub-vidu-q2,,,vidu-image-to-video-q2-pro,image_to_video,video_generation,,,,ready,True,provider_local,True,not_implemented,runninghub,bgm|duration|movementAmplitude|resolution,,
enabled,user_config_projection,data/api_providers.json,,runninghub,runninghub,global,Vidu-image-to-video-q2-pro-fast,,,runninghub-vidu-q2,,,vidu-image-to-video-q2-pro-fast,image_to_video,video_generation,,,,ready,True,provider_local,True,not_implemented,runninghub,bgm|duration|movementAmplitude|resolution,,
enabled,user_config_projection,data/api_providers.json,,runninghub,runninghub,global,Vidu-image-to-video-q2-turbo,,,runninghub-vidu-q2,,,vidu-image-to-video-q2-turbo,image_to_video,video_generation,,,,ready,True,provider_local,True,not_implemented,runninghub,bgm|duration|movementAmplitude|resolution,,
enabled,user_config_projection,data/api_providers.json,,runninghub,runninghub,global,Vidu-image-to-video-q3-pro,,,runninghub-vidu-q3,,,vidu-image-to-video-q3-pro,image_to_video,video_generation,,,,ready,True,provider_local,True,not_implemented,runninghub,audio|duration|resolution,,
enabled,user_config_projection,data/api_providers.json,,runninghub,runninghub,global,Vidu-image-to-video-q3-pro-fast,,,runninghub-vidu-q3,,,vidu-image-to-video-q3-pro-fast,image_to_video,video_generation,,,,ready,True,provider_local,True,not_implemented,runninghub,audio|duration|resolution,,
enabled,user_config_projection,data/api_providers.json,,runninghub,runninghub,global,Vidu-image-to-video-q3-turbo,,,runninghub-vidu-q3,,,vidu-image-to-video-q3-turbo,image_to_video,video_generation,,,,ready,True,provider_local,True,not_implemented,runninghub,audio|duration|resolution,,
enabled,user_config_projection,data/api_providers.json,,runninghub,runninghub,global,Vidu-reference-to-video-q2,,,runninghub-vidu-q2,,,vidu-reference-to-video-q2,image_to_video,video_generation,,,,ready,True,provider_local,True,not_implemented,runninghub,aspect_ratio|duration|movementAmplitude|resolution,,
enabled,user_config_projection,data/api_providers.json,,runninghub,runninghub,global,Vidu-reference-to-video-q2-pro,,,runninghub-vidu-q2,,,vidu-reference-to-video-q2-pro,multimodal_to_video,video_generation,,,,ready,True,provider_local,True,not_implemented,runninghub,aspect_ratio|duration|movementAmplitude|resolution,,
enabled,user_config_projection,data/api_providers.json,,runninghub,runninghub,global,Vidu-reference-to-video-q3,,,runninghub-vidu-q3,,,vidu-reference-to-video-q3,image_to_video,video_generation,,,,ready,True,provider_local,True,not_implemented,runninghub,aspect_ratio|audio|duration|resolution,,
enabled,user_config_projection,data/api_providers.json,,runninghub,runninghub,global,Vidu-reference-to-video-q3-ad,,,runninghub-vidu-q3,,,vidu-reference-to-video-q3-ad,image_to_video,video_generation,,,,ready,True,provider_local,True,not_implemented,runninghub,aspect_ratio|audio|duration|resolution,,
enabled,user_config_projection,data/api_providers.json,,runninghub,runninghub,global,Vidu-reference-to-video-q3-drama,,,runninghub-vidu-q3,,,vidu-reference-to-video-q3-drama,image_to_video,video_generation,,,,ready,True,provider_local,True,not_implemented,runninghub,aspect_ratio|audio|duration|resolution,,
enabled,user_config_projection,data/api_providers.json,,runninghub,runninghub,global,Vidu-reference-to-video-q3-mix,,,runninghub-vidu-q3,,,vidu-reference-to-video-q3-mix,image_to_video,video_generation,,,,ready,True,provider_local,True,not_implemented,runninghub,aspect_ratio|audio|duration|resolution,,
enabled,user_config_projection,data/api_providers.json,,runninghub,runninghub,global,Vidu-start-end-to-video-q2-pro,,,runninghub-vidu-q2,,,vidu-start-end-to-video-q2-pro,image_to_video,video_generation,,,,ready,True,provider_local,True,not_implemented,runninghub,bgm|duration|movementAmplitude|resolution,,
enabled,user_config_projection,data/api_providers.json,,runninghub,runninghub,global,Vidu-start-end-to-video-q2-pro-fast,,,runninghub-vidu-q2,,,vidu-start-end-to-video-q2-pro-fast,image_to_video,video_generation,,,,ready,True,provider_local,True,not_implemented,runninghub,bgm|duration|movementAmplitude|resolution,,
enabled,user_config_projection,data/api_providers.json,,runninghub,runninghub,global,Vidu-start-end-to-video-q2-turbo,,,runninghub-vidu-q2,,,vidu-start-end-to-video-q2-turbo,image_to_video,video_generation,,,,ready,True,provider_local,True,not_implemented,runninghub,bgm|duration|movementAmplitude|resolution,,
enabled,user_config_projection,data/api_providers.json,,runninghub,runninghub,global,Vidu-start-end-to-video-q3-pro,,,runninghub-vidu-q3,,,vidu-start-end-to-video-q3-pro,image_to_video,video_generation,,,,ready,True,provider_local,True,not_implemented,runninghub,audio|duration|movementAmplitude|resolution,,
enabled,user_config_projection,data/api_providers.json,,runninghub,runninghub,global,Vidu-start-end-to-video-q3-pro-fast,,,runninghub-vidu-q3,,,vidu-start-end-to-video-q3-pro-fast,image_to_video,video_generation,,,,ready,True,provider_local,True,not_implemented,runninghub,audio|duration|resolution,,
enabled,user_config_projection,data/api_providers.json,,runninghub,runninghub,global,Vidu-start-end-to-video-q3-turbo,,,runninghub-vidu-q3,,,vidu-start-end-to-video-q3-turbo,image_to_video,video_generation,,,,ready,True,provider_local,True,not_implemented,runninghub,audio|duration|movementAmplitude|resolution,,
enabled,user_config_projection,data/api_providers.json,,runninghub,runninghub,global,Vidu-text-to-video-q2,,,runninghub-vidu-q2,,,vidu-text-to-video-q2,text_to_video,video_generation,,,,ready,True,provider_local,True,not_implemented,runninghub,aspect_ratio|duration|movementAmplitude|resolution|style,,
enabled,user_config_projection,data/api_providers.json,,runninghub,runninghub,global,Vidu-text-to-video-q3-pro,,,runninghub-vidu-q3,,,vidu-text-to-video-q3-pro,text_to_video,video_generation,,,,ready,True,provider_local,True,not_implemented,runninghub,aspect_ratio|audio|duration|resolution|style,,
enabled,user_config_projection,data/api_providers.json,,runninghub,runninghub,global,Vidu-text-to-video-q3-pro-fast,,,runninghub-vidu-q3,,,vidu-text-to-video-q3-pro-fast,text_to_video,video_generation,,,,ready,True,provider_local,True,not_implemented,runninghub,aspect_ratio|audio|duration|resolution,,
enabled,user_config_projection,data/api_providers.json,,runninghub,runninghub,global,Vidu-text-to-video-q3-turbo,,,runninghub-vidu-q3,,,vidu-text-to-video-q3-turbo,text_to_video,video_generation,,,,ready,True,provider_local,True,not_implemented,runninghub,aspect_ratio|audio|duration|resolution|style,,
enabled,user_config_projection,data/api_providers.json,,runninghub,runninghub,global,alibaba/wan-2.6/image-to-video,,,runninghub-alibaba-wan-2.6,,,alibaba-wan-2.6-image-to-video,image_to_video,video_generation,,,,ready,True,provider_local,True,not_implemented,runninghub,duration|negativePrompt|resolution|shotType,,
enabled,user_config_projection,data/api_providers.json,,runninghub,runninghub,global,alibaba/wan-2.6/text-to-video,,,runninghub-alibaba-wan-2.6,,,alibaba-wan-2.6-text-to-video,text_to_video,video_generation,,,,ready,True,provider_local,True,not_implemented,runninghub,duration|negativePrompt|resolution|shotType,,
enabled,user_config_projection,data/api_providers.json,,runninghub,runninghub,global,flux-3-video/draft-enhance,,,runninghub-flux-3-video-draft-enhance,,,flux-3-video-draft-enhance,text_to_video,video_generation,,,,ready,True,provider_local,True,not_implemented,runninghub,draftCache|resolution|safetyTolerance,,
enabled,user_config_projection,data/api_providers.json,,runninghub,runninghub,global,flux-3-video/image-to-video,,,runninghub-flux-3-video,,,flux-3-video-image-to-video,image_to_video,video_generation,,,,ready,True,provider_local,True,not_implemented,runninghub,aspect_ratio|draft|duration|generate_audio|resolution|safetyTolerance,,
enabled,user_config_projection,data/api_providers.json,,runninghub,runninghub,global,flux-3-video/text-to-video,,,runninghub-flux-3-video,,,flux-3-video-text-to-video,text_to_video,video_generation,,,,ready,True,provider_local,True,not_implemented,runninghub,aspect_ratio|draft|duration|generate_audio|resolution|safetyTolerance,,
enabled,user_config_projection,data/api_providers.json,,runninghub,runninghub,global,flux-3-video/video-continuation,,,runninghub-flux-3-video,,,flux-3-video-video-continuation,video_extend,video_generation,,,,ready,True,provider_local,True,not_implemented,runninghub,aspect_ratio|draft|duration|generate_audio|resolution|safetyTolerance,,
enabled,user_config_projection,data/api_providers.json,,runninghub,runninghub,global,gemini-omni-flash/image-to-video/channel-low-price,,,runninghub-gemini-omni-flash,,,gemini-omni-flash-image-to-video-channel-low-price,image_to_video,video_generation,,,,ready,True,provider_local,True,not_implemented,runninghub,aspect_ratio|duration|resolution,,
enabled,user_config_projection,data/api_providers.json,,runninghub,runninghub,global,gemini-omni-flash/text-to-video/channel-low-price,,,runninghub-gemini-omni-flash,,,gemini-omni-flash-text-to-video-channel-low-price,text_to_video,video_generation,,,,ready,True,provider_local,True,not_implemented,runninghub,aspect_ratio|duration|resolution,,
enabled,user_config_projection,data/api_providers.json,,runninghub,runninghub,global,gemini-omni-flash/video-edit/channel-low-price,,,runninghub-gemini-omni-flash,,,gemini-omni-flash-video-edit-channel-low-price,video_to_video,video_generation,,,,ready,True,provider_local,True,not_implemented,runninghub,aspect_ratio|resolution,,
enabled,user_config_projection,data/api_providers.json,,runninghub,runninghub,global,google/veo3.1-fast/image-to-video-channel-low-price,,,runninghub-google-veo3.1,,,google-veo3.1-fast-image-to-video-channel-low-price,image_to_video,video_generation,,,,ready,True,provider_local,True,not_implemented,runninghub,aspect_ratio|duration|resolution,,
enabled,user_config_projection,data/api_providers.json,,runninghub,runninghub,global,google/veo3.1-fast/image-to-video-official-stable,,,runninghub-google-veo3.1,,,google-veo3.1-fast-image-to-video-official-stable,image_to_video,video_generation,,,,ready,True,provider_local,True,not_implemented,runninghub,aspect_ratio|duration|generate_audio|negativePrompt|resolution|seed,,
enabled,user_config_projection,data/api_providers.json,,runninghub,runninghub,global,google/veo3.1-fast/reference-to-video-official-stable,,,runninghub-google-veo3.1,,,google-veo3.1-fast-reference-to-video-official-stable,image_to_video,video_generation,,,,ready,True,provider_local,True,not_implemented,runninghub,aspect_ratio|generate_audio|negativePrompt|resolution|seed,,
enabled,user_config_projection,data/api_providers.json,,runninghub,runninghub,global,google/veo3.1-fast/start-end-to-video-channel-low-price,,,runninghub-google-veo3.1,,,google-veo3.1-fast-start-end-to-video-channel-low-price,image_to_video,video_generation,,,,ready,True,provider_local,True,not_implemented,runninghub,aspect_ratio|duration|resolution,,
enabled,user_config_projection,data/api_providers.json,,runninghub,runninghub,global,google/veo3.1-fast/text-to-video-channel-low-price,,,runninghub-google-veo3.1,,,google-veo3.1-fast-text-to-video-channel-low-price,text_to_video,video_generation,,,,ready,True,provider_local,True,not_implemented,runninghub,aspect_ratio|duration|resolution,,
enabled,user_config_projection,data/api_providers.json,,runninghub,runninghub,global,google/veo3.1-fast/text-to-video-official-stable,,,runninghub-google-veo3.1,,,google-veo3.1-fast-text-to-video-official-stable,text_to_video,video_generation,,,,ready,True,provider_local,True,not_implemented,runninghub,aspect_ratio|duration|generate_audio|negativePrompt|resolution|seed,,
enabled,user_config_projection,data/api_providers.json,,runninghub,runninghub,global,google/veo3.1-fast/video-extend-official-stable,,,runninghub-google-veo3.1,,,google-veo3.1-fast-video-extend-official-stable,video_extend,video_generation,,,,ready,True,provider_local,True,not_implemented,runninghub,negativePrompt|resolution|seed,,
enabled,user_config_projection,data/api_providers.json,,runninghub,runninghub,global,google/veo3.1-lite/image-to-video-channel-low-price,,,runninghub-google-veo3.1,,,google-veo3.1-lite-image-to-video-channel-low-price,image_to_video,video_generation,,,,ready,True,provider_local,True,not_implemented,runninghub,aspect_ratio|duration|resolution,,
enabled,user_config_projection,data/api_providers.json,,runninghub,runninghub,global,google/veo3.1-lite/image-to-video-official-stable,,,runninghub-google-veo3.1,,,google-veo3.1-lite-image-to-video-official-stable,image_to_video,video_generation,,,,ready,True,provider_local,True,not_implemented,runninghub,aspect_ratio|duration|negativePrompt|resolution|seed,,
enabled,user_config_projection,data/api_providers.json,,runninghub,runninghub,global,google/veo3.1-lite/start-end-to-video-official-stable,,,runninghub-google-veo3.1,,,google-veo3.1-lite-start-end-to-video-official-stable,image_to_video,video_generation,,,,ready,True,provider_local,True,not_implemented,runninghub,aspect_ratio|negativePrompt|resolution|seed,,
enabled,user_config_projection,data/api_providers.json,,runninghub,runninghub,global,google/veo3.1-lite/text-to-video-channel-low-price,,,runninghub-google-veo3.1,,,google-veo3.1-lite-text-to-video-channel-low-price,text_to_video,video_generation,,,,ready,True,provider_local,True,not_implemented,runninghub,aspect_ratio|duration|resolution,,
enabled,user_config_projection,data/api_providers.json,,runninghub,runninghub,global,google/veo3.1-lite/text-to-video-official-stable,,,runninghub-google-veo3.1,,,google-veo3.1-lite-text-to-video-official-stable,text_to_video,video_generation,,,,ready,True,provider_local,True,not_implemented,runninghub,aspect_ratio|duration|negativePrompt|resolution|seed,,
enabled,user_config_projection,data/api_providers.json,,runninghub,runninghub,global,google/veo3.1-pro/image-to-video-channel-low-price,,,runninghub-google-veo3.1,,,google-veo3.1-pro-image-to-video-channel-low-price,image_to_video,video_generation,,,,ready,True,provider_local,True,not_implemented,runninghub,aspect_ratio|duration|resolution,,
enabled,user_config_projection,data/api_providers.json,,runninghub,runninghub,global,google/veo3.1-pro/image-to-video-official-stable,,,runninghub-google-veo3.1,,,google-veo3.1-pro-image-to-video-official-stable,image_to_video,video_generation,,,,ready,True,provider_local,True,not_implemented,runninghub,aspect_ratio|duration|generate_audio|negativePrompt|resolution|seed,,
enabled,user_config_projection,data/api_providers.json,,runninghub,runninghub,global,google/veo3.1-pro/reference-to-video-official-stable,,,runninghub-google-veo3.1,,,google-veo3.1-pro-reference-to-video-official-stable,image_to_video,video_generation,,,,ready,True,provider_local,True,not_implemented,runninghub,generate_audio|negativePrompt|resolution|seed,,
enabled,user_config_projection,data/api_providers.json,,runninghub,runninghub,global,google/veo3.1-pro/start-end-to-video-channel-low-price,,,runninghub-google-veo3.1,,,google-veo3.1-pro-start-end-to-video-channel-low-price,image_to_video,video_generation,,,,ready,True,provider_local,True,not_implemented,runninghub,aspect_ratio|duration|resolution,,
enabled,user_config_projection,data/api_providers.json,,runninghub,runninghub,global,google/veo3.1-pro/text-to-video-channel-low-price,,,runninghub-google-veo3.1,,,google-veo3.1-pro-text-to-video-channel-low-price,text_to_video,video_generation,,,,ready,True,provider_local,True,not_implemented,runninghub,aspect_ratio|duration|resolution,,
enabled,user_config_projection,data/api_providers.json,,runninghub,runninghub,global,google/veo3.1-pro/text-to-video-official-stable,,,runninghub-google-veo3.1,,,google-veo3.1-pro-text-to-video-official-stable,text_to_video,video_generation,,,,ready,True,provider_local,True,not_implemented,runninghub,aspect_ratio|duration|generate_audio|negativePrompt|resolution|seed,,
enabled,user_config_projection,data/api_providers.json,,runninghub,runninghub,global,google/veo3.1-pro/video-extend-official-stable,,,runninghub-google-veo3.1,,,google-veo3.1-pro-video-extend-official-stable,video_extend,video_generation,,,,ready,True,provider_local,True,not_implemented,runninghub,negativePrompt|resolution|seed,,
enabled,user_config_projection,data/api_providers.json,,runninghub,runninghub,global,hailuo-02-fast,,,runninghub-hailuo-02,,,hailuo-02-fast,image_to_video,video_generation,,,,ready,True,provider_local,True,not_implemented,runninghub,duration|enablePromptExpansion,,
enabled,user_config_projection,data/api_providers.json,,runninghub,runninghub,global,hailuo-02-i2v-pro,,,runninghub-hailuo-02,,,hailuo-02-i2v-pro,image_to_video,video_generation,,,,ready,True,provider_local,True,not_implemented,runninghub,enablePromptExpansion,,
enabled,user_config_projection,data/api_providers.json,,runninghub,runninghub,global,hailuo-02-i2v-standard,,,runninghub-hailuo-02,,,hailuo-02-i2v-standard,image_to_video,video_generation,,,,ready,True,provider_local,True,not_implemented,runninghub,duration|enablePromptExpansion,,
enabled,user_config_projection,data/api_providers.json,,runninghub,runninghub,global,hailuo-02-pro,,,runninghub-hailuo-02,,,hailuo-02-pro,image_to_video,video_generation,,,,ready,True,provider_local,True,not_implemented,runninghub,duration|enablePromptExpansion,,
enabled,user_config_projection,data/api_providers.json,,runninghub,runninghub,global,hailuo-02-standard,,,runninghub-hailuo-02,,,hailuo-02-standard,image_to_video,video_generation,,,,ready,True,provider_local,True,not_implemented,runninghub,duration|enablePromptExpansion,,
enabled,user_config_projection,data/api_providers.json,,runninghub,runninghub,global,hailuo-02-t2v-pro,,,runninghub-hailuo-02,,,hailuo-02-t2v-pro,text_to_video,video_generation,,,,ready,True,provider_local,True,not_implemented,runninghub,enablePromptExpansion,,
enabled,user_config_projection,data/api_providers.json,,runninghub,runninghub,global,hailuo-02-t2v-standard,,,runninghub-hailuo-02,,,hailuo-02-t2v-standard,text_to_video,video_generation,,,,ready,True,provider_local,True,not_implemented,runninghub,duration|enablePromptExpansion,,
enabled,user_config_projection,data/api_providers.json,,runninghub,runninghub,global,hailuo-2.3-fast-pro/image-to-video,,,runninghub-hailuo-2.3,,,hailuo-2.3-fast-pro-image-to-video,image_to_video,video_generation,,,,ready,True,provider_local,True,not_implemented,runninghub,duration|enablePromptExpansion,,
enabled,user_config_projection,data/api_providers.json,,runninghub,runninghub,global,hailuo-2.3-fast/image-to-video,,,runninghub-hailuo-2.3,,,hailuo-2.3-fast-image-to-video,image_to_video,video_generation,,,,ready,True,provider_local,True,not_implemented,runninghub,duration|enablePromptExpansion,,
enabled,user_config_projection,data/api_providers.json,,runninghub,runninghub,global,hailuo-2.3-t2v-pro,,,runninghub-hailuo-2.3,,,hailuo-2.3-t2v-pro,text_to_video,video_generation,,,,ready,True,provider_local,True,not_implemented,runninghub,enablePromptExpansion,,
enabled,user_config_projection,data/api_providers.json,,runninghub,runninghub,global,hailuo-2.3-t2v-standard,,,runninghub-hailuo-2.3,,,hailuo-2.3-t2v-standard,text_to_video,video_generation,,,,ready,True,provider_local,True,not_implemented,runninghub,duration|enablePromptExpansion,,
enabled,user_config_projection,data/api_providers.json,,runninghub,runninghub,global,hailuo-2.3/i2v-pro,,,runninghub-hailuo-2.3,,,hailuo-2.3-i2v-pro,image_to_video,video_generation,,,,ready,True,provider_local,True,not_implemented,runninghub,enablePromptExpansion,,
enabled,user_config_projection,data/api_providers.json,,runninghub,runninghub,global,hailuo-2.3/i2v-standard,,,runninghub-hailuo-2.3,,,hailuo-2.3-i2v-standard,image_to_video,video_generation,,,,ready,True,provider_local,True,not_implemented,runninghub,duration|enablePromptExpansion,,
enabled,user_config_projection,data/api_providers.json,,runninghub,runninghub,global,happyhorse-1.0/image-to-video,,,runninghub-happyhorse-1.0,,,happyhorse-1.0-image-to-video,image_to_video,video_generation,,,,ready,True,provider_local,True,not_implemented,runninghub,duration|resolution|seed,,
enabled,user_config_projection,data/api_providers.json,,runninghub,runninghub,global,happyhorse-1.0/reference-to-video,,,runninghub-happyhorse-1.0,,,happyhorse-1.0-reference-to-video,image_to_video,video_generation,,,,ready,True,provider_local,True,not_implemented,runninghub,aspect_ratio|duration|resolution|seed,,
enabled,user_config_projection,data/api_providers.json,,runninghub,runninghub,global,happyhorse-1.0/text-to-video,,,runninghub-happyhorse-1.0,,,happyhorse-1.0-text-to-video,text_to_video,video_generation,,,,ready,True,provider_local,True,not_implemented,runninghub,aspect_ratio|duration|resolution|seed,,
enabled,user_config_projection,data/api_providers.json,,runninghub,runninghub,global,happyhorse-1.0/video-edit,,,runninghub-happyhorse-1.0,,,happyhorse-1.0-video-edit,video_to_video,video_generation,,,,ready,True,provider_local,True,not_implemented,runninghub,audioSetting|resolution|seed,,
enabled,user_config_projection,data/api_providers.json,,runninghub,runninghub,global,happyhorse-1.1/image-to-video,,,runninghub-happyhorse-1.1,,,happyhorse-1.1-image-to-video,image_to_video,video_generation,,,,ready,True,provider_local,True,not_implemented,runninghub,duration|resolution|seed,,
enabled,user_config_projection,data/api_providers.json,,runninghub,runninghub,global,happyhorse-1.1/reference-to-video,,,runninghub-happyhorse-1.1,,,happyhorse-1.1-reference-to-video,image_to_video,video_generation,,,,ready,True,provider_local,True,not_implemented,runninghub,aspect_ratio|duration|resolution|seed,,
enabled,user_config_projection,data/api_providers.json,,runninghub,runninghub,global,happyhorse-1.1/text-to-video,,,runninghub-happyhorse-1.1,,,happyhorse-1.1-text-to-video,text_to_video,video_generation,,,,ready,True,provider_local,True,not_implemented,runninghub,aspect_ratio|duration|resolution|seed,,
enabled,user_config_projection,data/api_providers.json,,runninghub,runninghub,global,higgsfield/dop/image-to-video,,,runninghub-higgsfield-dop,,,higgsfield-dop-image-to-video,image_to_video,video_generation,,,,ready,True,provider_local,True,not_implemented,runninghub,options,,
enabled,user_config_projection,data/api_providers.json,,runninghub,runninghub,global,kling-lip-sync/lip-sync-video,,,runninghub-kling-lip-sync-lip-sync-video,,,kling-lip-sync-lip-sync-video,lip_sync,video_generation,,,,ready,True,provider_local,True,not_implemented,runninghub,audioId|faceId|originalAudioVolume|sessionId|soundEndTime|soundInsertTime|soundStartTime|soundVolume,,
enabled,user_config_projection,data/api_providers.json,,runninghub,runninghub,global,kling-o3/element,,,runninghub-kling-o3,,,kling-o3-element,multimodal_to_video,video_generation,,,,ready,True,provider_local,True,not_implemented,runninghub,elementDescription|elementName|referenceType|tagList,,
enabled,user_config_projection,data/api_providers.json,,runninghub,runninghub,global,kling-v2-ai-avatar-pro/image-audio-to-video,,,runninghub-kling-v2-ai-avatar-pro-image-audio-to-video,,,kling-v2-ai-avatar-pro-image-audio-to-video,avatar_video,video_generation,,,,ready,True,provider_local,True,not_implemented,runninghub,,,NO_PARAMETER_FIELDS
enabled,user_config_projection,data/api_providers.json,,runninghub,runninghub,global,kling-v2-ai-avatar-standard/image-audio-to-video,,,runninghub-kling-v2-ai-avatar-standard-image-audio-to-video,,,kling-v2-ai-avatar-standard-image-audio-to-video,avatar_video,video_generation,,,,ready,True,provider_local,True,not_implemented,runninghub,,,NO_PARAMETER_FIELDS
enabled,user_config_projection,data/api_providers.json,,runninghub,runninghub,global,kling-v2.5-turbo-pro/image-to-video,,,runninghub-kling-2.5,,,kling-v2.5-turbo-pro-image-to-video,image_to_video,video_generation,,,,ready,True,provider_local,True,not_implemented,runninghub,duration|guidanceScale|negativePrompt,,
enabled,user_config_projection,data/api_providers.json,,runninghub,runninghub,global,kling-v2.5-turbo-pro/text-to-video,,,runninghub-kling-2.5,,,kling-v2.5-turbo-pro-text-to-video,text_to_video,video_generation,,,,ready,True,provider_local,True,not_implemented,runninghub,aspect_ratio|duration|guidanceScale|negativePrompt,,
enabled,user_config_projection,data/api_providers.json,,runninghub,runninghub,global,kling-v2.5-turbo-std/image-to-video,,,runninghub-kling-2.5,,,kling-v2.5-turbo-std-image-to-video,image_to_video,video_generation,,,,ready,True,provider_local,True,not_implemented,runninghub,duration|guidanceScale|negativePrompt,,
enabled,user_config_projection,data/api_providers.json,,runninghub,runninghub,global,kling-v2.5-turbo-std/text-to-video,,,runninghub-kling-2.5,,,kling-v2.5-turbo-std-text-to-video,text_to_video,video_generation,,,,ready,True,provider_local,True,not_implemented,runninghub,aspect_ratio|duration|guidanceScale|negativePrompt,,
enabled,user_config_projection,data/api_providers.json,,runninghub,runninghub,global,kling-v2.6-pro-image-to-video,,,runninghub-kling-2.6,,,kling-v2.6-pro-image-to-video,image_to_video,video_generation,,,,ready,True,provider_local,True,not_implemented,runninghub,duration|negativePrompt|sound,,
enabled,user_config_projection,data/api_providers.json,,runninghub,runninghub,global,kling-v2.6-pro-motion-control,,,runninghub-kling-2.6,,,kling-v2.6-pro-motion-control,motion_control,video_generation,,,,ready,True,provider_local,True,not_implemented,runninghub,characterOrientation|keepOriginalSound,,
enabled,user_config_projection,data/api_providers.json,,runninghub,runninghub,global,kling-v2.6-pro-text-to-video,,,runninghub-kling-2.6,,,kling-v2.6-pro-text-to-video,text_to_video,video_generation,,,,ready,True,provider_local,True,not_implemented,runninghub,aspect_ratio|duration|negativePrompt|sound,,
enabled,user_config_projection,data/api_providers.json,,runninghub,runninghub,global,kling-v2.6-std-image-to-video,,,runninghub-kling-2.6,,,kling-v2.6-std-image-to-video,image_to_video,video_generation,,,,ready,True,provider_local,True,not_implemented,runninghub,duration|negativePrompt,,
enabled,user_config_projection,data/api_providers.json,,runninghub,runninghub,global,kling-v2.6-std-motion-control,,,runninghub-kling-2.6,,,kling-v2.6-std-motion-control,motion_control,video_generation,,,,ready,True,provider_local,True,not_implemented,runninghub,characterOrientation|keepOriginalSound,,
enabled,user_config_projection,data/api_providers.json,,runninghub,runninghub,global,kling-v2.6-std-text-to-video,,,runninghub-kling-2.6,,,kling-v2.6-std-text-to-video,text_to_video,video_generation,,,,ready,True,provider_local,True,not_implemented,runninghub,aspect_ratio|duration|negativePrompt,,
enabled,user_config_projection,data/api_providers.json,,runninghub,runninghub,global,kling-v3-4k-text-to-video,,,runninghub-kling-3.0,,,kling-v3-4k-text-to-video,text_to_video,video_generation,,,,ready,True,provider_local,True,not_implemented,runninghub,aspect_ratio|cfgScale|duration|multiShot|negativePrompt|shotType|sound,,
enabled,user_config_projection,data/api_providers.json,,runninghub,runninghub,global,kling-v3-turbo-pro-image-to-video,,,runninghub-kling-3.0,,,kling-v3-turbo-pro-image-to-video,image_to_video,video_generation,,,,ready,True,provider_local,True,not_implemented,runninghub,duration,,
enabled,user_config_projection,data/api_providers.json,,runninghub,runninghub,global,kling-v3-turbo-pro-text-to-video,,,runninghub-kling-3.0,,,kling-v3-turbo-pro-text-to-video,text_to_video,video_generation,,,,ready,True,provider_local,True,not_implemented,runninghub,aspect_ratio|duration,,
enabled,user_config_projection,data/api_providers.json,,runninghub,runninghub,global,kling-v3-turbo-std-image-to-video,,,runninghub-kling-3.0,,,kling-v3-turbo-std-image-to-video,image_to_video,video_generation,,,,ready,True,provider_local,True,not_implemented,runninghub,duration,,
enabled,user_config_projection,data/api_providers.json,,runninghub,runninghub,global,kling-v3-turbo-std-text-to-video,,,runninghub-kling-3.0,,,kling-v3-turbo-std-text-to-video,text_to_video,video_generation,,,,ready,True,provider_local,True,not_implemented,runninghub,aspect_ratio|duration,,
enabled,user_config_projection,data/api_providers.json,,runninghub,runninghub,global,kling-v3.0-4k-image-to-video,,,runninghub-kling-3.0,,,kling-v3.0-4k-image-to-video,image_to_video,video_generation,,,,ready,True,provider_local,True,not_implemented,runninghub,cfgScale|duration|multiShot|negativePrompt|shotType|sound,,
enabled,user_config_projection,data/api_providers.json,,runninghub,runninghub,global,kling-v3.0-4k-motion-control,,,runninghub-kling-3.0,,,kling-v3.0-4k-motion-control,motion_control,video_generation,,,,needs_profile,False,provider_local,True,not_implemented,runninghub,,,PROFILE_UNCONFIRMED|NO_PARAMETER_FIELDS
enabled,user_config_projection,data/api_providers.json,,runninghub,runninghub,global,kling-v3.0-pro-image-to-video,,,runninghub-kling-3.0,,,kling-v3.0-pro-image-to-video,image_to_video,video_generation,,,,ready,True,provider_local,True,not_implemented,runninghub,cfgScale|duration|multiShot|negativePrompt|shotType|sound,,
enabled,user_config_projection,data/api_providers.json,,runninghub,runninghub,global,kling-v3.0-pro-motion-control,,,runninghub-kling-3.0,,,kling-v3.0-pro-motion-control,motion_control,video_generation,,,,ready,True,provider_local,True,not_implemented,runninghub,characterOrientation|keepOriginalSound|negativePrompt,,
enabled,user_config_projection,data/api_providers.json,,runninghub,runninghub,global,kling-v3.0-pro-text-to-video,,,runninghub-kling-3.0,,,kling-v3.0-pro-text-to-video,text_to_video,video_generation,,,,ready,True,provider_local,True,not_implemented,runninghub,aspect_ratio|cfgScale|duration|multiShot|negativePrompt|shotType|sound,,
enabled,user_config_projection,data/api_providers.json,,runninghub,runninghub,global,kling-v3.0-std-image-to-video,,,runninghub-kling-3.0,,,kling-v3.0-std-image-to-video,image_to_video,video_generation,,,,ready,True,provider_local,True,not_implemented,runninghub,cfgScale|duration|multiShot|negativePrompt|shotType|sound,,
enabled,user_config_projection,data/api_providers.json,,runninghub,runninghub,global,kling-v3.0-std-motion-control,,,runninghub-kling-3.0,,,kling-v3.0-std-motion-control,motion_control,video_generation,,,,ready,True,provider_local,True,not_implemented,runninghub,characterOrientation|keepOriginalSound|negativePrompt,,
enabled,user_config_projection,data/api_providers.json,,runninghub,runninghub,global,kling-v3.0-std-text-to-video,,,runninghub-kling-3.0,,,kling-v3.0-std-text-to-video,text_to_video,video_generation,,,,ready,True,provider_local,True,not_implemented,runninghub,aspect_ratio|cfgScale|duration|multiShot|negativePrompt|shotType|sound,,
enabled,user_config_projection,data/api_providers.json,,runninghub,runninghub,global,kling-video-o1-std/edit-video,,,runninghub-kling-o1,,,kling-video-o1-std-edit-video,video_to_video,video_generation,,,,ready,True,provider_local,True,not_implemented,runninghub,keepOriginalSound|mode,,
enabled,user_config_projection,data/api_providers.json,,runninghub,runninghub,global,kling-video-o1-std/refrence-to-video,,,runninghub-kling-o1,,,kling-video-o1-std-refrence-to-video,multimodal_to_video,video_generation,,,,ready,True,provider_local,True,not_implemented,runninghub,aspect_ratio|duration|keepOriginalSound|mode,,
enabled,user_config_projection,data/api_providers.json,,runninghub,runninghub,global,kling-video-o1/image-to-video,,,runninghub-kling-o1,,,kling-video-o1-image-to-video,image_to_video,video_generation,,,,ready,True,provider_local,True,not_implemented,runninghub,aspect_ratio|duration|mode,,
enabled,user_config_projection,data/api_providers.json,,runninghub,runninghub,global,kling-video-o1/start-to-end,,,runninghub-kling-o1,,,kling-video-o1-start-to-end,image_to_video,video_generation,,,,ready,True,provider_local,True,not_implemented,runninghub,aspect_ratio|duration|mode,,
enabled,user_config_projection,data/api_providers.json,,runninghub,runninghub,global,kling-video-o1/text-to-video,,,runninghub-kling-o1,,,kling-video-o1-text-to-video,text_to_video,video_generation,,,,ready,True,provider_local,True,not_implemented,runninghub,aspect_ratio|duration|mode,,
enabled,user_config_projection,data/api_providers.json,,runninghub,runninghub,global,kling-video-o3-4k-image-to-video,,,runninghub-kling-o3,,,kling-video-o3-4k-image-to-video,image_to_video,video_generation,,,,ready,True,provider_local,True,not_implemented,runninghub,duration|multiShot|shotType|sound,,
enabled,user_config_projection,data/api_providers.json,,runninghub,runninghub,global,kling-video-o3-4k-reference-to-video,,,runninghub-kling-o3,,,kling-video-o3-4k-reference-to-video,image_to_video,video_generation,,,,ready,True,provider_local,True,not_implemented,runninghub,aspect_ratio|duration|keepOriginalSound|multiShot|shotType|sound,,
enabled,user_config_projection,data/api_providers.json,,runninghub,runninghub,global,kling-video-o3-4k-text-to-video,,,runninghub-kling-o3,,,kling-video-o3-4k-text-to-video,text_to_video,video_generation,,,,ready,True,provider_local,True,not_implemented,runninghub,aspect_ratio|duration|multiShot|shotType|sound,,
enabled,user_config_projection,data/api_providers.json,,runninghub,runninghub,global,kling-video-o3-pro-image-to-video,,,runninghub-kling-o3,,,kling-video-o3-pro-image-to-video,image_to_video,video_generation,,,,ready,True,provider_local,True,not_implemented,runninghub,duration|multiShot|shotType|sound,,
enabled,user_config_projection,data/api_providers.json,,runninghub,runninghub,global,kling-video-o3-pro-text-to-video,,,runninghub-kling-o3,,,kling-video-o3-pro-text-to-video,text_to_video,video_generation,,,,ready,True,provider_local,True,not_implemented,runninghub,aspect_ratio|duration|multiShot|shotType|sound,,
enabled,user_config_projection,data/api_providers.json,,runninghub,runninghub,global,kling-video-o3-pro/reference-to-video,,,runninghub-kling-o3,,,kling-video-o3-pro-reference-to-video,multimodal_to_video,video_generation,,,,ready,True,provider_local,True,not_implemented,runninghub,aspect_ratio|duration|keepOriginalSound|multiShot|shotType|sound,,
enabled,user_config_projection,data/api_providers.json,,runninghub,runninghub,global,kling-video-o3-pro/video-edit,,,runninghub-kling-o3,,,kling-video-o3-pro-video-edit,video_to_video,video_generation,,,,ready,True,provider_local,True,not_implemented,runninghub,keepOriginalSound,,
enabled,user_config_projection,data/api_providers.json,,runninghub,runninghub,global,kling-video-o3-std-image-to-video,,,runninghub-kling-o3,,,kling-video-o3-std-image-to-video,image_to_video,video_generation,,,,ready,True,provider_local,True,not_implemented,runninghub,duration|multiShot|shotType|sound,,
enabled,user_config_projection,data/api_providers.json,,runninghub,runninghub,global,kling-video-o3-std-text-to-video,,,runninghub-kling-o3,,,kling-video-o3-std-text-to-video,text_to_video,video_generation,,,,ready,True,provider_local,True,not_implemented,runninghub,aspect_ratio|duration|multiShot|shotType|sound,,
enabled,user_config_projection,data/api_providers.json,,runninghub,runninghub,global,kling-video-o3-std/reference-to-video,,,runninghub-kling-o3,,,kling-video-o3-std-reference-to-video,multimodal_to_video,video_generation,,,,ready,True,provider_local,True,not_implemented,runninghub,aspect_ratio|duration|keepOriginalSound|multiShot|shotType|sound,,
enabled,user_config_projection,data/api_providers.json,,runninghub,runninghub,global,kling-video-o3-std/video-edit,,,runninghub-kling-o3,,,kling-video-o3-std-video-edit,video_to_video,video_generation,,,,ready,True,provider_local,True,not_implemented,runninghub,keepOriginalSound,,
enabled,user_config_projection,data/api_providers.json,,runninghub,runninghub,global,ltx-2-19b/text-to-video-lora,,,runninghub-ltx-2-19b,,,ltx-2-19b-text-to-video-lora,text_to_video,video_generation,,,,needs_profile,False,provider_local,True,not_implemented,runninghub,,,PROFILE_UNCONFIRMED|NO_PARAMETER_FIELDS
enabled,user_config_projection,data/api_providers.json,,runninghub,runninghub,global,marble-1.0/video-to-world,,,runninghub-marble-1.0-video-to-world,,,marble-1.0-video-to-world,text_to_video,video_generation,,,,ready,True,provider_local,True,not_implemented,runninghub,disableRecaption|displayName|permissionAllowIdAccess|permissionAllowedReaders|permissionAllowedWriters|permissionPublic|seed|tags|textPrompt|videoUrl,,
enabled,user_config_projection,data/api_providers.json,,runninghub,runninghub,global,marble-1.1-plus/video-to-world,,,runninghub-marble-1.1-plus-video-to-world,,,marble-1.1-plus-video-to-world,text_to_video,video_generation,,,,ready,True,provider_local,True,not_implemented,runninghub,disableRecaption|displayName|permissionAllowIdAccess|permissionAllowedReaders|permissionAllowedWriters|permissionPublic|seed|tags|textPrompt|videoUrl,,
enabled,user_config_projection,data/api_providers.json,,runninghub,runninghub,global,marble-1.1/video-to-world,,,runninghub-marble-1.1-video-to-world,,,marble-1.1-video-to-world,text_to_video,video_generation,,,,ready,True,provider_local,True,not_implemented,runninghub,disableRecaption|displayName|permissionAllowIdAccess|permissionAllowedReaders|permissionAllowedWriters|permissionPublic|seed|tags|textPrompt|videoUrl,,
enabled,user_config_projection,data/api_providers.json,,runninghub,runninghub,global,midjourney-image-to-video,,,runninghub-midjourney,,,midjourney-image-to-video,image_to_video,video_generation,,,,ready,True,provider_local,True,not_implemented,runninghub,loop|motion|raw|resolution,,
enabled,user_config_projection,data/api_providers.json,,runninghub,runninghub,global,pixverse-c1/image-to-video,,,runninghub-pixverse-c1,,,pixverse-c1-image-to-video,image_to_video,video_generation,,,,ready,True,provider_local,True,not_implemented,runninghub,duration|generateAudioSwitch|resolution,,
enabled,user_config_projection,data/api_providers.json,,runninghub,runninghub,global,pixverse-c1/reference-to-video,,,runninghub-pixverse-c1,,,pixverse-c1-reference-to-video,text_to_video,video_generation,,,,ready,True,provider_local,True,not_implemented,runninghub,aspect_ratio|duration|generateAudioSwitch|resolution|seed,,
enabled,user_config_projection,data/api_providers.json,,runninghub,runninghub,global,pixverse-c1/text-to-video,,,runninghub-pixverse-c1,,,pixverse-c1-text-to-video,text_to_video,video_generation,,,,ready,True,provider_local,True,not_implemented,runninghub,aspect_ratio|duration|generateAudioSwitch|resolution,,
enabled,user_config_projection,data/api_providers.json,,runninghub,runninghub,global,pixverse-c1/transition,,,runninghub-pixverse-c1,,,pixverse-c1-transition,video_transition,video_generation,,,,ready,True,provider_local,True,not_implemented,runninghub,aspect_ratio|duration|generateAudioSwitch|resolution,,
enabled,user_config_projection,data/api_providers.json,,runninghub,runninghub,global,pixverse-v5.5-effects,,,runninghub-pixverse-v5.5,,,pixverse-v5.5-effects,video_effects,video_generation,,,,ready,True,provider_local,True,not_implemented,runninghub,duration|effect|negativePrompt|resolution|thinkingType,,
enabled,user_config_projection,data/api_providers.json,,runninghub,runninghub,global,pixverse-v5.5-transition,,,runninghub-pixverse-v5.5,,,pixverse-v5.5-transition,video_transition,video_generation,,,,ready,True,provider_local,True,not_implemented,runninghub,aspect_ratio|duration|negativePrompt|resolution|thinkingType,,
enabled,user_config_projection,data/api_providers.json,,runninghub,runninghub,global,pixverse-v5.5/image-to-video,,,runninghub-pixverse-v5.5,,,pixverse-v5.5-image-to-video,image_to_video,video_generation,,,,ready,True,provider_local,True,not_implemented,runninghub,duration|generateAudioSwitch|generateMultiClipSwitch|negativePrompt|resolution|thinkingType,,
enabled,user_config_projection,data/api_providers.json,,runninghub,runninghub,global,pixverse-v5.5/text-to-video,,,runninghub-pixverse-v5.5,,,pixverse-v5.5-text-to-video,text_to_video,video_generation,,,,ready,True,provider_local,True,not_implemented,runninghub,aspect_ratio|duration|generateAudioSwitch|generateMultiClipSwitch|negativePrompt|resolution|thinkingType,,
enabled,user_config_projection,data/api_providers.json,,runninghub,runninghub,global,pixverse-v5.6/image-to-video,,,runninghub-pixverse-v5.6,,,pixverse-v5.6-image-to-video,image_to_video,video_generation,,,,ready,True,provider_local,True,not_implemented,runninghub,duration|generateAudioSwitch|negativePrompt|resolution|thinkingType,,
enabled,user_config_projection,data/api_providers.json,,runninghub,runninghub,global,pixverse-v5.6/text-to-video,,,runninghub-pixverse-v5.6,,,pixverse-v5.6-text-to-video,text_to_video,video_generation,,,,ready,True,provider_local,True,not_implemented,runninghub,aspect_ratio|duration|generateAudioSwitch|negativePrompt|resolution|thinkingType,,
enabled,user_config_projection,data/api_providers.json,,runninghub,runninghub,global,pixverse-v6/effects,,,runninghub-pixverse-v6,,,pixverse-v6-effects,video_effects,video_generation,,,,ready,True,provider_local,True,not_implemented,runninghub,duration|generateAudioSwitch|motionMode|negativePrompt|quality|seed|templateId|thinkingType,,
enabled,user_config_projection,data/api_providers.json,,runninghub,runninghub,global,pixverse-v6/image-to-video,,,runninghub-pixverse-v6,,,pixverse-v6-image-to-video,image_to_video,video_generation,,,,ready,True,provider_local,True,not_implemented,runninghub,duration|generateAudioSwitch|resolution,,
enabled,user_config_projection,data/api_providers.json,,runninghub,runninghub,global,pixverse-v6/text-to-video,,,runninghub-pixverse-v6,,,pixverse-v6-text-to-video,text_to_video,video_generation,,,,ready,True,provider_local,True,not_implemented,runninghub,aspect_ratio|duration|generateAudioSwitch|resolution,,
enabled,user_config_projection,data/api_providers.json,,runninghub,runninghub,global,pixverse-v6/transition,,,runninghub-pixverse-v6,,,pixverse-v6-transition,video_transition,video_generation,,,,ready,True,provider_local,True,not_implemented,runninghub,aspect_ratio|duration|generateAudioSwitch|generateMultiClipSwitch|negativePrompt|resolution|seed|style|thinkingType,,
enabled,user_config_projection,data/api_providers.json,,runninghub,runninghub,global,rh-video-fps-increaser,,,runninghub-rh-video-fps-increaser,,,rh-video-fps-increaser,video_enhancement,video_generation,,,,ready,True,provider_local,True,not_implemented,runninghub,,,NO_PARAMETER_FIELDS
enabled,user_config_projection,data/api_providers.json,,runninghub,runninghub,global,rh-video-upscaler,,,runninghub-rh-video-upscaler,,,rh-video-upscaler,video_enhancement,video_generation,,,,ready,True,provider_local,True,not_implemented,runninghub,targetResolution,,
enabled,user_config_projection,data/api_providers.json,,runninghub,runninghub,global,runwayml/gen4-aleph/video-to-video-official-stable,,,runninghub-runwayml-gen4-aleph,,,runwayml-gen4-aleph-video-to-video-official-stable,video_to_video,video_generation,,,,ready,True,provider_local,True,not_implemented,runninghub,aspect_ratio,,
enabled,user_config_projection,data/api_providers.json,,runninghub,runninghub,global,runwayml/gen4-turbo/image-to-video-channel-low-price,,,runninghub-runwayml-gen4-turbo,,,runwayml-gen4-turbo-image-to-video-channel-low-price,image_to_video,video_generation,,,,ready,True,provider_local,True,not_implemented,runninghub,aspect_ratio|duration,,
enabled,user_config_projection,data/api_providers.json,,runninghub,runninghub,global,runwayml/gen4-turbo/image-to-video-official-stable,,,runninghub-runwayml-gen4-turbo,,,runwayml-gen4-turbo-image-to-video-official-stable,image_to_video,video_generation,,,,ready,True,provider_local,True,not_implemented,runninghub,aspect_ratio|duration,,
enabled,user_config_projection,data/api_providers.json,,runninghub,runninghub,global,sd2.0/video-ref-to-video-trial,,,runninghub-sd2.0-video,,,sd2.0-video-ref-to-video-trial,multimodal_to_video,video_generation,,,,ready,True,provider_local,True,not_implemented,runninghub,,,NO_PARAMETER_FIELDS
enabled,user_config_projection,data/api_providers.json,,runninghub,runninghub,global,seedance-2.0-global/image-to-video,,,runninghub-seedance-2.0,,,seedance2.0-image-to-video,image_to_video,video_generation,,,,ready,True,provider_local,True,not_implemented,runninghub,aspect_ratio|duration|generate_audio|resolution|return_last_frame,,
enabled,user_config_projection,data/api_providers.json,,runninghub,runninghub,global,seedance-2.0-global/text-to-video,,,runninghub-seedance-2.0,,,seedance2.0-text-to-video,text_to_video,video_generation,,,,ready,True,provider_local,True,not_implemented,runninghub,aspect_ratio|duration|generate_audio|resolution|return_last_frame|webSearch,,
enabled,user_config_projection,data/api_providers.json,,runninghub,runninghub,global,seedance-2.0-mini/image-to-video,,,runninghub-seedance-2.0,,,seedance-2.0-mini-image-to-video,image_to_video,video_generation,,,,ready,True,provider_local,True,not_implemented,runninghub,aspect_ratio|conversionSlots|duration|generate_audio|realPersonMode|resolution|return_last_frame|seed,,
enabled,user_config_projection,data/api_providers.json,,runninghub,runninghub,global,seedance-2.0-mini/multimodal-video,,,runninghub-seedance-2.0,,,seedance-2.0-mini-multimodal-video,multimodal_to_video,video_generation,,,,ready,True,provider_local,True,not_implemented,runninghub,aspect_ratio|conversionSlots|duration|generate_audio|realPersonMode|resolution|return_last_frame|seed,,
enabled,user_config_projection,data/api_providers.json,,runninghub,runninghub,global,seedance-2.0-mini/text-to-video,,,runninghub-seedance-2.0,,,seedance-2.0-mini-text-to-video,text_to_video,video_generation,,,,ready,True,provider_local,True,not_implemented,runninghub,aspect_ratio|duration|generate_audio|resolution|return_last_frame|seed|webSearch,,
enabled,user_config_projection,data/api_providers.json,,runninghub,runninghub,global,seedance-2.5/image-to-video Token,,,runninghub-seedance-2.5,,,seedance-2.5-image-to-video-token,image_to_video,video_generation,,,,ready,True,provider_local,True,not_implemented,runninghub,aspect_ratio|bitrateMode|conversionSlots|duration|generate_audio|outputFormat|realPersonMode|resolution|return_last_frame|seed,,
enabled,user_config_projection,data/api_providers.json,,runninghub,runninghub,global,seedance-2.5/multimodal-video Token,,,runninghub-seedance-2.5,,,seedance-2.5-multimodal-video-token,multimodal_to_video,video_generation,,,,ready,True,provider_local,True,not_implemented,runninghub,aspect_ratio|bitrateMode|conversionSlots|duration|generate_audio|outputFormat|realPersonMode|resolution|return_last_frame|seed,,
enabled,user_config_projection,data/api_providers.json,,runninghub,runninghub,global,seedance-2.5/text-to-video Token,,,runninghub-seedance-2.5,,,seedance-2.5-text-to-video-token,text_to_video,video_generation,,,,ready,True,provider_local,True,not_implemented,runninghub,aspect_ratio|bitrateMode|duration|generate_audio|outputFormat|resolution|return_last_frame|seed|webSearch,,
enabled,user_config_projection,data/api_providers.json,,runninghub,runninghub,global,seedance-v1-lite-reference-to-video,,,runninghub-seedance-1,,,seedance-v1-lite-reference-to-video,image_to_video,video_generation,,,,ready,True,provider_local,True,not_implemented,runninghub,aspect_ratio|cameraFixed|duration|resolution,,
enabled,user_config_projection,data/api_providers.json,,runninghub,runninghub,global,seedance-v1.5-pro-image-to-video,,,runninghub-seedance-1.5,,,seedance-v1.5-pro-image-to-video,image_to_video,video_generation,,,,ready,True,provider_local,True,not_implemented,runninghub,aspect_ratio|cameraFixed|duration|generate_audio|resolution,,
enabled,user_config_projection,data/api_providers.json,,runninghub,runninghub,global,seedance-v1.5-pro-image-to-video-fast,,,runninghub-seedance-1.5,,,seedance-v1.5-pro-image-to-video-fast,image_to_video,video_generation,,,,ready,True,provider_local,True,not_implemented,runninghub,aspect_ratio|cameraFixed|duration|generate_audio|resolution,,
enabled,user_config_projection,data/api_providers.json,,runninghub,runninghub,global,seedance-v1.5-pro-text-to-video,,,runninghub-seedance-1.5,,,seedance-v1.5-pro-text-to-video,text_to_video,video_generation,,,,ready,True,provider_local,True,not_implemented,runninghub,aspect_ratio|cameraFixed|duration|generate_audio|resolution,,
enabled,user_config_projection,data/api_providers.json,,runninghub,runninghub,global,seedance-v1.5-pro-text-to-video-fast,,,runninghub-seedance-1.5,,,seedance-v1.5-pro-text-to-video-fast,text_to_video,video_generation,,,,ready,True,provider_local,True,not_implemented,runninghub,aspect_ratio|cameraFixed|duration|generate_audio|resolution,,
enabled,user_config_projection,data/api_providers.json,,runninghub,runninghub,global,skyreels-v3/reference-to-video,,,runninghub-skyreels-v3,,,skyreels-v3-reference-to-video,image_to_video,video_generation,,,,ready,True,provider_local,True,not_implemented,runninghub,aspect_ratio|duration,,
enabled,user_config_projection,data/api_providers.json,,runninghub,runninghub,global,skyreels-v3/shot-switching-video-extension,,,runninghub-skyreels-v3,,,skyreels-v3-shot-switching-video-extension,video_extend,video_generation,,,,ready,True,provider_local,True,not_implemented,runninghub,cutType|duration,,
enabled,user_config_projection,data/api_providers.json,,runninghub,runninghub,global,skyreels-v3/single-shot-video-extension,,,runninghub-skyreels-v3,,,skyreels-v3-single-shot-video-extension,video_extend,video_generation,,,,ready,True,provider_local,True,not_implemented,runninghub,duration,,
enabled,user_config_projection,data/api_providers.json,,runninghub,runninghub,global,skyreels-v3/video-restyling,,,runninghub-skyreels-v3,,,skyreels-v3-video-restyling,video_to_video,video_generation,,,,ready,True,provider_local,True,not_implemented,runninghub,styleName,,
enabled,user_config_projection,data/api_providers.json,,runninghub,runninghub,global,skyreels-v4/image-to-video-fast,,,runninghub-skyreels-v4,,,skyreels-v4-image-to-video-fast,image_to_video,video_generation,,,,ready,True,provider_local,True,not_implemented,runninghub,duration|promptOptimizer|resolution,,
enabled,user_config_projection,data/api_providers.json,,runninghub,runninghub,global,skyreels-v4/image-to-video-std,,,runninghub-skyreels-v4,,,skyreels-v4-image-to-video-std,image_to_video,video_generation,,,,ready,True,provider_local,True,not_implemented,runninghub,duration|promptOptimizer|resolution|sound,,
enabled,user_config_projection,data/api_providers.json,,runninghub,runninghub,global,skyreels-v4/omni-reference-fast,,,runninghub-skyreels-v4,,,skyreels-v4-omni-reference-fast,text_to_video,video_generation,,,,ready,True,provider_local,True,not_implemented,runninghub,aspect_ratio|duration|promptOptimizer|resolution,,
enabled,user_config_projection,data/api_providers.json,,runninghub,runninghub,global,skyreels-v4/omni-reference-std,,,runninghub-skyreels-v4,,,skyreels-v4-omni-reference-std,text_to_video,video_generation,,,,ready,True,provider_local,True,not_implemented,runninghub,aspect_ratio|duration|promptOptimizer|resolution|sound,,
enabled,user_config_projection,data/api_providers.json,,runninghub,runninghub,global,skyreels-v4/text-to-video-fast,,,runninghub-skyreels-v4,,,skyreels-v4-text-to-video-fast,text_to_video,video_generation,,,,ready,True,provider_local,True,not_implemented,runninghub,aspect_ratio|duration|promptOptimizer|resolution,,
enabled,user_config_projection,data/api_providers.json,,runninghub,runninghub,global,skyreels-v4/text-to-video-std,,,runninghub-skyreels-v4,,,skyreels-v4-text-to-video-std,text_to_video,video_generation,,,,ready,True,provider_local,True,not_implemented,runninghub,aspect_ratio|duration|promptOptimizer|resolution|sound,,
enabled,user_config_projection,data/api_providers.json,,runninghub,runninghub,global,sora-2/image-to-video-asyn-channel-low-price,,,runninghub-sora-2,,,sora-2-image-to-video-asyn-channel-low-price,image_to_video,video_generation,,,,ready,True,provider_local,True,not_implemented,runninghub,aspect_ratio|duration,,
enabled,user_config_projection,data/api_providers.json,,runninghub,runninghub,global,sora-2/image-to-video-channel-low-price,,,runninghub-sora-2,,,sora-2-image-to-video-channel-low-price,image_to_video,video_generation,,,,ready,True,provider_local,True,not_implemented,runninghub,aspect_ratio|duration|storyboard,,
enabled,user_config_projection,data/api_providers.json,,runninghub,runninghub,global,sora-2/image-to-video-official-stable,,,runninghub-sora-2,,,sora-2-image-to-video-official-stable,image_to_video,video_generation,,,,ready,True,provider_local,True,not_implemented,runninghub,duration,,
enabled,user_config_projection,data/api_providers.json,,runninghub,runninghub,global,sora-2/image-to-video-pro-channel-low-price,,,runninghub-sora-2,,,sora-2-image-to-video-pro-channel-low-price,image_to_video,video_generation,,,,ready,True,provider_local,True,not_implemented,runninghub,aspect_ratio|duration|storyboard,,
enabled,user_config_projection,data/api_providers.json,,runninghub,runninghub,global,sora-2/image-to-video-pro-official-stable,,,runninghub-sora-2,,,sora-2-image-to-video-pro-official-stable,image_to_video,video_generation,,,,ready,True,provider_local,True,not_implemented,runninghub,duration|resolution,,
enabled,user_config_projection,data/api_providers.json,,runninghub,runninghub,global,sora-2/image-to-video-realistic-official-stable,,,runninghub-sora-2,,,sora-2-image-to-video-realistic-official-stable,image_to_video,video_generation,,,,ready,True,provider_local,True,not_implemented,runninghub,duration,,
enabled,user_config_projection,data/api_providers.json,,runninghub,runninghub,global,sora-2/text-to-video-channel-low-price,,,runninghub-sora-2,,,sora-2-text-to-video-channel-low-price,text_to_video,video_generation,,,,ready,True,provider_local,True,not_implemented,runninghub,aspect_ratio|duration|storyboard,,
enabled,user_config_projection,data/api_providers.json,,runninghub,runninghub,global,sora-2/text-to-video-official-stable,,,runninghub-sora-2,,,sora-2-text-to-video-official-stable,text_to_video,video_generation,,,,ready,True,provider_local,True,not_implemented,runninghub,duration|size,,
enabled,user_config_projection,data/api_providers.json,,runninghub,runninghub,global,sora-2/text-to-video-pro-channel-low-price,,,runninghub-sora-2,,,sora-2-text-to-video-pro-channel-low-price,text_to_video,video_generation,,,,ready,True,provider_local,True,not_implemented,runninghub,aspect_ratio|duration|storyboard,,
enabled,user_config_projection,data/api_providers.json,,runninghub,runninghub,global,sora-2/text-to-video-pro-official-stable,,,runninghub-sora-2,,,sora-2-text-to-video-pro-official-stable,text_to_video,video_generation,,,,ready,True,provider_local,True,not_implemented,runninghub,duration|size,,
enabled,user_config_projection,data/api_providers.json,,runninghub,runninghub,global,sora-upload-character-official,,,runninghub-sora-upload-character-official,,,sora-upload-character-official,multimodal_to_video,video_generation,,,,ready,True,provider_local,True,not_implemented,runninghub,name,,
enabled,user_config_projection,data/api_providers.json,,runninghub,runninghub,global,topazlabs-video-astra,,,runninghub-topazlabs-video,,,topazlabs-video-astra,video_enhancement,video_generation,,,,ready,True,provider_local,True,not_implemented,runninghub,model|outputHeight|outputWidth,,
enabled,user_config_projection,data/api_providers.json,,runninghub,runninghub,global,topazlabs-video-denoise,,,runninghub-topazlabs-video,,,topazlabs-video-denoise,video_enhancement,video_generation,,,,ready,True,provider_local,True,not_implemented,runninghub,model|outputHeight|outputWidth,,
enabled,user_config_projection,data/api_providers.json,,runninghub,runninghub,global,topazlabs-video-frame-interpolation,,,runninghub-topazlabs-video,,,topazlabs-video-frame-interpolation,video_enhancement,video_generation,,,,ready,True,provider_local,True,not_implemented,runninghub,model|outputFrameRate|outputHeight|outputWidth,,
enabled,user_config_projection,data/api_providers.json,,runninghub,runninghub,global,topazlabs-video-proteus,,,runninghub-topazlabs-video,,,topazlabs-video-proteus,video_enhancement,video_generation,,,,ready,True,provider_local,True,not_implemented,runninghub,model|outputHeight|outputWidth,,
enabled,user_config_projection,data/api_providers.json,,runninghub,runninghub,global,topazlabs-video-starlight,,,runninghub-topazlabs-video,,,topazlabs-video-starlight,video_enhancement,video_generation,,,,ready,True,provider_local,True,not_implemented,runninghub,model|outputHeight|outputWidth,,
enabled,user_config_projection,data/api_providers.json,,runninghub,runninghub,global,topazlabs-video-upscale,,,runninghub-topazlabs-video,,,topazlabs-video-upscale,video_enhancement,video_generation,,,,ready,True,provider_local,True,not_implemented,runninghub,targetFps|targetResolution,,
enabled,user_config_projection,data/api_providers.json,,runninghub,runninghub,global,volc-drama/serial-video-translate,,,runninghub-volc-drama-serial-video-translate,,,volc-drama-serial-video-translate,video_translation,video_generation,,,,ready,True,provider_local,True,not_implemented,runninghub,aiRemoveType|dubVoiceMode|isDub|needVideoSpeed|projectName|sourceLang|targetLangs|targetStyleMap|translationModel,,
enabled,user_config_projection,data/api_providers.json,,runninghub,runninghub,global,volc-drama/video-translate,,,runninghub-volc-drama-video-translate,,,volc-drama-video-translate,video_translation,video_generation,,,,ready,True,provider_local,True,not_implemented,runninghub,aiRemoveType|dubVoiceMode|isDub|projectName|sourceLang|targetLangs,,
enabled,user_config_projection,data/api_providers.json,,runninghub,runninghub,global,volc-subtitle-erase/video(Refined version),,,runninghub-volc-subtitle-erase-video-refined-version,,,volc-subtitle-erase-video-refined-version,subtitle_erase,video_generation,,,,ready,True,provider_local,True,not_implemented,runninghub,clientToken|encodeMode|eraseType,,
enabled,user_config_projection,data/api_providers.json,,runninghub,runninghub,global,volc-subtitle-erase/video(Standard Version),,,runninghub-volc-subtitle-erase-video-standard-version,,,volc-subtitle-erase-video-standard-version,subtitle_erase,video_generation,,,,ready,True,provider_local,True,not_implemented,runninghub,clientToken,,
enabled,user_config_projection,data/api_providers.json,,runninghub,runninghub,global,wan-2.5-preview/image-to-video,,,runninghub-wan-2.5,,,wan-2.5-preview-image-to-video,multimodal_to_video,video_generation,,,,ready,True,provider_local,True,not_implemented,runninghub,duration|negativePrompt|promptExtend|resolution|seed,,
enabled,user_config_projection,data/api_providers.json,,runninghub,runninghub,global,wan-2.5-preview/text-to-video,,,runninghub-wan-2.5,,,wan-2.5-preview-text-to-video,multimodal_to_video,video_generation,,,,ready,True,provider_local,True,not_implemented,runninghub,duration|negativePrompt|promptExtend|seed|size,,
enabled,user_config_projection,data/api_providers.json,,runninghub,runninghub,global,wan-2.6-image-to-video-flash,,,runninghub-wan-2.6,,,wan-2.6-image-to-video-flash,multimodal_to_video,video_generation,,,,ready,True,provider_local,True,not_implemented,runninghub,duration|enableAudio|enablePromptExpansion|negativePrompt|resolution|shotType,,
enabled,user_config_projection,data/api_providers.json,,runninghub,runninghub,global,wan-2.6-reference-to-video,,,runninghub-wan-2.6,,,wan-2.6-reference-to-video,multimodal_to_video,video_generation,,,,ready,True,provider_local,True,not_implemented,runninghub,duration|negativePrompt|shotType|size,,
enabled,user_config_projection,data/api_providers.json,,runninghub,runninghub,global,wan-2.6-reference-to-video-flash,,,runninghub-wan-2.6,,,wan-2.6-reference-to-video-flash,multimodal_to_video,video_generation,,,,ready,True,provider_local,True,not_implemented,runninghub,audio|duration|negativePrompt|shotType|size,,
enabled,user_config_projection,data/api_providers.json,,runninghub,runninghub,global,wan-2.7-reference-to-video,,,runninghub-wan-2.7,,,wan-2.7-reference-to-video,multimodal_to_video,video_generation,,,,ready,True,provider_local,True,not_implemented,runninghub,aspect_ratio|duration|negativePrompt|promptExtend|resolution|seed,,
enabled,user_config_projection,data/api_providers.json,,runninghub,runninghub,global,wan-2.7-spicy/image-to-video,,,runninghub-wan-2.7,,,wan-2.7-spicy-image-to-video,multimodal_to_video,video_generation,,,,ready,True,provider_local,True,not_implemented,runninghub,duration|negativePrompt|promptExtend|resolution|seed,,
enabled,user_config_projection,data/api_providers.json,,runninghub,runninghub,global,wan-2.7/image-to-video,,,runninghub-wan-2.7,,,wan-2.7-image-to-video,multimodal_to_video,video_generation,,,,ready,True,provider_local,True,not_implemented,runninghub,duration|negativePrompt|promptExtend|resolution|seed,,
enabled,user_config_projection,data/api_providers.json,,runninghub,runninghub,global,wan-2.7/text-to-video,,,runninghub-wan-2.7,,,wan-2.7-text-to-video,multimodal_to_video,video_generation,,,,ready,True,provider_local,True,not_implemented,runninghub,aspect_ratio|duration|negativePrompt|promptExtend|resolution|seed,,
enabled,user_config_projection,data/api_providers.json,,runninghub,runninghub,global,wan-2.7/video-edit,,,runninghub-wan-2.7,,,wan-2.7-video-edit,video_to_video,video_generation,,,,ready,True,provider_local,True,not_implemented,runninghub,aspect_ratio|duration|negativePrompt|promptExtend|resolution|seed,,
enabled,user_config_projection,data/api_providers.json,,runninghub,runninghub,global,wan-2.7/video-extend,,,runninghub-wan-2.7,,,wan-2.7-video-extend,video_extend,video_generation,,,,ready,True,provider_local,True,not_implemented,runninghub,duration|negativePrompt|promptExtend|resolution|seed,,
enabled,user_config_projection,data/api_providers.json,,runninghub,runninghub,global,xai / grok-imagine-video-v1.5 / text-to-video-official-stable,,,runninghub-xai-grok-imagine-video-v1.5,,,xai-grok-imagine-video-v1.5-text-to-video-official-stable,text_to_video,video_generation,,,,ready,True,provider_local,True,not_implemented,runninghub,aspect_ratio|duration|resolution,,
enabled,user_config_projection,data/api_providers.json,,runninghub,runninghub,global,xai/grok-imagine-video-v1.5/image-to-video-official-stable,,,runninghub-xai-grok-imagine-video-v1.5,,,xai-grok-imagine-video-v1.5-image-to-video-official-stable,image_to_video,video_generation,,,,ready,True,provider_local,True,not_implemented,runninghub,duration|resolution,,
enabled,user_config_projection,data/api_providers.json,,runninghub,runninghub,global,xai/grok-imagine-video-v1.5/reference-to-video-official-stable,,,runninghub-xai-grok-imagine-video-v1.5,,,xai-grok-imagine-video-v1.5-reference-to-video-official-stable,image_to_video,video_generation,,,,ready,True,provider_local,True,not_implemented,runninghub,aspect_ratio|duration|resolution,,
enabled,user_config_projection,data/api_providers.json,,runninghub,runninghub,global,xai/grok-imagine-video/reference-to-video-official-stable,,,runninghub-xai-grok-imagine-video,,,xai-grok-imagine-video-reference-to-video-official-stable,image_to_video,video_generation,,,,ready,True,provider_local,True,not_implemented,runninghub,duration|resolution,,
enabled,user_config_projection,data/api_providers.json,,runninghub,runninghub,global,xai/grok-imagine-video/video-extend-official-stable,,,runninghub-xai-grok-imagine-video,,,xai-grok-imagine-video-video-extend-official-stable,video_extend,video_generation,,,,ready,True,provider_local,True,not_implemented,runninghub,duration,,
enabled,user_config_projection,data/api_providers.json,,runninghub,runninghub,global,xai/grok-imagine/edit-video-official-stable,,,runninghub-xai-grok-imagine,,,xai-grok-imagine-edit-video-official-stable,video_to_video,video_generation,,,,ready,True,provider_local,True,not_implemented,runninghub,resolution,,
enabled,user_config_projection,data/api_providers.json,,runninghub,runninghub,global,xai/grok-imagine/image-to-video-channel-low-price-v1.5,,,runninghub-xai-grok-imagine,,,xai-grok-imagine-image-to-video-channel-low-price-v1.5,image_to_video,video_generation,,,,ready,True,provider_local,True,not_implemented,runninghub,aspect_ratio|duration|resolution,,
enabled,user_config_projection,data/api_providers.json,,runninghub,runninghub,global,xai/grok-imagine/image-to-video-official-stable,,,runninghub-xai-grok-imagine,,,xai-grok-imagine-image-to-video-official-stable,image_to_video,video_generation,,,,ready,True,provider_local,True,not_implemented,runninghub,duration|resolution,,
enabled,user_config_projection,data/api_providers.json,,runninghub,runninghub,global,xai/grok-imagine/text-to-video-channel-low-price-v1.5,,,runninghub-xai-grok-imagine,,,xai-grok-imagine-text-to-video-channel-low-price-v1.5,text_to_video,video_generation,,,,ready,True,provider_local,True,not_implemented,runninghub,aspect_ratio|duration|resolution,,
enabled,user_config_projection,data/api_providers.json,,runninghub,runninghub,global,xai/grok-imagine/text-to-video-official-stable,,,runninghub-xai-grok-imagine,,,xai-grok-imagine-text-to-video-official-stable,text_to_video,video_generation,,,,ready,True,provider_local,True,not_implemented,runninghub,aspect_ratio|duration|resolution,,
enabled,user_config_projection,data/api_providers.json,,runninghub,runninghub,global,doubao-seed-audio-1.0,,,runninghub-doubao-seed-audio-1.0,,,doubao-seed-audio-1.0,text_to_audio,audio_generation,,,,ready,True,provider_local,True,not_implemented,runninghub,format|loudness_rate|pitch_rate|sample_rate|speaker|speech_rate|text_prompt,,
enabled,user_config_projection,data/api_providers.json,,runninghub,runninghub,global,minimax/speech-02-hd,,,runninghub-minimax,,,minimax-speech-02-hd,text_to_audio,audio_generation,,,,ready,True,provider_local,True,not_implemented,runninghub,emotion|enable_base64_output|english_normalization|pitch|pronunciation_dict|speed|voice_id|volume,,
enabled,user_config_projection,data/api_providers.json,,runninghub,runninghub,global,minimax/speech-02-turbo,,,runninghub-minimax,,,minimax-speech-02-turbo,text_to_audio,audio_generation,,,,ready,True,provider_local,True,not_implemented,runninghub,emotion|enable_base64_output|english_normalization|pitch|pronunciation_dict|speed|voice_id|volume,,
enabled,user_config_projection,data/api_providers.json,,runninghub,runninghub,global,minimax/speech-2.6-hd,,,runninghub-minimax,,,minimax-speech-2.6-hd,text_to_audio,audio_generation,,,,ready,True,provider_local,True,not_implemented,runninghub,emotion|enable_base64_output|english_normalization|pitch|pronunciation_dict|speed|voice_id|volume,,
enabled,user_config_projection,data/api_providers.json,,runninghub,runninghub,global,minimax/speech-2.6-turbo,,,runninghub-minimax,,,minimax-speech-2.6-turbo,text_to_audio,audio_generation,,,,ready,True,provider_local,True,not_implemented,runninghub,emotion|enable_base64_output|english_normalization|pitch|pronunciation_dict|speed|voice_id|volume,,
enabled,user_config_projection,data/api_providers.json,,runninghub,runninghub,global,minimax/speech-2.8-hd,,,runninghub-minimax,,,minimax-speech-2.8-hd,text_to_audio,audio_generation,,,,ready,True,provider_local,True,not_implemented,runninghub,emotion|enable_base64_output|english_normalization|pitch|pronunciation_dict|speed|voice_id|volume,,
enabled,user_config_projection,data/api_providers.json,,runninghub,runninghub,global,minimax/speech-2.8-turbo,,,runninghub-minimax,,,minimax-speech-2.8-turbo,text_to_audio,audio_generation,,,,ready,True,provider_local,True,not_implemented,runninghub,emotion|enable_base64_output|english_normalization|pitch|pronunciation_dict|speed|voice_id|volume,,
enabled,user_config_projection,data/api_providers.json,,runninghub,runninghub,global,minimax/voice-clone,,,runninghub-minimax,,,minimax-voice-clone,voice_clone,audio_generation,,,,ready,True,provider_local,True,not_implemented,runninghub,accuracy|custom_voice_id|language_boost|model|need_noise_reduction|need_volume_normalization,,
enabled,user_config_projection,data/api_providers.json,,runninghub,runninghub,global,minimax/voice-design,,,runninghub-minimax,,,minimax-voice-design,voice_design,audio_generation,,,,ready,True,provider_local,True,not_implemented,runninghub,aigcWatermark|previewText|voiceId,,
enabled,user_config_projection,data/api_providers.json,,runninghub,runninghub,global,minimax/music-2.5,,,runninghub-minimax,,,minimax-music-2.5,music,music_generation,,,,ready,True,provider_local,True,not_implemented,runninghub,bitrate|lyrics|sampleRate,,
enabled,user_config_projection,data/api_providers.json,,runninghub,runninghub,global,minimax/music-2.6,,,runninghub-minimax,,,minimax-music-2.6,music,music_generation,,,,ready,True,provider_local,True,not_implemented,runninghub,bitrate|format|isInstrumental|lyrics|lyricsOptimizer|sampleRate,,
enabled,user_config_projection,data/api_providers.json,,runninghub,runninghub,global,minimax/music-cover,,,runninghub-minimax,,,minimax-music-cover,music_to_music,music_generation,,,,ready,True,provider_local,True,not_implemented,runninghub,bitrate|coverFeatureId|format|lyrics|sampleRate,,
enabled,user_config_projection,data/api_providers.json,,runninghub,runninghub,global,minimax/music-cover-preprocess,,,runninghub-minimax,,,minimax-music-cover-preprocess,music_to_music,music_generation,,,,ready,True,provider_local,True,not_implemented,runninghub,,,NO_PARAMETER_FIELDS
enabled,user_config_projection,data/api_providers.json,,runninghub,runninghub,global,suno-custom-v4.5,,,runninghub-suno,,,suno-custom-v4.5,music,music_generation,,,,ready,True,provider_local,True,not_implemented,runninghub,tags|title,,
enabled,user_config_projection,data/api_providers.json,,runninghub,runninghub,global,suno-custom-v5,,,runninghub-suno,,,suno-custom-v5,music,music_generation,,,,ready,True,provider_local,True,not_implemented,runninghub,tags|title,,
enabled,user_config_projection,data/api_providers.json,,runninghub,runninghub,global,suno-custom-v5.5,,,runninghub-suno,,,suno-custom-v5.5,music,music_generation,,,,ready,True,provider_local,True,not_implemented,runninghub,tags|title,,
enabled,user_config_projection,data/api_providers.json,,runninghub,runninghub,global,suno-lyrics,,,runninghub-suno-tools,,,suno-lyrics,music,music_generation,,,,ready,True,provider_local,True,not_implemented,runninghub,,,NO_PARAMETER_FIELDS
enabled,user_config_projection,data/api_providers.json,,runninghub,runninghub,global,suno-single-v4.5,,,runninghub-suno,,,suno-single-v4.5,music,music_generation,,,,ready,True,provider_local,True,not_implemented,runninghub,description|make_instrumental|title,,
enabled,user_config_projection,data/api_providers.json,,runninghub,runninghub,global,suno-single-v5,,,runninghub-suno,,,suno-single-v5,music,music_generation,,,,ready,True,provider_local,True,not_implemented,runninghub,description|make_instrumental|title,,
enabled,user_config_projection,data/api_providers.json,,runninghub,runninghub,global,suno-single-v5.5,,,runninghub-suno,,,suno-single-v5.5,music,music_generation,,,,ready,True,provider_local,True,not_implemented,runninghub,description|make_instrumental|title,,
enabled,user_config_projection,data/api_providers.json,,ai-money,ai-money,,bytedance/doubao-seed-2.0-code,,,ai-money-bytedance-doubao-seed-2-0,,1,code,chat,text_generation,"text,min=1,max=1",,official_documented,ready,True,provider_local,True,not_implemented,ai-money,,,NO_PARAMETER_FIELDS
enabled,user_config_projection,data/api_providers.json,,ai-money,ai-money,,bytedance/doubao-seed-2.0-lite,,,ai-money-bytedance-doubao-seed-2-0,,1,lite,chat,text_generation,"text,min=1,max=1",,official_documented,ready,True,provider_local,True,not_implemented,ai-money,,,NO_PARAMETER_FIELDS
enabled,user_config_projection,data/api_providers.json,,ai-money,ai-money,,bytedance/doubao-seed-2.0-mini,,,ai-money-bytedance-doubao-seed-2-0,,1,mini,chat,text_generation,"text,min=1,max=1",,official_documented,ready,True,provider_local,True,not_implemented,ai-money,,,NO_PARAMETER_FIELDS
enabled,user_config_projection,data/api_providers.json,,ai-money,ai-money,,bytedance/doubao-seed-2.0-pro,,,ai-money-bytedance-doubao-seed-2-0,,1,pro,chat,text_generation,"text,min=1,max=1",,official_documented,ready,True,provider_local,True,not_implemented,ai-money,,,NO_PARAMETER_FIELDS
enabled,user_config_projection,data/api_providers.json,,ai-money,ai-money,,bytedance/doubao-seed-2.1-pro,,,ai-money-bytedance-doubao-seed-2-1,,1,pro,chat,text_generation,"text,min=1,max=1",,official_documented,ready,True,provider_local,True,not_implemented,ai-money,,,NO_PARAMETER_FIELDS
enabled,user_config_projection,data/api_providers.json,,ai-money,ai-money,,bytedance/doubao-seed-2.1-turbo,,,ai-money-bytedance-doubao-seed-2-1,,1,turbo,chat,text_generation,"text,min=1,max=1",,official_documented,ready,True,provider_local,True,not_implemented,ai-money,,,NO_PARAMETER_FIELDS
enabled,user_config_projection,data/api_providers.json,,ai-money,ai-money,,bytedance/doubao-seed-evolving,,,ai-money-bytedance-doubao-seed-evolving,,1,default,chat,text_generation,"text,min=1,max=1",,official_documented,ready,True,provider_local,True,not_implemented,ai-money,,,NO_PARAMETER_FIELDS
enabled,user_config_projection,data/api_providers.json,,ai-money,ai-money,,deepseek/deepseek-v4-flash,,,ai-money-deepseek-deepseek-v4,,1,flash,chat,text_generation,"text,min=1,max=1",,official_documented,ready,True,provider_local,True,not_implemented,ai-money,,,NO_PARAMETER_FIELDS
enabled,user_config_projection,data/api_providers.json,,ai-money,ai-money,,deepseek/deepseek-v4-pro,,,ai-money-deepseek-deepseek-v4,,1,pro,chat,text_generation,"text,min=1,max=1",,official_documented,ready,True,provider_local,True,not_implemented,ai-money,,,NO_PARAMETER_FIELDS
enabled,user_config_projection,data/api_providers.json,,ai-money,ai-money,,glm-5,,,ai-money-glm-5,,1,default,chat,text_generation,"text,min=1,max=1",,official_documented,ready,True,provider_local,True,not_implemented,ai-money,,,NO_PARAMETER_FIELDS
enabled,user_config_projection,data/api_providers.json,,ai-money,ai-money,,glm-5-turbo,,,ai-money-glm-5,,1,turbo,chat,text_generation,"text,min=1,max=1",,official_documented,ready,True,provider_local,True,not_implemented,ai-money,,,NO_PARAMETER_FIELDS
enabled,user_config_projection,data/api_providers.json,,ai-money,ai-money,,glm-5.1,,,ai-money-glm-5-1,,1,default,chat,text_generation,"text,min=1,max=1",,official_documented,ready,True,provider_local,True,not_implemented,ai-money,,,NO_PARAMETER_FIELDS
enabled,user_config_projection,data/api_providers.json,,ai-money,ai-money,,glm-5.2,,,ai-money-glm-5-2,,1,default,chat,text_generation,"text,min=1,max=1",,official_documented,ready,True,provider_local,True,not_implemented,ai-money,,,NO_PARAMETER_FIELDS
enabled,user_config_projection,data/api_providers.json,,ai-money,ai-money,,glm-5.3,,,ai-money-glm-5-3,,2,default,chat,text_generation,"text,min=1,max=1",,official_documented,ready,True,provider_local,True,not_implemented,ai-money,max_output_tokens,,
enabled,user_config_projection,data/api_providers.json,,ai-money,ai-money,,glm-5v-turbo,,,ai-money-glm-5v-turbo,,1,default,chat,text_generation,"text,min=1,max=1",,official_documented,ready,True,provider_local,True,not_implemented,ai-money,,,NO_PARAMETER_FIELDS
enabled,user_config_projection,data/api_providers.json,,ai-money,ai-money,,glm/glm-5.3-flash,,,ai-money-glm-glm-5-3-flash,,2,default,chat,text_generation,"text,min=1,max=1",,official_documented,ready,True,provider_local,True,not_implemented,ai-money,max_output_tokens,,
enabled,user_config_projection,data/api_providers.json,,ai-money,ai-money,,hunyuan3d-v3.1-text-to-3d,,,ai-money-hunyuan3d-v3.1-text-to-3d,,2,default,text_to_3d,text_generation,"file,min=1,max=1,async",,official_documented,adapter_missing,False,provider_local,True,not_implemented,ai-money,,,ADAPTER_MISSING|NO_PARAMETER_FIELDS
enabled,user_config_projection,data/api_providers.json,,ai-money,ai-money,,kimi-k3,,,kimi-k3,,1,chat,chat,text_generation,"text,min=1,max=1",,official_documented,ready,True,provider_local,True,not_implemented,ai-money,max_output_tokens|stream,,
enabled,user_config_projection,data/api_providers.json,,ai-money,ai-money,,laohu/g5.5,,,ai-money-laohu-g5-5,,2,default,chat,text_generation,"text,min=1,max=1",,official_documented,ready,True,provider_local,True,not_implemented,ai-money,max_output_tokens,,
enabled,user_config_projection,data/api_providers.json,,ai-money,ai-money,,laohu/g5.6-luna,,,ai-money-laohu-g5-6-luna,,2,default,chat,text_generation,"text,min=1,max=1",,official_documented,ready,True,provider_local,True,not_implemented,ai-money,max_output_tokens,,
enabled,user_config_projection,data/api_providers.json,,ai-money,ai-money,,laohu/g5.6-sol,,,ai-money-laohu-g5-6-sol,,2,default,chat,text_generation,"text,min=1,max=1",,official_documented,ready,True,provider_local,True,not_implemented,ai-money,max_output_tokens,,
enabled,user_config_projection,data/api_providers.json,,ai-money,ai-money,,laohu/g5.6-terra,,,ai-money-laohu-g5-6-terra,,2,default,chat,text_generation,"text,min=1,max=1",,official_documented,ready,True,provider_local,True,not_implemented,ai-money,max_output_tokens,,
enabled,user_config_projection,data/api_providers.json,,ai-money,ai-money,,laohu/g6-astra,,,ai-money-laohu-g6-astra,,2,default,chat,text_generation,"text,min=1,max=1",,official_documented,ready,True,provider_local,True,not_implemented,ai-money,max_output_tokens,,
enabled,user_config_projection,data/api_providers.json,,ai-money,ai-money,,laohu/gk-4.6,,,ai-money-laohu-gk-4-6,,1,default,chat,text_generation,"text,min=1,max=1",,official_documented,ready,True,provider_local,True,not_implemented,ai-money,max_output_tokens,,
enabled,user_config_projection,data/api_providers.json,,ai-money,ai-money,,laohu/gm-3.8-flash,,,ai-money-laohu-gm-3-8-flash,,2,default,chat,text_generation,"text,min=1,max=1",,official_documented,ready,True,provider_local,True,not_implemented,ai-money,max_output_tokens,,
enabled,user_config_projection,data/api_providers.json,,ai-money,ai-money,,midjourney-describe,,,ai-money-midjourney,,1,describe,image_description,text_generation,"text,min=1,max=4",,official_schema,ready,True,provider_local,True,not_implemented,ai-money,,,NO_PARAMETER_FIELDS
enabled,user_config_projection,data/api_providers.json,,ai-money,ai-money,,minimax/minimax-m2.7,,,ai-money-minimax-minimax-m2-7,,1,default,chat,text_generation,"text,min=1,max=1",,official_documented,ready,True,provider_local,True,not_implemented,ai-money,,,NO_PARAMETER_FIELDS
enabled,user_config_projection,data/api_providers.json,,ai-money,ai-money,,minmax-h3-context-ir-image,,,ai-money-minmax-h3-context-ir,,1,image,prompt_enhancement,text_generation,"text,min=1,max=1,async",,official_documented,ready,True,provider_local,True,not_implemented,ai-money,aspect_ratio|duration,,
enabled,user_config_projection,data/api_providers.json,,ai-money,ai-money,,minmax-h3-context-ir-multimodal,,,ai-money-minmax-h3-context-ir,,1,multimodal,prompt_enhancement,text_generation,"text,min=1,max=1,async",,official_documented,ready,True,provider_local,True,not_implemented,ai-money,aspect_ratio|duration,,
enabled,user_config_projection,data/api_providers.json,,ai-money,ai-money,,minmax-h3-context-ir-text,,,ai-money-minmax-h3-context-ir,,1,text,prompt_enhancement,text_generation,"text,min=1,max=1,async",,official_documented,ready,True,provider_local,True,not_implemented,ai-money,aspect_ratio|duration,,
enabled,user_config_projection,data/api_providers.json,,ai-money,ai-money,,qwen/qwen3.6-flash,,,ai-money-qwen-qwen3-6,,1,flash,chat,text_generation,"text,min=1,max=1",,official_documented,ready,True,provider_local,True,not_implemented,ai-money,,,NO_PARAMETER_FIELDS
enabled,user_config_projection,data/api_providers.json,,ai-money,ai-money,,qwen/qwen3.6-max-preview,,,ai-money-qwen-qwen3-6,,1,max-preview,chat,text_generation,"text,min=1,max=1",,official_documented,ready,True,provider_local,True,not_implemented,ai-money,,,NO_PARAMETER_FIELDS
enabled,user_config_projection,data/api_providers.json,,ai-money,ai-money,,qwen/qwen3.6-plus,,,ai-money-qwen-qwen3-6,,1,plus,chat,text_generation,"text,min=1,max=1",,official_documented,ready,True,provider_local,True,not_implemented,ai-money,,,NO_PARAMETER_FIELDS
enabled,user_config_projection,data/api_providers.json,,ai-money,ai-money,,qwen/qwen3.7-max,,,ai-money-qwen-qwen3-7,,1,max,chat,text_generation,"text,min=1,max=1",,official_documented,ready,True,provider_local,True,not_implemented,ai-money,,,NO_PARAMETER_FIELDS
enabled,user_config_projection,data/api_providers.json,,ai-money,ai-money,,qwen/qwen3.7-plus,,,ai-money-qwen-qwen3-7,,1,plus,chat,text_generation,"text,min=1,max=1",,official_documented,ready,True,provider_local,True,not_implemented,ai-money,,,NO_PARAMETER_FIELDS
enabled,user_config_projection,data/api_providers.json,,ai-money,ai-money,,qwen/qwen3.8-flash-next,,,ai-money-qwen-qwen3-8-flash-next,,2,default,chat,text_generation,"text,min=1,max=1",,official_documented,ready,True,provider_local,True,not_implemented,ai-money,max_output_tokens,,
enabled,user_config_projection,data/api_providers.json,,ai-money,ai-money,,qwen/qwen3.8-max,,,ai-money-qwen-qwen3-8,,1,max,chat,text_generation,"text,min=1,max=1",,official_documented,ready,True,provider_local,True,not_implemented,ai-money,max_output_tokens,,
enabled,user_config_projection,data/api_providers.json,,ai-money,ai-money,,whisper-1,,,ai-money-whisper,,1,transcription,transcription,text_generation,"text,min=1,max=1",,official_documented,ready,True,provider_local,True,not_implemented,ai-money,,,NO_PARAMETER_FIELDS
enabled,user_config_projection,data/api_providers.json,,ai-money,ai-money,,dola-seedream-5.0-pro-i2i,,,ai-money-dola-seedream-5.0-pro-i2i,,2,default,image_to_image,image_generation,"image,min=1,max=1,async",,official_documented,ready,True,provider_local,True,not_implemented,ai-money,height|output_format|resolution|width,,
enabled,user_config_projection,data/api_providers.json,,ai-money,ai-money,,dola-seedream-5.0-pro-layer-decomposition,,,ai-money-dola-seedream-5-0-pro-layer-decomposition,,1,layer_decomposition,layer_decomposition,image_generation,"image,min=1,max=10,async",,official_documented,ready,True,provider_local,True,not_implemented,ai-money,aspect_ratio|resolution,,
enabled,user_config_projection,data/api_providers.json,,ai-money,ai-money,,dola-seedream-5.0-pro-t2i,,,ai-money-dola-seedream-5.0-pro-t2i,,2,default,text_to_image,image_generation,"image,min=1,max=1,async",,official_documented,ready,True,provider_local,True,not_implemented,ai-money,height|output_format|resolution|width,,
enabled,user_config_projection,data/api_providers.json,,ai-money,ai-money,,hunyuan3d-v3.1-image-to-3d,,,ai-money-hunyuan3d-v3.1-image-to-3d,,2,default,image_to_3d,image_generation,"file,min=1,max=1,async",,official_documented,adapter_missing,False,provider_local,True,not_implemented,ai-money,,,ADAPTER_MISSING|NO_PARAMETER_FIELDS
enabled,user_config_projection,data/api_providers.json,,ai-money,ai-money,,laohu-image-g-v2-lowprice,,,ai-money-image-g-v2-lowprice,,1,text_or_image_to_image,text_to_image,image_generation,"image,min=1,max=10,async",,official_documented,ready,True,provider_local,True,not_implemented,ai-money,aspect_ratio|count|resolution,,
enabled,user_config_projection,data/api_providers.json,,ai-money,ai-money,,laohu-image-g-v2.5-flare,,,ai-money-laohu-image-g-v2-5-flare,,2,default,text_or_reference_to_image,image_generation,"image,min=1,max=4,async",,official_documented,ready,True,provider_local,True,not_implemented,ai-money,aspect_ratio|background|count|moderation|output_compression|output_format|quality|resolution,,
enabled,user_config_projection,data/api_providers.json,,ai-money,ai-money,,laohu-image-g-v2.5-lowprice,,,ai-money-laohu-image-g-v2-5-lowprice,,2,default,text_or_reference_to_image,image_generation,"image,min=1,max=1,async",,official_documented,ready,True,provider_local,True,not_implemented,ai-money,aspect_ratio|count|nsfw_check|resolution,,
enabled,user_config_projection,data/api_providers.json,,ai-money,ai-money,,laohu-image-g-v2.5-sunburst,,,ai-money-laohu-image-g-v2-5-sunburst,,2,default,text_or_reference_to_image,image_generation,"image,min=1,max=4,async",,official_documented,ready,True,provider_local,True,not_implemented,ai-money,aspect_ratio|background|count|moderation|output_compression|output_format|quality|resolution,,
enabled,user_config_projection,data/api_providers.json,,ai-money,ai-money,,laohu-image-g2-i2i,,,ai-money-gpt-image-2,,1,image_to_image,image_to_image,image_generation,"image,min=1,max=10,async",,official_documented,ready,True,provider_local,True,not_implemented,ai-money,aspect_ratio|resolution,,
enabled,user_config_projection,data/api_providers.json,,ai-money,ai-money,,laohu-image-g2-t2i,,,ai-money-gpt-image-2,,1,text_to_image,text_to_image,image_generation,"image,min=1,max=10,async",,official_documented,ready,True,provider_local,True,not_implemented,ai-money,aspect_ratio|resolution,,
enabled,user_config_projection,data/api_providers.json,,ai-money,ai-money,,laohu-image-gk-v15,,,ai-money-grok-image,,1,text_to_image,text_to_image,image_generation,"image,min=1,max=10,async",,official_documented,ready,True,provider_local,True,not_implemented,ai-money,aspect_ratio|resolution,,
enabled,user_config_projection,data/api_providers.json,,ai-money,ai-money,,laohu-image-gk-v15-edit,,,ai-money-grok-image,,1,image_to_image,image_to_image,image_generation,"image,min=1,max=10,async",,official_documented,ready,True,provider_local,True,not_implemented,ai-money,aspect_ratio|resolution,,
enabled,user_config_projection,data/api_providers.json,,ai-money,ai-money,,laohu-image-gk-v2,,,ai-money-grok-image,,1,text_to_image,text_to_image,image_generation,"image,min=1,max=10,async",,official_documented,ready,True,provider_local,True,not_implemented,ai-money,aspect_ratio|count|resolution,,
enabled,user_config_projection,data/api_providers.json,,ai-money,ai-money,,laohu-image-gk-v2-edit,,,ai-money-grok-image,,1,image_to_image,image_to_image,image_generation,"image,min=1,max=10,async",,official_documented,ready,True,provider_local,True,not_implemented,ai-money,aspect_ratio|count|nsfw_check|resolution,,
enabled,user_config_projection,data/api_providers.json,,ai-money,ai-money,,laohu-image-gk-v2-region-edit,,,ai-money-grok-image,,1,image_to_image,image_to_image,image_generation,"image,min=1,max=10,async",,official_documented,ready,True,provider_local,True,not_implemented,ai-money,aspect_ratio|resolution,,
enabled,user_config_projection,data/api_providers.json,,ai-money,ai-money,,laohu-image-gk-v2-segment,,,ai-money-grok-image,,1,text_to_image,text_to_image,image_generation,"image,min=1,max=10,async",,official_documented,ready,True,provider_local,True,not_implemented,ai-money,aspect_ratio|resolution,,
enabled,user_config_projection,data/api_providers.json,,ai-money,ai-money,,laohu-image-nb-2,,,ai-money-nano-banana-2,,1,text_to_image,text_to_image,image_generation,"image,min=1,max=10,async",,official_documented,ready,True,provider_local,True,not_implemented,ai-money,aspect_ratio|resolution,,
enabled,user_config_projection,data/api_providers.json,,ai-money,ai-money,,laohu-image-nb-2-lite,,,ai-money-nano-banana-2,,1,text_to_image,text_to_image,image_generation,"image,min=1,max=10,async",,official_documented,ready,True,provider_local,True,not_implemented,ai-money,aspect_ratio|resolution,,
enabled,user_config_projection,data/api_providers.json,,ai-money,ai-money,,laohu-image-nb-flash,,,ai-money-nano-banana-2,,1,text_to_image,text_to_image,image_generation,"image,min=1,max=10,async",,official_documented,ready,True,provider_local,True,not_implemented,ai-money,aspect_ratio|resolution,,
enabled,user_config_projection,data/api_providers.json,,ai-money,ai-money,,laohu-image-nb-pro,,,ai-money-nano-banana-pro,,1,text_to_image,text_to_image,image_generation,"image,min=1,max=10,async",,official_documented,ready,True,provider_local,True,not_implemented,ai-money,aspect_ratio|resolution,,
enabled,user_config_projection,data/api_providers.json,,ai-money,ai-money,,midjourney-blend,,,ai-money-midjourney,,1,blend,midjourney_blend,image_generation,"image,min=1,async",,official_schema,ready,True,provider_local,True,not_implemented,ai-money,aspect_ratio|custom_id|index|size|speed|upstream_task_id,,
enabled,user_config_projection,data/api_providers.json,,ai-money,ai-money,,midjourney-edits,,,ai-money-midjourney,,1,edits,midjourney_edits,image_generation,"image,min=1,async",,official_schema,ready,True,provider_local,True,not_implemented,ai-money,aspect_ratio|custom_id|index|size|speed|upstream_task_id,,
enabled,user_config_projection,data/api_providers.json,,ai-money,ai-money,,midjourney-high-variation,,,ai-money-midjourney,,1,high-variation,midjourney_high_variation,image_generation,"image,min=1,async",,official_schema,ready,True,provider_local,True,not_implemented,ai-money,aspect_ratio|custom_id|index|size|speed|upstream_task_id,,
enabled,user_config_projection,data/api_providers.json,,ai-money,ai-money,,midjourney-imagine,,,ai-money-midjourney,,1,imagine,midjourney_imagine,image_generation,"image,min=1,async",,official_schema,ready,True,provider_local,True,not_implemented,ai-money,aspect_ratio|size|speed|version,,
enabled,user_config_projection,data/api_providers.json,,ai-money,ai-money,,midjourney-inpaint,,,ai-money-midjourney,,1,inpaint,midjourney_inpaint,image_generation,"image,min=1,async",,official_schema,ready,True,provider_local,True,not_implemented,ai-money,aspect_ratio|custom_id|index|size|speed|upstream_task_id,,
enabled,user_config_projection,data/api_providers.json,,ai-money,ai-money,,midjourney-low-variation,,,ai-money-midjourney,,1,low-variation,midjourney_low_variation,image_generation,"image,min=1,async",,official_schema,ready,True,provider_local,True,not_implemented,ai-money,aspect_ratio|custom_id|index|size|speed|upstream_task_id,,
enabled,user_config_projection,data/api_providers.json,,ai-money,ai-money,,midjourney-modal,,,ai-money-midjourney,,1,modal,midjourney_modal,image_generation,"image,min=1,async",,official_schema,ready,True,provider_local,True,not_implemented,ai-money,aspect_ratio|size|speed|upstream_task_id,,
enabled,user_config_projection,data/api_providers.json,,ai-money,ai-money,,midjourney-pan,,,ai-money-midjourney,,1,pan,midjourney_pan,image_generation,"image,min=1,async",,official_schema,ready,True,provider_local,True,not_implemented,ai-money,aspect_ratio|custom_id|direction|index|size|speed|upstream_task_id,,
enabled,user_config_projection,data/api_providers.json,,ai-money,ai-money,,midjourney-remix-strong,,,ai-money-midjourney,,1,remix-strong,midjourney_remix_strong,image_generation,"image,min=1,async",,official_schema,ready,True,provider_local,True,not_implemented,ai-money,aspect_ratio|custom_id|index|size|speed|upstream_task_id,,
enabled,user_config_projection,data/api_providers.json,,ai-money,ai-money,,midjourney-remix-subtle,,,ai-money-midjourney,,1,remix-subtle,midjourney_remix_subtle,image_generation,"image,min=1,async",,official_schema,ready,True,provider_local,True,not_implemented,ai-money,aspect_ratio|custom_id|index|size|speed|upstream_task_id,,
enabled,user_config_projection,data/api_providers.json,,ai-money,ai-money,,midjourney-reroll,,,ai-money-midjourney,,1,reroll,midjourney_reroll,image_generation,"image,min=1,async",,official_schema,ready,True,provider_local,True,not_implemented,ai-money,aspect_ratio|custom_id|index|size|speed|upstream_task_id,,
enabled,user_config_projection,data/api_providers.json,,ai-money,ai-money,,midjourney-upscale,,,ai-money-midjourney,,1,upscale,midjourney_upscale,image_generation,"image,min=1,async",,official_schema,ready,True,provider_local,True,not_implemented,ai-money,aspect_ratio|custom_id|index|size|speed|upstream_task_id,,
enabled,user_config_projection,data/api_providers.json,,ai-money,ai-money,,midjourney-variation,,,ai-money-midjourney,,1,variation,midjourney_variation,image_generation,"image,min=1,async",,official_schema,ready,True,provider_local,True,not_implemented,ai-money,aspect_ratio|custom_id|index|size|speed|upstream_task_id,,
enabled,user_config_projection,data/api_providers.json,,ai-money,ai-money,,midjourney-zoom,,,ai-money-midjourney,,1,zoom,midjourney_zoom,image_generation,"image,min=1,async",,official_schema,ready,True,provider_local,True,not_implemented,ai-money,aspect_ratio|custom_id|index|size|speed|upstream_task_id|zoom_ratio,,
enabled,user_config_projection,data/api_providers.json,,ai-money,ai-money,,qwen-image-3.0-global-i2i,,,ai-money-qwen-image-3-0,,1,image_to_image,image_to_image,image_generation,"image,min=1,max=10,async",,official_documented,ready,True,provider_local,True,not_implemented,ai-money,aspect_ratio|resolution,,
enabled,user_config_projection,data/api_providers.json,,ai-money,ai-money,,qwen-image-3.0-global-pro-i2i,,,ai-money-qwen-image-3-0,,1,image_to_image,image_to_image,image_generation,"image,min=1,max=10,async",,official_documented,ready,True,provider_local,True,not_implemented,ai-money,aspect_ratio|resolution,,
enabled,user_config_projection,data/api_providers.json,,ai-money,ai-money,,qwen-image-3.0-global-pro-t2i,,,ai-money-qwen-image-3-0,,1,text_to_image,text_to_image,image_generation,"image,min=1,max=10,async",,official_documented,ready,True,provider_local,True,not_implemented,ai-money,aspect_ratio|resolution,,
enabled,user_config_projection,data/api_providers.json,,ai-money,ai-money,,qwen-image-3.0-global-t2i,,,ai-money-qwen-image-3-0,,1,text_to_image,text_to_image,image_generation,"image,min=1,max=10,async",,official_documented,ready,True,provider_local,True,not_implemented,ai-money,aspect_ratio|resolution,,
enabled,user_config_projection,data/api_providers.json,,ai-money,ai-money,,qwen-image-3.0-i2i,,,ai-money-qwen-image-3-0,,1,image_to_image,image_to_image,image_generation,"image,min=1,max=10,async",,official_documented,ready,True,provider_local,True,not_implemented,ai-money,aspect_ratio|resolution,,
enabled,user_config_projection,data/api_providers.json,,ai-money,ai-money,,qwen-image-3.0-pro-i2i,,,ai-money-qwen-image-3-0,,1,image_to_image,image_to_image,image_generation,"image,min=1,max=10,async",,official_documented,ready,True,provider_local,True,not_implemented,ai-money,aspect_ratio|resolution,,
enabled,user_config_projection,data/api_providers.json,,ai-money,ai-money,,qwen-image-3.0-pro-t2i,,,ai-money-qwen-image-3-0,,1,text_to_image,text_to_image,image_generation,"image,min=1,max=10,async",,official_documented,ready,True,provider_local,True,not_implemented,ai-money,aspect_ratio|resolution,,
enabled,user_config_projection,data/api_providers.json,,ai-money,ai-money,,qwen-image-3.0-t2i,,,ai-money-qwen-image-3-0,,1,text_to_image,text_to_image,image_generation,"image,min=1,max=10,async",,official_documented,ready,True,provider_local,True,not_implemented,ai-money,aspect_ratio|resolution,,
enabled,user_config_projection,data/api_providers.json,,ai-money,ai-money,,seedream-v5-pro-i2i,,,ai-money-seedream-v5-pro,,1,image_to_image,image_to_image,image_generation,"image,min=1,max=10,async",,official_documented,ready,True,provider_local,True,not_implemented,ai-money,aspect_ratio|resolution,,
enabled,user_config_projection,data/api_providers.json,,ai-money,ai-money,,seedream-v5-pro-layer-decomposition,,,ai-money-seedream-v5-pro-layer-decomposition,,1,layer_decomposition,layer_decomposition,image_generation,"image,min=1,max=10,async",,official_documented,ready,True,provider_local,True,not_implemented,ai-money,aspect_ratio|resolution,,
enabled,user_config_projection,data/api_providers.json,,ai-money,ai-money,,seedream-v5-pro-t2i,,,ai-money-seedream-v5-pro,,1,text_to_image,text_to_image,image_generation,"image,min=1,max=10,async",,official_documented,ready,True,provider_local,True,not_implemented,ai-money,aspect_ratio|resolution,,
enabled,user_config_projection,data/api_providers.json,,ai-money,ai-money,,vosr2-image-upscale,,,ai-money-vosr2-image-upscale,,2,default,image_upscale,image_generation,"image,min=1,max=1,async",,official_documented,ready,True,provider_local,True,not_implemented,ai-money,,,NO_PARAMETER_FIELDS
enabled,user_config_projection,data/api_providers.json,,ai-money,ai-money,,wan-2.7-global-i2i,,,ai-money-wan-image,,1,image_to_image,image_to_image,image_generation,"image,min=1,max=10,async",,official_documented,ready,True,provider_local,True,not_implemented,ai-money,aspect_ratio|resolution,,
enabled,user_config_projection,data/api_providers.json,,ai-money,ai-money,,wan-2.7-global-i2i-pro,,,ai-money-wan-image,,1,image_to_image,image_to_image,image_generation,"image,min=1,max=10,async",,official_documented,ready,True,provider_local,True,not_implemented,ai-money,aspect_ratio|resolution,,
enabled,user_config_projection,data/api_providers.json,,ai-money,ai-money,,wan-2.7-global-t2i,,,ai-money-wan-image,,1,text_to_image,text_to_image,image_generation,"image,min=1,max=10,async",,official_documented,ready,True,provider_local,True,not_implemented,ai-money,aspect_ratio|resolution,,
enabled,user_config_projection,data/api_providers.json,,ai-money,ai-money,,FlashVSR_video_upscale,,,ai-money-FlashVSR_video_upscale,,2,default,video_upscale,video_generation,"video,min=1,max=1,async",,official_documented,ready,True,provider_local,True,not_implemented,ai-money,,,NO_PARAMETER_FIELDS
enabled,user_config_projection,data/api_providers.json,,ai-money,ai-money,,MiniMax-H3,,,ai-money-minimax-h3,,2,default,text_or_reference_to_video,video_generation,"video,min=1,max=1,async",,official_documented,ready,True,provider_local,True,not_implemented,ai-money,add_drive_as_reference|aspect_ratio|audio_mode|audio_role|denoise_strength|duration|resolution|start_time_seconds,,
enabled,user_config_projection,data/api_providers.json,,ai-money,ai-money,,flux-3-video-draft-enhance,,,ai-money-flux-3-video,,1,draft_enhance,draft_enhance,video_generation,"video,min=1,max=1,async",,official_documented,ready,True,provider_local,True,not_implemented,ai-money,aspect_ratio|draft_cache|duration|generate_audio|resolution|return_last_frame|seed,,
enabled,user_config_projection,data/api_providers.json,,ai-money,ai-money,,flux-3-video-global-draft-enhance,,,ai-money-flux-3-video,,1,draft_enhance,draft_enhance,video_generation,"video,min=1,max=1,async",,official_documented,ready,True,provider_local,True,not_implemented,ai-money,aspect_ratio|draft_cache|duration|generate_audio|resolution|return_last_frame|seed,,
enabled,user_config_projection,data/api_providers.json,,ai-money,ai-money,,flux-3-video-global-i2v,,,ai-money-flux-3-video,,1,image_to_video,image_to_video,video_generation,"video,min=1,max=1,async",,official_documented,ready,True,provider_local,True,not_implemented,ai-money,aspect_ratio|duration|generate_audio|resolution|return_last_frame|seed,,
enabled,user_config_projection,data/api_providers.json,,ai-money,ai-money,,flux-3-video-global-t2v,,,ai-money-flux-3-video,,1,text_to_video,text_to_video,video_generation,"video,min=1,max=1,async",,official_documented,ready,True,provider_local,True,not_implemented,ai-money,aspect_ratio|duration|generate_audio|resolution|return_last_frame|seed,,
enabled,user_config_projection,data/api_providers.json,,ai-money,ai-money,,flux-3-video-global-v2v,,,ai-money-flux-3-video,,1,video_to_video,video_to_video,video_generation,"video,min=1,max=1,async",,official_documented,ready,True,provider_local,True,not_implemented,ai-money,aspect_ratio|duration|generate_audio|resolution|return_last_frame|seed,,
enabled,user_config_projection,data/api_providers.json,,ai-money,ai-money,,flux-3-video-i2v,,,ai-money-flux-3-video,,1,image_to_video,image_to_video,video_generation,"video,min=1,max=1,async",,official_documented,ready,True,provider_local,True,not_implemented,ai-money,aspect_ratio|duration|generate_audio|resolution|return_last_frame|seed,,
enabled,user_config_projection,data/api_providers.json,,ai-money,ai-money,,flux-3-video-t2v,,,ai-money-flux-3-video,,1,text_to_video,text_to_video,video_generation,"video,min=1,max=1,async",,official_documented,ready,True,provider_local,True,not_implemented,ai-money,aspect_ratio|duration|generate_audio|resolution|return_last_frame|seed,,
enabled,user_config_projection,data/api_providers.json,,ai-money,ai-money,,flux-3-video-v2v,,,ai-money-flux-3-video,,1,video_to_video,video_to_video,video_generation,"video,min=1,max=1,async",,official_documented,ready,True,provider_local,True,not_implemented,ai-money,aspect_ratio|duration|generate_audio|resolution|return_last_frame|seed,,
enabled,user_config_projection,data/api_providers.json,,ai-money,ai-money,,hailuo-2.3-fast-i2v,,,ai-money-hailuo-2-3,,1,image_to_video,image_to_video,video_generation,"video,min=1,max=1,async",,official_documented,ready,True,provider_local,True,not_implemented,ai-money,aspect_ratio|duration|generate_audio|resolution|return_last_frame|seed,,
enabled,user_config_projection,data/api_providers.json,,ai-money,ai-money,,hailuo-2.3-fast-pro-i2v,,,ai-money-hailuo-2-3,,1,image_to_video,image_to_video,video_generation,"video,min=1,max=1,async",,official_documented,ready,True,provider_local,True,not_implemented,ai-money,aspect_ratio|duration|generate_audio|resolution|return_last_frame|seed,,
enabled,user_config_projection,data/api_providers.json,,ai-money,ai-money,,hailuo-2.3-i2v-pro,,,ai-money-hailuo-2-3,,1,image_to_video,image_to_video,video_generation,"video,min=1,max=1,async",,official_documented,ready,True,provider_local,True,not_implemented,ai-money,aspect_ratio|duration|generate_audio|resolution|return_last_frame|seed,,
enabled,user_config_projection,data/api_providers.json,,ai-money,ai-money,,hailuo-2.3-i2v-standard,,,ai-money-hailuo-2-3,,1,image_to_video,image_to_video,video_generation,"video,min=1,max=1,async",,official_documented,ready,True,provider_local,True,not_implemented,ai-money,aspect_ratio|duration|generate_audio|resolution|return_last_frame|seed,,
enabled,user_config_projection,data/api_providers.json,,ai-money,ai-money,,hailuo-2.3-t2v-pro,,,ai-money-hailuo-2-3,,1,text_to_video,text_to_video,video_generation,"video,min=1,max=1,async",,official_documented,ready,True,provider_local,True,not_implemented,ai-money,aspect_ratio|duration|generate_audio|resolution|return_last_frame|seed,,
enabled,user_config_projection,data/api_providers.json,,ai-money,ai-money,,hailuo-2.3-t2v-standard,,,ai-money-hailuo-2-3,,1,text_to_video,text_to_video,video_generation,"video,min=1,max=1,async",,official_documented,ready,True,provider_local,True,not_implemented,ai-money,aspect_ratio|duration|generate_audio|resolution|return_last_frame|seed,,
enabled,user_config_projection,data/api_providers.json,,ai-money,ai-money,,hailuo-h3-global-i2v,,,ai-money-hailuo-h3,,1,image_to_video,image_to_video,video_generation,"video,min=1,max=1,async",,official_documented,ready,True,provider_local,True,not_implemented,ai-money,aspect_ratio|duration|generate_audio|resolution|return_last_frame|seed,,
enabled,user_config_projection,data/api_providers.json,,ai-money,ai-money,,hailuo-h3-global-multi,,,ai-money-hailuo-h3,,1,multimodal_to_video,multimodal_to_video,video_generation,"video,min=1,max=1,async",,official_documented,ready,True,provider_local,True,not_implemented,ai-money,aspect_ratio|duration|generate_audio|resolution|return_last_frame|seed,,
enabled,user_config_projection,data/api_providers.json,,ai-money,ai-money,,hailuo-h3-global-t2v,,,ai-money-hailuo-h3,,1,text_to_video,text_to_video,video_generation,"video,min=1,max=1,async",,official_documented,ready,True,provider_local,True,not_implemented,ai-money,aspect_ratio|duration|generate_audio|resolution|return_last_frame|seed,,
enabled,user_config_projection,data/api_providers.json,,ai-money,ai-money,,hailuo-h3-i2v,,,ai-money-hailuo-h3,,1,image_to_video,image_to_video,video_generation,"video,min=1,max=1,async",,official_documented,ready,True,provider_local,True,not_implemented,ai-money,aspect_ratio|duration|generate_audio|resolution|return_last_frame|seed,,
enabled,user_config_projection,data/api_providers.json,,ai-money,ai-money,,hailuo-h3-max-i2v,,,ai-money-hailuo-h3,,1,image_to_video,image_to_video,video_generation,"video,min=1,max=1,async",,official_documented,ready,True,provider_local,True,not_implemented,ai-money,aspect_ratio|duration|generate_audio|resolution|return_last_frame|seed,,
enabled,user_config_projection,data/api_providers.json,,ai-money,ai-money,,hailuo-h3-max-t2v,,,ai-money-hailuo-h3,,1,text_to_video,text_to_video,video_generation,"video,min=1,max=1,async",,official_documented,ready,True,provider_local,True,not_implemented,ai-money,aspect_ratio|duration|generate_audio|resolution|return_last_frame|seed,,
enabled,user_config_projection,data/api_providers.json,,ai-money,ai-money,,hailuo-h3-max-turbo-i2v,,,ai-money-hailuo-h3,,1,image_to_video,image_to_video,video_generation,"video,min=1,max=1,async",,official_documented,ready,True,provider_local,True,not_implemented,ai-money,aspect_ratio|duration|generate_audio|resolution|return_last_frame|seed,,
enabled,user_config_projection,data/api_providers.json,,ai-money,ai-money,,hailuo-h3-max-turbo-t2v,,,ai-money-hailuo-h3,,1,text_to_video,text_to_video,video_generation,"video,min=1,max=1,async",,official_documented,ready,True,provider_local,True,not_implemented,ai-money,aspect_ratio|duration|generate_audio|resolution|return_last_frame|seed,,
enabled,user_config_projection,data/api_providers.json,,ai-money,ai-money,,hailuo-h3-multi,,,ai-money-hailuo-h3,,1,multimodal_to_video,multimodal_to_video,video_generation,"video,min=1,max=1,async",,official_documented,ready,True,provider_local,True,not_implemented,ai-money,aspect_ratio|duration|generate_audio|resolution|return_last_frame|seed,,
enabled,user_config_projection,data/api_providers.json,,ai-money,ai-money,,hailuo-h3-t2v,,,ai-money-hailuo-h3,,1,text_to_video,text_to_video,video_generation,"video,min=1,max=1,async",,official_documented,ready,True,provider_local,True,not_implemented,ai-money,aspect_ratio|duration|generate_audio|resolution|return_last_frame|seed,,
enabled,user_config_projection,data/api_providers.json,,ai-money,ai-money,,happyhorse-1.1-i2v,,,ai-money-happyhorse-1-1,,1,image_to_video,image_to_video,video_generation,"video,min=1,max=1,async",,official_documented,ready,True,provider_local,True,not_implemented,ai-money,aspect_ratio|duration|generate_audio|resolution|return_last_frame|seed,,
enabled,user_config_projection,data/api_providers.json,,ai-money,ai-money,,happyhorse-1.1-r2v,,,ai-money-happyhorse-1-1,,1,reference_to_video,reference_to_video,video_generation,"video,min=1,max=1,async",,official_documented,ready,True,provider_local,True,not_implemented,ai-money,aspect_ratio|duration|generate_audio|resolution|return_last_frame|seed,,
enabled,user_config_projection,data/api_providers.json,,ai-money,ai-money,,happyhorse-1.1-t2v,,,ai-money-happyhorse-1-1,,1,text_to_video,text_to_video,video_generation,"video,min=1,max=1,async",,official_documented,ready,True,provider_local,True,not_implemented,ai-money,aspect_ratio|duration|generate_audio|resolution|return_last_frame|seed,,
enabled,user_config_projection,data/api_providers.json,,ai-money,ai-money,,kling-elements-advanced,,,ai-money-kling-elements-advanced,,1,special_video,special_video,video_generation,"video,min=1,max=1,async",,official_documented,ready,True,provider_local,True,not_implemented,ai-money,aspect_ratio|duration|generate_audio|resolution|return_last_frame|seed,,
enabled,user_config_projection,data/api_providers.json,,ai-money,ai-money,,kling-lip-sync-identify-face,,,ai-money-kling-lip-sync-identify-face,,1,special_video,special_video,video_generation,"video,min=1,max=1,async",,official_documented,ready,True,provider_local,True,not_implemented,ai-money,aspect_ratio|duration|generate_audio|resolution|return_last_frame|seed,,
enabled,user_config_projection,data/api_providers.json,,ai-money,ai-money,,kling-lip-sync-video,,,ai-money-kling-lip-sync-video,,1,special_video,special_video,video_generation,"video,min=1,max=1,async",,official_documented,ready,True,provider_local,True,not_implemented,ai-money,aspect_ratio|duration|generate_audio|resolution|return_last_frame|seed,,
enabled,user_config_projection,data/api_providers.json,,ai-money,ai-money,,kling-o3-4k-i2v,,,ai-money-kling-o3,,1,image_to_video,image_to_video,video_generation,"video,min=1,max=1,async",,official_documented,ready,True,provider_local,True,not_implemented,ai-money,aspect_ratio|duration|generate_audio|resolution|return_last_frame|seed,,
enabled,user_config_projection,data/api_providers.json,,ai-money,ai-money,,kling-o3-4k-r2v,,,ai-money-kling-o3,,1,reference_to_video,reference_to_video,video_generation,"video,min=1,max=1,async",,official_documented,ready,True,provider_local,True,not_implemented,ai-money,aspect_ratio|duration|generate_audio|resolution|return_last_frame|seed,,
enabled,user_config_projection,data/api_providers.json,,ai-money,ai-money,,kling-o3-4k-t2v,,,ai-money-kling-o3,,1,text_to_video,text_to_video,video_generation,"video,min=1,max=1,async",,official_documented,ready,True,provider_local,True,not_implemented,ai-money,aspect_ratio|duration|generate_audio|resolution|return_last_frame|seed,,
enabled,user_config_projection,data/api_providers.json,,ai-money,ai-money,,kling-o3-pro-edit,,,ai-money-kling-o3,,1,video_to_video,video_to_video,video_generation,"video,min=1,max=1,async",,official_documented,ready,True,provider_local,True,not_implemented,ai-money,aspect_ratio|duration|generate_audio|resolution|return_last_frame|seed,,
enabled,user_config_projection,data/api_providers.json,,ai-money,ai-money,,kling-o3-pro-i2v,,,ai-money-kling-o3,,1,image_to_video,image_to_video,video_generation,"video,min=1,max=1,async",,official_documented,ready,True,provider_local,True,not_implemented,ai-money,aspect_ratio|duration|generate_audio|resolution|return_last_frame|seed,,
enabled,user_config_projection,data/api_providers.json,,ai-money,ai-money,,kling-o3-pro-r2v,,,ai-money-kling-o3,,1,reference_to_video,reference_to_video,video_generation,"video,min=1,max=1,async",,official_documented,ready,True,provider_local,True,not_implemented,ai-money,aspect_ratio|duration|generate_audio|resolution|return_last_frame|seed,,
enabled,user_config_projection,data/api_providers.json,,ai-money,ai-money,,kling-o3-pro-t2v,,,ai-money-kling-o3,,1,text_to_video,text_to_video,video_generation,"video,min=1,max=1,async",,official_documented,ready,True,provider_local,True,not_implemented,ai-money,aspect_ratio|duration|generate_audio|resolution|return_last_frame|seed,,
enabled,user_config_projection,data/api_providers.json,,ai-money,ai-money,,kling-o3-std-edit,,,ai-money-kling-o3,,1,video_to_video,video_to_video,video_generation,"video,min=1,max=1,async",,official_documented,ready,True,provider_local,True,not_implemented,ai-money,aspect_ratio|duration|generate_audio|resolution|return_last_frame|seed,,
enabled,user_config_projection,data/api_providers.json,,ai-money,ai-money,,kling-o3-std-i2v,,,ai-money-kling-o3,,1,image_to_video,image_to_video,video_generation,"video,min=1,max=1,async",,official_documented,ready,True,provider_local,True,not_implemented,ai-money,aspect_ratio|duration|generate_audio|resolution|return_last_frame|seed,,
enabled,user_config_projection,data/api_providers.json,,ai-money,ai-money,,kling-o3-std-r2v,,,ai-money-kling-o3,,1,reference_to_video,reference_to_video,video_generation,"video,min=1,max=1,async",,official_documented,ready,True,provider_local,True,not_implemented,ai-money,aspect_ratio|duration|generate_audio|resolution|return_last_frame|seed,,
enabled,user_config_projection,data/api_providers.json,,ai-money,ai-money,,kling-o3-std-t2v,,,ai-money-kling-o3,,1,text_to_video,text_to_video,video_generation,"video,min=1,max=1,async",,official_documented,ready,True,provider_local,True,not_implemented,ai-money,aspect_ratio|duration|generate_audio|resolution|return_last_frame|seed,,
enabled,user_config_projection,data/api_providers.json,,ai-money,ai-money,,kling-v3-4k-i2v,,,ai-money-kling-v3-0,,1,image_to_video,image_to_video,video_generation,"video,min=1,max=1,async",,official_documented,ready,True,provider_local,True,not_implemented,ai-money,aspect_ratio|duration|generate_audio|resolution|return_last_frame|seed,,
enabled,user_config_projection,data/api_providers.json,,ai-money,ai-money,,kling-v3-4k-t2v,,,ai-money-kling-v3-0,,1,text_to_video,text_to_video,video_generation,"video,min=1,max=1,async",,official_documented,ready,True,provider_local,True,not_implemented,ai-money,aspect_ratio|duration|generate_audio|resolution|return_last_frame|seed,,
enabled,user_config_projection,data/api_providers.json,,ai-money,ai-money,,kling-v3-turbo-pro-i2v,,,ai-money-kling-v3-0,,1,image_to_video,image_to_video,video_generation,"video,min=1,max=1,async",,official_documented,ready,True,provider_local,True,not_implemented,ai-money,aspect_ratio|duration|generate_audio|resolution|return_last_frame|seed,,
enabled,user_config_projection,data/api_providers.json,,ai-money,ai-money,,kling-v3-turbo-pro-t2v,,,ai-money-kling-v3-0,,1,text_to_video,text_to_video,video_generation,"video,min=1,max=1,async",,official_documented,ready,True,provider_local,True,not_implemented,ai-money,aspect_ratio|duration|generate_audio|resolution|return_last_frame|seed,,
enabled,user_config_projection,data/api_providers.json,,ai-money,ai-money,,kling-v3-turbo-std-i2v,,,ai-money-kling-v3-0,,1,image_to_video,image_to_video,video_generation,"video,min=1,max=1,async",,official_documented,ready,True,provider_local,True,not_implemented,ai-money,aspect_ratio|duration|generate_audio|resolution|return_last_frame|seed,,
enabled,user_config_projection,data/api_providers.json,,ai-money,ai-money,,kling-v3-turbo-std-t2v,,,ai-money-kling-v3-0,,1,text_to_video,text_to_video,video_generation,"video,min=1,max=1,async",,official_documented,ready,True,provider_local,True,not_implemented,ai-money,aspect_ratio|duration|generate_audio|resolution|return_last_frame|seed,,
enabled,user_config_projection,data/api_providers.json,,ai-money,ai-money,,kling-v3.0-4k-motion,,,ai-money-kling-v3-0,,1,video_to_video,video_to_video,video_generation,"video,min=1,max=1,async",,official_documented,ready,True,provider_local,True,not_implemented,ai-money,aspect_ratio|duration|generate_audio|resolution|return_last_frame|seed,,
enabled,user_config_projection,data/api_providers.json,,ai-money,ai-money,,kling-v3.0-pro-i2v,,,ai-money-kling-v3-0,,1,image_to_video,image_to_video,video_generation,"video,min=1,max=1,async",,official_documented,ready,True,provider_local,True,not_implemented,ai-money,aspect_ratio|duration|generate_audio|resolution|return_last_frame|seed,,
enabled,user_config_projection,data/api_providers.json,,ai-money,ai-money,,kling-v3.0-pro-motion,,,ai-money-kling-v3-0,,1,video_to_video,video_to_video,video_generation,"video,min=1,max=1,async",,official_documented,ready,True,provider_local,True,not_implemented,ai-money,aspect_ratio|duration|generate_audio|resolution|return_last_frame|seed,,
enabled,user_config_projection,data/api_providers.json,,ai-money,ai-money,,kling-v3.0-pro-t2v,,,ai-money-kling-v3-0,,1,text_to_video,text_to_video,video_generation,"video,min=1,max=1,async",,official_documented,ready,True,provider_local,True,not_implemented,ai-money,aspect_ratio|duration|generate_audio|resolution|return_last_frame|seed,,
enabled,user_config_projection,data/api_providers.json,,ai-money,ai-money,,kling-v3.0-std-i2v,,,ai-money-kling-v3-0,,1,image_to_video,image_to_video,video_generation,"video,min=1,max=1,async",,official_documented,ready,True,provider_local,True,not_implemented,ai-money,aspect_ratio|duration|generate_audio|resolution|return_last_frame|seed,,
enabled,user_config_projection,data/api_providers.json,,ai-money,ai-money,,kling-v3.0-std-motion,,,ai-money-kling-v3-0,,1,video_to_video,video_to_video,video_generation,"video,min=1,max=1,async",,official_documented,ready,True,provider_local,True,not_implemented,ai-money,aspect_ratio|duration|generate_audio|resolution|return_last_frame|seed,,
enabled,user_config_projection,data/api_providers.json,,ai-money,ai-money,,kling-v3.0-std-t2v,,,ai-money-kling-v3-0,,1,text_to_video,text_to_video,video_generation,"video,min=1,max=1,async",,official_documented,ready,True,provider_local,True,not_implemented,ai-money,aspect_ratio|duration|generate_audio|resolution|return_last_frame|seed,,
enabled,user_config_projection,data/api_providers.json,,ai-money,ai-money,,laohu-upscaler,,,ai-money-upscaler,,1,video_upscale,video_upscale,video_generation,"video,min=1,max=1,async",,official_documented,ready,True,provider_local,True,not_implemented,ai-money,resolution,,
enabled,user_config_projection,data/api_providers.json,,ai-money,ai-money,,laohu-video-g-omni-1.1-flash-lowprice,,,ai-money-veo3-1,,1,multimodal_to_video,multimodal_to_video,video_generation,"video,min=1,max=1,async",,official_documented,ready,True,provider_local,True,not_implemented,ai-money,aspect_ratio|duration|generate_audio|resolution|return_last_frame|seed,,
enabled,user_config_projection,data/api_providers.json,,ai-money,ai-money,,laohu-video-g-omni-flash,,,ai-money-veo3-1,,1,multimodal_to_video,multimodal_to_video,video_generation,"video,min=1,max=1,async",,official_documented,ready,True,provider_local,True,not_implemented,ai-money,aspect_ratio|duration|generate_audio|resolution|return_last_frame|seed,,
enabled,user_config_projection,data/api_providers.json,,ai-money,ai-money,,laohu-video-g-omni-flash-lowprice,,,ai-money-veo3-1,,1,multimodal_to_video,multimodal_to_video,video_generation,"video,min=1,max=1,async",,official_documented,ready,True,provider_local,True,not_implemented,ai-money,aspect_ratio|duration|generate_audio|resolution|return_last_frame|seed,,
enabled,user_config_projection,data/api_providers.json,,ai-money,ai-money,,laohu-video-gk-v15,,,ai-money-grok-video,,1,compatible_video,compatible_video,video_generation,"video,min=1,max=1,async",,official_documented,ready,True,provider_local,True,not_implemented,ai-money,aspect_ratio|duration|generate_audio|resolution|return_last_frame|seed,,
enabled,user_config_projection,data/api_providers.json,,ai-money,ai-money,,laohu-video-v31-fast,,,ai-money-veo3-1,,1,compatible_video,compatible_video,video_generation,"video,min=1,max=1,async",,official_documented,ready,True,provider_local,True,not_implemented,ai-money,aspect_ratio|duration,,
enabled,user_config_projection,data/api_providers.json,,ai-money,ai-money,,laohu-video-v31-lite,,,ai-money-veo3-1,,1,compatible_video,compatible_video,video_generation,"video,min=1,max=1,async",,official_documented,ready,True,provider_local,True,not_implemented,ai-money,aspect_ratio|duration,,
enabled,user_config_projection,data/api_providers.json,,ai-money,ai-money,,laohu-video-v31-quality,,,ai-money-veo3-1,,1,compatible_video,compatible_video,video_generation,"video,min=1,max=1,async",,official_documented,ready,True,provider_local,True,not_implemented,ai-money,aspect_ratio|duration,,
enabled,user_config_projection,data/api_providers.json,,ai-money,ai-money,,midjourney-video,,,ai-money-midjourney,,1,special_video,special_video,video_generation,"video,min=1,max=1,async",,official_documented,ready,True,provider_local,True,not_implemented,ai-money,aspect_ratio|duration|generate_audio|resolution|return_last_frame|seed,,
enabled,user_config_projection,data/api_providers.json,,ai-money,ai-money,,minimax-h3-ow-i2v,,,ai-money-minimax-h3,,1,image_to_video,image_to_video,video_generation,"video,min=1,max=1,async",,official_documented,ready,True,provider_local,True,not_implemented,ai-money,aspect_ratio|duration|resolution,,
enabled,user_config_projection,data/api_providers.json,,ai-money,ai-money,,minimax-h3-ow-i2v-fast,,,ai-money-minimax-h3,,1,image_to_video,image_to_video,video_generation,"video,min=1,max=1,async",,official_documented,ready,True,provider_local,True,not_implemented,ai-money,aspect_ratio|duration|resolution,,
enabled,user_config_projection,data/api_providers.json,,ai-money,ai-money,,minimax-h3-ow-r2v,,,ai-money-minimax-h3,,1,reference_to_video,reference_to_video,video_generation,"video,min=1,max=1,async",,official_documented,ready,True,provider_local,True,not_implemented,ai-money,aspect_ratio|duration|resolution,,
enabled,user_config_projection,data/api_providers.json,,ai-money,ai-money,,minimax-h3-ow-r2v-fast,,,ai-money-minimax-h3,,1,reference_to_video,reference_to_video,video_generation,"video,min=1,max=1,async",,official_documented,ready,True,provider_local,True,not_implemented,ai-money,aspect_ratio|duration|resolution,,
enabled,user_config_projection,data/api_providers.json,,ai-money,ai-money,,minimax-h3-ow-t2v,,,ai-money-minimax-h3,,1,text_to_video,text_to_video,video_generation,"video,min=1,max=1,async",,official_documented,ready,True,provider_local,True,not_implemented,ai-money,aspect_ratio|duration|resolution,,
enabled,user_config_projection,data/api_providers.json,,ai-money,ai-money,,minimax-h3-ow-t2v-fast,,,ai-money-minimax-h3,,1,text_to_video,text_to_video,video_generation,"video,min=1,max=1,async",,official_documented,ready,True,provider_local,True,not_implemented,ai-money,aspect_ratio|duration|resolution,,
enabled,user_config_projection,data/api_providers.json,,ai-money,ai-money,,seedance-2.0-fast-i2v,,,ai-money-seedance-2-0,,1,image_to_video,image_to_video,video_generation,"video,min=1,max=1,async",,official_documented,ready,True,provider_local,True,not_implemented,ai-money,aspect_ratio|duration|generate_audio|resolution|return_last_frame|seed,,
enabled,user_config_projection,data/api_providers.json,,ai-money,ai-money,,seedance-2.0-fast-multi,,,ai-money-seedance-2-0,,1,multimodal_to_video,multimodal_to_video,video_generation,"video,min=1,max=1,async",,official_documented,ready,True,provider_local,True,not_implemented,ai-money,aspect_ratio|duration|generate_audio|resolution|return_last_frame|seed,,
enabled,user_config_projection,data/api_providers.json,,ai-money,ai-money,,seedance-2.0-fast-t2v,,,ai-money-seedance-2-0,,1,text_to_video,text_to_video,video_generation,"video,min=1,max=1,async",,official_documented,ready,True,provider_local,True,not_implemented,ai-money,aspect_ratio|duration|generate_audio|resolution|return_last_frame|seed,,
enabled,user_config_projection,data/api_providers.json,,ai-money,ai-money,,seedance-2.0-global-fast-i2v,,,ai-money-seedance-2-0,,1,image_to_video,image_to_video,video_generation,"video,min=1,max=1,async",,official_documented,ready,True,provider_local,True,not_implemented,ai-money,aspect_ratio|duration|generate_audio|resolution|return_last_frame|seed,,
enabled,user_config_projection,data/api_providers.json,,ai-money,ai-money,,seedance-2.0-global-fast-multi,,,ai-money-seedance-2-0,,1,multimodal_to_video,multimodal_to_video,video_generation,"video,min=1,max=1,async",,official_documented,ready,True,provider_local,True,not_implemented,ai-money,aspect_ratio|duration|generate_audio|resolution|return_last_frame|seed,,
enabled,user_config_projection,data/api_providers.json,,ai-money,ai-money,,seedance-2.0-global-fast-t2v,,,ai-money-seedance-2-0,,1,text_to_video,text_to_video,video_generation,"video,min=1,max=1,async",,official_documented,ready,True,provider_local,True,not_implemented,ai-money,aspect_ratio|duration|generate_audio|resolution|return_last_frame|seed,,
enabled,user_config_projection,data/api_providers.json,,ai-money,ai-money,,seedance-2.0-global-mini-i2v,,,ai-money-seedance-2-0,,1,image_to_video,image_to_video,video_generation,"video,min=1,max=1,async",,official_documented,ready,True,provider_local,True,not_implemented,ai-money,aspect_ratio|duration|generate_audio|resolution|return_last_frame|seed,,
enabled,user_config_projection,data/api_providers.json,,ai-money,ai-money,,seedance-2.0-global-mini-multi,,,ai-money-seedance-2-0,,1,multimodal_to_video,multimodal_to_video,video_generation,"video,min=1,max=1,async",,official_documented,ready,True,provider_local,True,not_implemented,ai-money,aspect_ratio|duration|generate_audio|resolution|return_last_frame|seed,,
enabled,user_config_projection,data/api_providers.json,,ai-money,ai-money,,seedance-2.0-global-mini-t2v,,,ai-money-seedance-2-0,,1,text_to_video,text_to_video,video_generation,"video,min=1,max=1,async",,official_documented,ready,True,provider_local,True,not_implemented,ai-money,aspect_ratio|duration|generate_audio|resolution|return_last_frame|seed,,
enabled,user_config_projection,data/api_providers.json,,ai-money,ai-money,,seedance-2.0-global-standard-i2v,,,ai-money-seedance-2-0,,1,image_to_video,image_to_video,video_generation,"video,min=1,max=1,async",,official_documented,ready,True,provider_local,True,not_implemented,ai-money,aspect_ratio|duration|generate_audio|resolution|return_last_frame|seed,,
enabled,user_config_projection,data/api_providers.json,,ai-money,ai-money,,seedance-2.0-global-standard-multi,,,ai-money-seedance-2-0,,1,multimodal_to_video,multimodal_to_video,video_generation,"video,min=1,max=1,async",,official_documented,ready,True,provider_local,True,not_implemented,ai-money,aspect_ratio|duration|generate_audio|resolution|return_last_frame|seed,,
enabled,user_config_projection,data/api_providers.json,,ai-money,ai-money,,seedance-2.0-global-standard-t2v,,,ai-money-seedance-2-0,,1,text_to_video,text_to_video,video_generation,"video,min=1,max=1,async",,official_documented,ready,True,provider_local,True,not_implemented,ai-money,aspect_ratio|duration|generate_audio|resolution|return_last_frame|seed,,
enabled,user_config_projection,data/api_providers.json,,ai-money,ai-money,,seedance-2.0-mini-i2v,,,ai-money-seedance-2-0,,1,image_to_video,image_to_video,video_generation,"video,min=1,max=1,async",,official_documented,ready,True,provider_local,True,not_implemented,ai-money,aspect_ratio|duration|generate_audio|resolution|return_last_frame|seed,,
enabled,user_config_projection,data/api_providers.json,,ai-money,ai-money,,seedance-2.0-mini-multi,,,ai-money-seedance-2-0,,1,multimodal_to_video,multimodal_to_video,video_generation,"video,min=1,max=1,async",,official_documented,ready,True,provider_local,True,not_implemented,ai-money,aspect_ratio|duration|generate_audio|resolution|return_last_frame|seed,,
enabled,user_config_projection,data/api_providers.json,,ai-money,ai-money,,seedance-2.0-mini-t2v,,,ai-money-seedance-2-0,,1,text_to_video,text_to_video,video_generation,"video,min=1,max=1,async",,official_documented,ready,True,provider_local,True,not_implemented,ai-money,aspect_ratio|duration|generate_audio|resolution|return_last_frame|seed,,
enabled,user_config_projection,data/api_providers.json,,ai-money,ai-money,,seedance-2.0-standard-i2v,,,ai-money-seedance-2-0,,1,image_to_video,image_to_video,video_generation,"video,min=1,max=1,async",,official_documented,ready,True,provider_local,True,not_implemented,ai-money,aspect_ratio|duration|generate_audio|resolution|return_last_frame|seed,,
enabled,user_config_projection,data/api_providers.json,,ai-money,ai-money,,seedance-2.0-standard-multi,,,ai-money-seedance-2-0,,1,multimodal_to_video,multimodal_to_video,video_generation,"video,min=1,max=1,async",,official_documented,ready,True,provider_local,True,not_implemented,ai-money,aspect_ratio|duration|generate_audio|resolution|return_last_frame|seed,,
enabled,user_config_projection,data/api_providers.json,,ai-money,ai-money,,seedance-2.0-standard-t2v,,,ai-money-seedance-2-0,,1,text_to_video,text_to_video,video_generation,"video,min=1,max=1,async",,official_documented,ready,True,provider_local,True,not_implemented,ai-money,aspect_ratio|duration|generate_audio|resolution|return_last_frame|seed,,
enabled,user_config_projection,data/api_providers.json,,ai-money,ai-money,,seedance-2.5-global-standard-i2v,,,ai-money-seedance-2-5,,1,image_to_video,image_to_video,video_generation,"video,min=1,max=1,async",,official_documented,ready,True,provider_local,True,not_implemented,ai-money,aspect_ratio|duration|generate_audio|resolution|return_last_frame,,
enabled,user_config_projection,data/api_providers.json,,ai-money,ai-money,,seedance-2.5-global-standard-multi,,,ai-money-seedance-2-5,,1,multimodal_to_video,multimodal_to_video,video_generation,"video,min=1,max=1,async",,official_documented,ready,True,provider_local,True,not_implemented,ai-money,aspect_ratio|duration|generate_audio|resolution|return_last_frame,,
enabled,user_config_projection,data/api_providers.json,,ai-money,ai-money,,seedance-2.5-global-standard-t2v,,,ai-money-seedance-2-5,,1,text_to_video,text_to_video,video_generation,"video,min=1,max=1,async",,official_documented,ready,True,provider_local,True,not_implemented,ai-money,aspect_ratio|duration|generate_audio|resolution|return_last_frame,,
enabled,user_config_projection,data/api_providers.json,,ai-money,ai-money,,seedance-2.5-standard-i2v,,,ai-money-seedance-2-5,,1,image_to_video,image_to_video,video_generation,"video,min=1,max=1,async",,official_documented,ready,True,provider_local,True,not_implemented,ai-money,aspect_ratio|duration|generate_audio|resolution|return_last_frame,,
enabled,user_config_projection,data/api_providers.json,,ai-money,ai-money,,seedance-2.5-standard-multi,,,ai-money-seedance-2-5,,1,multimodal_to_video,multimodal_to_video,video_generation,"video,min=1,max=1,async",,official_documented,ready,True,provider_local,True,not_implemented,ai-money,aspect_ratio|duration|generate_audio|resolution|return_last_frame,,
enabled,user_config_projection,data/api_providers.json,,ai-money,ai-money,,seedance-2.5-standard-t2v,,,ai-money-seedance-2-5,,1,text_to_video,text_to_video,video_generation,"video,min=1,max=1,async",,official_documented,ready,True,provider_local,True,not_implemented,ai-money,aspect_ratio|duration|generate_audio|resolution|return_last_frame,,
enabled,user_config_projection,data/api_providers.json,,ai-money,ai-money,,vidu-q3-ad-r2v,,,ai-money-vidu-q3,,1,reference_to_video,reference_to_video,video_generation,"video,min=1,max=1,async",,official_documented,ready,True,provider_local,True,not_implemented,ai-money,aspect_ratio|duration|generate_audio|resolution|return_last_frame|seed,,
enabled,user_config_projection,data/api_providers.json,,ai-money,ai-money,,vidu-q3-ad-short-play,,,ai-money-vidu-q3,,1,script_to_video,script_to_video,video_generation,"video,min=1,max=1,async",,official_documented,ready,True,provider_local,True,not_implemented,ai-money,aspect_ratio|duration|generate_audio|resolution|return_last_frame|script_name|seed,,
enabled,user_config_projection,data/api_providers.json,,ai-money,ai-money,,vidu-q3-drama-r2v,,,ai-money-vidu-q3,,1,reference_to_video,reference_to_video,video_generation,"video,min=1,max=1,async",,official_documented,ready,True,provider_local,True,not_implemented,ai-money,aspect_ratio|duration|generate_audio|resolution|return_last_frame|seed,,
enabled,user_config_projection,data/api_providers.json,,ai-money,ai-money,,vidu-q3-drama-short-play,,,ai-money-vidu-q3,,1,script_to_video,script_to_video,video_generation,"video,min=1,max=1,async",,official_documented,ready,True,provider_local,True,not_implemented,ai-money,aspect_ratio|duration|generate_audio|resolution|return_last_frame|script_name|seed,,
enabled,user_config_projection,data/api_providers.json,,ai-money,ai-money,,vidu-q3-mix-r2v,,,ai-money-vidu-q3,,1,reference_to_video,reference_to_video,video_generation,"video,min=1,max=1,async",,official_documented,ready,True,provider_local,True,not_implemented,ai-money,aspect_ratio|duration|generate_audio|resolution|return_last_frame|seed,,
enabled,user_config_projection,data/api_providers.json,,ai-money,ai-money,,vidu-q3-pro-fast-i2v,,,ai-money-vidu-q3,,1,image_to_video,image_to_video,video_generation,"video,min=1,max=1,async",,official_documented,ready,True,provider_local,True,not_implemented,ai-money,aspect_ratio|duration|generate_audio|resolution|return_last_frame|seed,,
enabled,user_config_projection,data/api_providers.json,,ai-money,ai-money,,vidu-q3-pro-fast-start-end,,,ai-money-vidu-q3,,1,start_end_to_video,start_end_to_video,video_generation,"video,min=1,max=1,async",,official_documented,ready,True,provider_local,True,not_implemented,ai-money,aspect_ratio|duration|generate_audio|resolution|return_last_frame|seed,,
enabled,user_config_projection,data/api_providers.json,,ai-money,ai-money,,vidu-q3-pro-fast-t2v,,,ai-money-vidu-q3,,1,text_to_video,text_to_video,video_generation,"video,min=1,max=1,async",,official_documented,ready,True,provider_local,True,not_implemented,ai-money,aspect_ratio|duration|generate_audio|resolution|return_last_frame|seed,,
enabled,user_config_projection,data/api_providers.json,,ai-money,ai-money,,vidu-q3-pro-i2v,,,ai-money-vidu-q3,,1,image_to_video,image_to_video,video_generation,"video,min=1,max=1,async",,official_documented,ready,True,provider_local,True,not_implemented,ai-money,aspect_ratio|duration|generate_audio|resolution|return_last_frame|seed,,
enabled,user_config_projection,data/api_providers.json,,ai-money,ai-money,,vidu-q3-pro-start-end,,,ai-money-vidu-q3,,1,start_end_to_video,start_end_to_video,video_generation,"video,min=1,max=1,async",,official_documented,ready,True,provider_local,True,not_implemented,ai-money,aspect_ratio|duration|generate_audio|resolution|return_last_frame|seed,,
enabled,user_config_projection,data/api_providers.json,,ai-money,ai-money,,vidu-q3-pro-t2v,,,ai-money-vidu-q3,,1,text_to_video,text_to_video,video_generation,"video,min=1,max=1,async",,official_documented,ready,True,provider_local,True,not_implemented,ai-money,aspect_ratio|duration|generate_audio|resolution|return_last_frame|seed,,
enabled,user_config_projection,data/api_providers.json,,ai-money,ai-money,,vidu-q3-r2v,,,ai-money-vidu-q3,,1,reference_to_video,reference_to_video,video_generation,"video,min=1,max=1,async",,official_documented,ready,True,provider_local,True,not_implemented,ai-money,aspect_ratio|duration|generate_audio|resolution|return_last_frame|seed,,
enabled,user_config_projection,data/api_providers.json,,ai-money,ai-money,,vidu-q3-turbo-i2v,,,ai-money-vidu-q3,,1,image_to_video,image_to_video,video_generation,"video,min=1,max=1,async",,official_documented,ready,True,provider_local,True,not_implemented,ai-money,aspect_ratio|duration|generate_audio|resolution|return_last_frame|seed,,
enabled,user_config_projection,data/api_providers.json,,ai-money,ai-money,,vidu-q3-turbo-start-end,,,ai-money-vidu-q3,,1,start_end_to_video,start_end_to_video,video_generation,"video,min=1,max=1,async",,official_documented,ready,True,provider_local,True,not_implemented,ai-money,aspect_ratio|duration|generate_audio|resolution|return_last_frame|seed,,
enabled,user_config_projection,data/api_providers.json,,ai-money,ai-money,,vidu-q3-turbo-t2v,,,ai-money-vidu-q3,,1,text_to_video,text_to_video,video_generation,"video,min=1,max=1,async",,official_documented,ready,True,provider_local,True,not_implemented,ai-money,aspect_ratio|duration|generate_audio|resolution|return_last_frame|seed,,
enabled,user_config_projection,data/api_providers.json,,ai-money,ai-money,,vosr2-video-upscale,,,ai-money-vosr2-video-upscale,,2,default,video_upscale,video_generation,"video,min=1,max=1,async",,official_documented,ready,True,provider_local,True,not_implemented,ai-money,,,NO_PARAMETER_FIELDS
enabled,user_config_projection,data/api_providers.json,,ai-money,ai-money,,wan-2.7-spicy-i2v,,,ai-money-wan-2-7-spicy,,1,image_to_video,image_to_video,video_generation,"video,min=1,max=1,async",,official_documented,ready,True,provider_local,True,not_implemented,ai-money,aspect_ratio|duration|generate_audio|resolution|return_last_frame|seed,,
enabled,user_config_projection,data/api_providers.json,,ai-money,ai-money,,wan-3.0-global-i2v,,,ai-money-wan-3-0,,1,image_to_video,image_to_video,video_generation,"video,min=1,max=1,async",,official_documented,ready,True,provider_local,True,not_implemented,ai-money,aspect_ratio|duration|generate_audio|resolution|return_last_frame|seed,,
enabled,user_config_projection,data/api_providers.json,,ai-money,ai-money,,wan-3.0-global-prime-i2v,,,ai-money-wan-3-0,,1,global_image_to_video,image_to_video,video_generation,"video,min=1,max=1,async",,official_documented,ready,True,provider_local,True,not_implemented,ai-money,aspect_ratio|duration|generate_audio|resolution|seed,,
enabled,user_config_projection,data/api_providers.json,,ai-money,ai-money,,wan-3.0-global-prime-r2v,,,ai-money-wan-3-0,,1,global_reference_to_video,reference_to_video,video_generation,"video,min=1,max=1,async",,official_documented,ready,True,provider_local,True,not_implemented,ai-money,aspect_ratio|duration|generate_audio|resolution|seed,,
enabled,user_config_projection,data/api_providers.json,,ai-money,ai-money,,wan-3.0-global-r2v,,,ai-money-wan-3-0,,1,reference_to_video,reference_to_video,video_generation,"video,min=1,max=1,async",,official_documented,ready,True,provider_local,True,not_implemented,ai-money,aspect_ratio|duration|generate_audio|resolution|return_last_frame|seed,,
enabled,user_config_projection,data/api_providers.json,,ai-money,ai-money,,wan-3.0-i2v,,,ai-money-wan-3-0,,1,image_to_video,image_to_video,video_generation,"video,min=1,max=1,async",,official_documented,ready,True,provider_local,True,not_implemented,ai-money,aspect_ratio|duration|generate_audio|resolution|return_last_frame|seed,,
enabled,user_config_projection,data/api_providers.json,,ai-money,ai-money,,wan-3.0-prime-i2v,,,ai-money-wan-3-0,,1,image_to_video,image_to_video,video_generation,"video,min=1,max=1,async",,official_documented,ready,True,provider_local,True,not_implemented,ai-money,aspect_ratio|duration|generate_audio|resolution|seed,,
enabled,user_config_projection,data/api_providers.json,,ai-money,ai-money,,wan-3.0-prime-r2v,,,ai-money-wan-3-0,,1,reference_to_video,reference_to_video,video_generation,"video,min=1,max=1,async",,official_documented,ready,True,provider_local,True,not_implemented,ai-money,aspect_ratio|duration|generate_audio|resolution|seed,,
enabled,user_config_projection,data/api_providers.json,,ai-money,ai-money,,wan-3.0-r2v,,,ai-money-wan-3-0,,1,reference_to_video,reference_to_video,video_generation,"video,min=1,max=1,async",,official_documented,ready,True,provider_local,True,not_implemented,ai-money,aspect_ratio|duration|generate_audio|resolution|return_last_frame|seed,,
enabled,user_config_projection,data/api_providers.json,,ai-money,ai-money,,FashVSR_video_upscale,,,ai-money-fashvsr,,1,video_upscale,video_upscale,video_generation,"video,min=1,max=1,async",,official_documented,ready,True,provider_local,True,not_implemented,ai-money,,,NO_PARAMETER_FIELDS
enabled,user_config_projection,data/api_providers.json,,ai-money,ai-money,,doubao-seed-audio-1.0,,,doubao-seed-audio-1.0,,1,speech_or_audio,speech_or_audio,audio_generation,"audio,min=1,max=1,async",,official_documented,ready,True,provider_local,True,not_implemented,ai-money,format|loudness_rate|pitch_rate|sample_rate|speaker|speech_rate,,
enabled,user_config_projection,data/api_providers.json,,ai-money,ai-money,,kling-lip-sync-tts,,,ai-money-kling-lip-sync,,1,lip-sync-tts,lip_sync_workflow,audio_generation,"video,min=1,max=1,async",,official_documented,adapter_missing,False,provider_local,True,not_implemented,ai-money,,,ADAPTER_MISSING|NO_PARAMETER_FIELDS
enabled,user_config_projection,data/api_providers.json,,ai-money,ai-money,,minimax-speech-2.8-hd,,,ai-money-minimax,,1,speech-2.8-hd,text_to_speech,audio_generation,"audio,min=1,max=1,async",,runtime_verified,ready,True,provider_local,True,not_implemented,ai-money,bitrate|channel|format|language_boost|pitch|sample_rate|speed|voice_id|volume,,
enabled,user_config_projection,data/api_providers.json,,ai-money,ai-money,,minimax-speech-2.8-turbo,,,ai-money-minimax,,1,speech-2.8-turbo,text_to_speech,audio_generation,"audio,min=1,max=1,async",,runtime_verified,ready,True,provider_local,True,not_implemented,ai-money,bitrate|channel|format|language_boost|pitch|sample_rate|speed|voice_id|volume,,
enabled,user_config_projection,data/api_providers.json,,ai-money,ai-money,,minimax-voice-clone,,,ai-money-minimax,,1,voice-clone,voice_clone,audio_generation,"text,min=1,max=1,async",,runtime_verified,ready,True,provider_local,True,not_implemented,ai-money,clone_target_model|custom_voice_id|need_noise_reduction|need_volume_normalization,,
enabled,user_config_projection,data/api_providers.json,,ai-money,ai-money,,qwen3-tts-flash,,,ai-money-qwen3-tts,,1,flash,text_to_speech,audio_generation,"audio,min=1,max=1,async",,runtime_verified,ready,True,provider_local,True,not_implemented,ai-money,language_type|voice,,
enabled,user_config_projection,data/api_providers.json,,ai-money,ai-money,,qwen3-tts-instruct-flash,,,ai-money-qwen3-tts,,1,instruct-flash,text_to_speech,audio_generation,"audio,min=1,max=1,async",,runtime_verified,ready,True,provider_local,True,not_implemented,ai-money,instructions|language_type|optimize_instructions|voice,,
enabled,user_config_projection,data/api_providers.json,,ai-money,ai-money,,flowmusic-cover,,,ai-money-flowmusic-lyria-3-5,,1,cover,flowmusic_cover,music_generation,"audio,min=1,max=1,async",,official_documented,ready,True,provider_local,True,not_implemented,ai-money,clip_id|instruction|seed|strength|title,,
enabled,user_config_projection,data/api_providers.json,,ai-money,ai-money,,flowmusic-download-audio,,,ai-money-flowmusic-lyria-3-5,,1,download-audio,flowmusic_download_audio,music_generation,"audio,min=1,max=1,async",,official_documented,ready,True,provider_local,True,not_implemented,ai-money,clip_id|format,,
enabled,user_config_projection,data/api_providers.json,,ai-money,ai-money,,flowmusic-extend,,,ai-money-flowmusic-lyria-3-5,,1,extend,flowmusic_extend,music_generation,"audio,min=1,max=1,async",,official_documented,ready,True,provider_local,True,not_implemented,ai-money,clip_id|extend_from_s|extend_s|instruction|seed|title|version,,
enabled,user_config_projection,data/api_providers.json,,ai-money,ai-money,,flowmusic-generation,,,ai-money-flowmusic-lyria-3-5,,1,generation,flowmusic_generation,music_generation,"audio,min=1,max=1,async",,official_documented,ready,True,provider_local,True,not_implemented,ai-money,bpm|length|lyrics|seed|title|version,,
enabled,user_config_projection,data/api_providers.json,,ai-money,ai-money,,flowmusic-lyrics,,,ai-money-flowmusic-lyria-3-5,,1,lyrics,flowmusic_lyrics,music_generation,"text,min=1,max=1,async",,official_documented,ready,True,provider_local,True,not_implemented,ai-money,,,NO_PARAMETER_FIELDS
enabled,user_config_projection,data/api_providers.json,,ai-money,ai-money,,flowmusic-replace,,,ai-money-flowmusic-lyria-3-5,,1,replace,flowmusic_replace,music_generation,"audio,min=1,max=1,async",,official_documented,ready,True,provider_local,True,not_implemented,ai-money,clip_id|end_s|instruction|seed|start_s|title|version,,
enabled,user_config_projection,data/api_providers.json,,ai-money,ai-money,,flowmusic-stems,,,ai-money-flowmusic-lyria-3-5,,1,stems,flowmusic_stems,music_generation,"file,min=1,max=1,async",,official_documented,ready,True,provider_local,True,not_implemented,ai-money,clip_id,,
enabled,user_config_projection,data/api_providers.json,,ai-money,ai-money,,flowmusic-upload-audio,,,ai-money-flowmusic-lyria-3-5,,1,upload-audio,flowmusic_upload_audio,music_generation,"audio,min=1,max=1,async",,official_documented,ready,True,provider_local,True,not_implemented,ai-money,,,NO_PARAMETER_FIELDS
enabled,user_config_projection,data/api_providers.json,,ai-money,ai-money,,flowmusic-video-clip,,,ai-money-flowmusic-lyria-3-5,,1,video-clip,flowmusic_video_clip,music_generation,"video,min=1,max=1,async",,official_documented,ready,True,provider_local,True,not_implemented,ai-money,clip_id|preset,,
enabled,user_config_projection,data/api_providers.json,,ai-money,ai-money,,minimax-music-2.6,,,ai-money-minimax,,1,music-2.6,music,music_generation,"audio,min=1,max=1,async",,runtime_verified,ready,True,provider_local,True,not_implemented,ai-money,bitrate|format|is_instrumental|lyrics|lyrics_optimizer|sample_rate,,
enabled,user_config_projection,data/api_providers.json,,ai-money,ai-money,,mureka-o2-song,,,ai-money-mureka-song,,1,o2-song,music_song,music_generation,"audio,min=1,max=3,async",,official_documented,ready,True,provider_local,True,not_implemented,ai-money,count|reference_id|style_prompt,,
enabled,user_config_projection,data/api_providers.json,,ai-money,ai-money,,mureka-v8-bgm,,,mureka-v8-bgm,,1,music,music,music_generation,"audio,min=1,max=3,async",,official_documented,ready,True,provider_local,True,not_implemented,ai-money,count,,
enabled,user_config_projection,data/api_providers.json,,ai-money,ai-money,,mureka-v9-bgm,,,mureka-v9-bgm,,1,music,music,music_generation,"audio,min=1,max=3,async",,official_documented,ready,True,provider_local,True,not_implemented,ai-money,count,,
enabled,user_config_projection,data/api_providers.json,,ai-money,ai-money,,mureka-v9-song,,,ai-money-mureka-song,,1,v9-song,music_song,music_generation,"audio,min=1,max=3,async",,official_documented,ready,True,provider_local,True,not_implemented,ai-money,count|melody_id|reference_id|stream|style_prompt|vocal_id,,
enabled,user_config_projection,data/api_providers.json,,ai-money,ai-money,,suno-add-instrumental,,,ai-money-suno,,1,add-instrumental,music_add_instrumental,music_generation,"audio,min=1,async",,official_schema,ready,True,provider_local,True,not_implemented,ai-money,upstream_result_index|upstream_task_id|version,,
enabled,user_config_projection,data/api_providers.json,,ai-money,ai-money,,suno-add-stem,,,ai-money-suno,,1,add-stem,music_add_stem,music_generation,"audio,min=1,async",,official_schema,ready,True,provider_local,True,not_implemented,ai-money,upstream_result_index|upstream_task_id|version,,
enabled,user_config_projection,data/api_providers.json,,ai-money,ai-money,,suno-add-vocals,,,ai-money-suno,,1,add-vocals,music_add_vocals,music_generation,"audio,min=1,async",,official_schema,ready,True,provider_local,True,not_implemented,ai-money,upstream_result_index|upstream_task_id|version,,
enabled,user_config_projection,data/api_providers.json,,ai-money,ai-money,,suno-adjust-speed,,,ai-money-suno,,1,adjust-speed,music_adjust_speed,music_generation,"audio,min=1,async",,official_schema,ready,True,provider_local,True,not_implemented,ai-money,upstream_result_index|upstream_task_id|version,,
enabled,user_config_projection,data/api_providers.json,,ai-money,ai-money,,suno-aligned-lyrics,,,ai-money-suno,,1,aligned-lyrics,music_aligned_lyrics,music_generation,"audio,min=1,async",,official_schema,ready,True,provider_local,True,not_implemented,ai-money,upstream_result_index|upstream_task_id|version,,
enabled,user_config_projection,data/api_providers.json,,ai-money,ai-money,,suno-bpm,,,ai-money-suno,,1,bpm,music_bpm,music_generation,"audio,min=1,async",,official_schema,ready,True,provider_local,True,not_implemented,ai-money,upstream_result_index|upstream_task_id|version,,
enabled,user_config_projection,data/api_providers.json,,ai-money,ai-money,,suno-concat,,,ai-money-suno,,1,concat,music_concat,music_generation,"audio,min=1,async",,official_schema,ready,True,provider_local,True,not_implemented,ai-money,upstream_result_index|upstream_task_id|version,,
enabled,user_config_projection,data/api_providers.json,,ai-money,ai-money,,suno-cover-song,,,ai-money-suno,,1,cover-song,music_cover_song,music_generation,"audio,min=1,async",,official_schema,ready,True,provider_local,True,not_implemented,ai-money,upstream_result_index|upstream_task_id|version,,
enabled,user_config_projection,data/api_providers.json,,ai-money,ai-money,,suno-create-model,,,ai-money-suno-create-model,,2,default,music,music_generation,"text,min=1,max=1,async",,official_documented,ready,True,provider_local,True,not_implemented,ai-money,name,,
enabled,user_config_projection,data/api_providers.json,,ai-money,ai-money,,suno-create-voice,,,ai-money-suno,,1,create-voice,music_create_voice,music_generation,"audio,min=1,async",,official_schema,ready,True,provider_local,True,not_implemented,ai-money,version,,
enabled,user_config_projection,data/api_providers.json,,ai-money,ai-money,,suno-crop,,,ai-money-suno,,1,crop,music_crop,music_generation,"audio,min=1,async",,official_schema,ready,True,provider_local,True,not_implemented,ai-money,upstream_result_index|upstream_task_id|version,,
enabled,user_config_projection,data/api_providers.json,,ai-money,ai-money,,suno-extend,,,ai-money-suno,,1,extend,music_extend,music_generation,"audio,min=1,async",,official_schema,ready,True,provider_local,True,not_implemented,ai-money,upstream_result_index|upstream_task_id|version,,
enabled,user_config_projection,data/api_providers.json,,ai-money,ai-money,,suno-fade-in,,,ai-money-suno,,1,fade-in,music_fade_in,music_generation,"audio,min=1,async",,official_schema,ready,True,provider_local,True,not_implemented,ai-money,upstream_result_index|upstream_task_id|version,,
enabled,user_config_projection,data/api_providers.json,,ai-money,ai-money,,suno-fade-out,,,ai-money-suno,,1,fade-out,music_fade_out,music_generation,"audio,min=1,async",,official_schema,ready,True,provider_local,True,not_implemented,ai-money,upstream_result_index|upstream_task_id|version,,
enabled,user_config_projection,data/api_providers.json,,ai-money,ai-money,,suno-generate-mp4,,,ai-money-suno,,1,generate-mp4,music_generate_mp4,music_generation,"audio,min=1,async",,official_schema,ready,True,provider_local,True,not_implemented,ai-money,upstream_result_index|upstream_task_id|version,,
enabled,user_config_projection,data/api_providers.json,,ai-money,ai-money,,suno-generation,,,ai-money-suno-generation,,2,default,music,music_generation,"audio,min=1,max=10,async",,official_documented,ready,True,provider_local,True,not_implemented,ai-money,audio_format|custom|duration|instrumental|max_mode|tags|title|variety|version,,
enabled,user_config_projection,data/api_providers.json,,ai-money,ai-money,,suno-inspo,,,ai-money-suno,,1,inspo,music_inspo,music_generation,"audio,min=1,async",,official_schema,ready,True,provider_local,True,not_implemented,ai-money,version,,
enabled,user_config_projection,data/api_providers.json,,ai-money,ai-money,,suno-lyrics,,,ai-money-suno,,1,lyrics,music_lyrics,music_generation,"audio,min=1,async",,official_schema,ready,True,provider_local,True,not_implemented,ai-money,version,,
enabled,user_config_projection,data/api_providers.json,,ai-money,ai-money,,suno-mashup,,,ai-money-suno,,1,mashup,music_mashup,music_generation,"audio,min=1,async",,official_schema,ready,True,provider_local,True,not_implemented,ai-money,upstream_result_index|upstream_task_id|version,,
enabled,user_config_projection,data/api_providers.json,,ai-money,ai-money,,suno-midi,,,ai-money-suno,,1,midi,music_midi,music_generation,"audio,min=1,async",,official_schema,ready,True,provider_local,True,not_implemented,ai-money,upstream_result_index|upstream_task_id|version,,
enabled,user_config_projection,data/api_providers.json,,ai-money,ai-money,,suno-persona,,,ai-money-suno,,1,persona,music_persona,music_generation,"audio,min=1,async",,official_schema,ready,True,provider_local,True,not_implemented,ai-money,upstream_result_index|upstream_task_id|version,,
enabled,user_config_projection,data/api_providers.json,,ai-money,ai-money,,suno-remaster,,,ai-money-suno,,1,remaster,music_remaster,music_generation,"audio,min=1,async",,official_schema,ready,True,provider_local,True,not_implemented,ai-money,upstream_result_index|upstream_task_id|version,,
enabled,user_config_projection,data/api_providers.json,,ai-money,ai-money,,suno-remove-section,,,ai-money-suno,,1,remove-section,music_remove_section,music_generation,"audio,min=1,async",,official_schema,ready,True,provider_local,True,not_implemented,ai-money,upstream_result_index|upstream_task_id|version,,
enabled,user_config_projection,data/api_providers.json,,ai-money,ai-money,,suno-replace-music,,,ai-money-suno,,1,replace-music,music_replace_music,music_generation,"audio,min=1,async",,official_schema,ready,True,provider_local,True,not_implemented,ai-money,upstream_result_index|upstream_task_id|version,,
enabled,user_config_projection,data/api_providers.json,,ai-money,ai-money,,suno-sample,,,ai-money-suno,,1,sample,music_sample,music_generation,"audio,min=1,async",,official_schema,ready,True,provider_local,True,not_implemented,ai-money,upstream_result_index|upstream_task_id|version,,
enabled,user_config_projection,data/api_providers.json,,ai-money,ai-money,,suno-sounds,,,ai-money-suno,,1,sounds,music_sounds,music_generation,"audio,min=1,async",,official_schema,ready,True,provider_local,True,not_implemented,ai-money,version,,
enabled,user_config_projection,data/api_providers.json,,ai-money,ai-money,,suno-stems,,,ai-money-suno,,1,stems,music_stems,music_generation,"audio,min=1,async",,official_schema,ready,True,provider_local,True,not_implemented,ai-money,upstream_result_index|upstream_task_id|version,,
enabled,user_config_projection,data/api_providers.json,,ai-money,ai-money,,suno-stems-all,,,ai-money-suno,,1,stems-all,music_stems_all,music_generation,"audio,min=1,async",,official_schema,ready,True,provider_local,True,not_implemented,ai-money,upstream_result_index|upstream_task_id|version,,
enabled,user_config_projection,data/api_providers.json,,ai-money,ai-money,,suno-upload,,,ai-money-suno,,1,upload,music_upload,music_generation,"audio,min=1,async",,official_schema,ready,True,provider_local,True,not_implemented,ai-money,version,,
enabled,user_config_projection,data/api_providers.json,,ai-money,ai-money,,suno-upload-cover,,,ai-money-suno-upload-cover,,2,default,music,music_generation,"audio,min=1,max=10,async",,official_documented,ready,True,provider_local,True,not_implemented,ai-money,audio_format|custom|duration|instrumental|max_mode|tags|title|variety|version,,
enabled,user_config_projection,data/api_providers.json,,ai-money,ai-money,,suno-upload-extend,,,ai-money-suno-upload-extend,,2,default,music,music_generation,"audio,min=1,max=10,async",,official_documented,ready,True,provider_local,True,not_implemented,ai-money,audio_format|continue_at|duration|instrumental|max_mode|tags|title|variety|version,,
enabled,user_config_projection,data/api_providers.json,,ai-money,ai-money,,suno-upsample-tags,,,ai-money-suno,,1,upsample-tags,music_upsample_tags,music_generation,"audio,min=1,async",,official_schema,ready,True,provider_local,True,not_implemented,ai-money,version,,
enabled,user_config_projection,data/api_providers.json,,ai-money,ai-money,,suno-vox,,,ai-money-suno,,1,vox,music_vox,music_generation,"audio,min=1,async",,official_schema,ready,True,provider_local,True,not_implemented,ai-money,upstream_result_index|upstream_task_id|version,,
enabled,user_config_projection,data/api_providers.json,,ai-money,ai-money,,suno-wav,,,ai-money-suno,,1,wav,music_wav,music_generation,"audio,min=1,async",,official_schema,ready,True,provider_local,True,not_implemented,ai-money,upstream_result_index|upstream_task_id|version,,
enabled,user_config_projection,data/api_providers.json,,jimeng-cli,jimeng,,5.0Pro,,,jimeng-image-5.0-pro,,1,text_or_image_to_image,text_to_image_or_image_to_image,image_generation,"image,min=1,max=4,async",,runtime_verified,ready,True,provider_local,True,not_implemented,jimeng-cli,aspect_ratio|count|resolution,,
enabled,user_config_projection,data/api_providers.json,,jimeng-cli,jimeng,,5.0,,,jimeng-image-5.0,,1,text_to_image_or_image_to_image,text_to_image_or_image_to_image,image_generation,"image,min=1,max=1,async",,runtime_verified,ready,True,provider_local,True,not_implemented,jimeng-cli,aspect_ratio|resolution,,
enabled,user_config_projection,data/api_providers.json,,jimeng-cli,jimeng,,4.7,,,jimeng-image-4.7,,1,text_to_image_or_image_to_image,text_to_image_or_image_to_image,image_generation,"image,min=1,max=1,async",,runtime_verified,ready,True,provider_local,True,not_implemented,jimeng-cli,aspect_ratio|resolution,,
enabled,user_config_projection,data/api_providers.json,,jimeng-cli,jimeng,,4.6,,,jimeng-image-4.6,,1,text_to_image_or_image_to_image,text_to_image_or_image_to_image,image_generation,"image,min=1,max=1,async",,runtime_verified,ready,True,provider_local,True,not_implemented,jimeng-cli,aspect_ratio|resolution,,
enabled,user_config_projection,data/api_providers.json,,jimeng-cli,jimeng,,4.5,,,jimeng-image-4.5,,1,text_to_image_or_image_to_image,text_to_image_or_image_to_image,image_generation,"image,min=1,max=1,async",,runtime_verified,ready,True,provider_local,True,not_implemented,jimeng-cli,aspect_ratio|resolution,,
enabled,user_config_projection,data/api_providers.json,,jimeng-cli,jimeng,,4.1,,,jimeng-image-4.1,,1,text_to_image_or_image_to_image,text_to_image_or_image_to_image,image_generation,"image,min=1,max=1,async",,runtime_verified,ready,True,provider_local,True,not_implemented,jimeng-cli,aspect_ratio|resolution,,
enabled,user_config_projection,data/api_providers.json,,jimeng-cli,jimeng,,4.0,,,jimeng-image-4.0,,1,text_to_image_or_image_to_image,text_to_image_or_image_to_image,image_generation,"image,min=1,max=1,async",,runtime_verified,ready,True,provider_local,True,not_implemented,jimeng-cli,aspect_ratio|resolution,,
enabled,user_config_projection,data/api_providers.json,,jimeng-cli,jimeng,,3.1,,,jimeng-image-3.1,,1,text_to_image,text_to_image,image_generation,"image,min=1,max=1,async",,runtime_verified,ready,True,provider_local,True,not_implemented,jimeng-cli,aspect_ratio|resolution,,
enabled,user_config_projection,data/api_providers.json,,jimeng-cli,jimeng,,3.0,,,jimeng-image-3.0,,1,text_to_image,text_to_image,image_generation,"image,min=1,max=1,async",,runtime_verified,ready,True,provider_local,True,not_implemented,jimeng-cli,aspect_ratio|resolution,,
enabled,user_config_projection,data/api_providers.json,,jimeng-cli,jimeng,,seedance2.5,,,jimeng-seedance-2.5,,1,seedance2.5,multimodal_to_video,video_generation,"video,min=1,max=1,async",,runtime_verified,ready,True,provider_local,True,not_implemented,jimeng-cli,aspect_ratio|duration|resolution,,
enabled,user_config_projection,data/api_providers.json,,jimeng-cli,jimeng,,seedance2.0fast_vip,,,jimeng-seedance-2.0,,1,seedance2.0fast_vip,multimodal_to_video,video_generation,"video,min=1,max=1,async",,runtime_verified,ready,True,provider_local,True,not_implemented,jimeng-cli,aspect_ratio|duration|resolution,,
enabled,user_config_projection,data/api_providers.json,,jimeng-cli,jimeng,,seedance2.0_vip,,,jimeng-seedance-2.0,,1,seedance2.0_vip,multimodal_to_video,video_generation,"video,min=1,max=1,async",,runtime_verified,ready,True,provider_local,True,not_implemented,jimeng-cli,aspect_ratio|duration|resolution,,
enabled,user_config_projection,data/api_providers.json,,jimeng-cli,jimeng,,seedance2.0,,,jimeng-seedance-2.0,,1,seedance2.0,text_to_video_or_image_to_video,video_generation,"video,min=1,max=1,async",,runtime_verified,ready,True,provider_local,True,not_implemented,jimeng-cli,aspect_ratio|duration|generate_audio,,
enabled,user_config_projection,data/api_providers.json,,jimeng-cli,jimeng,,seedance2.0fast,,,jimeng-seedance-2.0,,1,seedance2.0fast,multimodal_to_video,video_generation,"video,min=1,max=1,async",,runtime_verified,ready,True,provider_local,True,not_implemented,jimeng-cli,aspect_ratio|duration|resolution,,
enabled,user_config_projection,data/api_providers.json,,jimeng-cli,jimeng,,seedance2.0mini,,,jimeng-seedance-2.0,,1,seedance2.0mini,multimodal_to_video,video_generation,"video,min=1,max=1,async",,runtime_verified,ready,True,provider_local,True,not_implemented,jimeng-cli,aspect_ratio|duration|resolution,,
enabled,user_config_projection,data/api_providers.json,,codex-cli,codex,,auto,,,codex-current,,1,follow_current_config,chat_or_agent_text,text_generation,"text,min=1,max=1",,runtime_verified,ready,True,provider_local,True,not_implemented,codex-cli,,,NO_PARAMETER_FIELDS
enabled,user_config_projection,data/api_providers.json,,codex-cli,codex,,gpt-5.6-sol,,,gpt-5.6-sol,,1,explicit_model_override,chat_or_agent_text,text_generation,"text,min=1,max=1",,runtime_verified,ready,True,provider_local,True,not_implemented,codex-cli,model,,
enabled,user_config_projection,data/api_providers.json,,codex-cli,codex,,gpt-5.6-terra,,,gpt-5.6-terra,,1,explicit_model_override,chat_or_agent_text,text_generation,"text,min=1,max=1",,runtime_verified,ready,True,provider_local,True,not_implemented,codex-cli,model,,
enabled,user_config_projection,data/api_providers.json,,codex-cli,codex,,gpt-5.6-luna,,,gpt-5.6-luna,,1,explicit_model_override,chat_or_agent_text,text_generation,"text,min=1,max=1",,runtime_verified,ready,True,provider_local,True,not_implemented,codex-cli,model,,
enabled,user_config_projection,data/api_providers.json,,codex-cli,codex,,gpt-5.5,,,gpt-5.5,,1,chat_or_agent_text,chat_or_agent_text,text_generation,"text,min=1,max=1",,runtime_verified,ready,True,provider_local,True,not_implemented,codex-cli,model,,
enabled,user_config_projection,data/api_providers.json,,codex-cli,codex,,gpt-5.4,,,gpt-5.4,,1,explicit_model_override,chat_or_agent_text,text_generation,"text,min=1,max=1",,runtime_verified,ready,True,provider_local,True,not_implemented,codex-cli,model,,
enabled,user_config_projection,data/api_providers.json,,codex-cli,codex,,gpt-5.4-mini,,,gpt-5.4-mini,,1,explicit_model_override,chat_or_agent_text,text_generation,"text,min=1,max=1",,runtime_verified,ready,True,provider_local,True,not_implemented,codex-cli,model,,
enabled,user_config_projection,data/api_providers.json,,codex-cli,codex,,gpt-5.3-codex-spark,,,gpt-5.3-codex-spark,,1,explicit_model_override,chat_or_agent_text,text_generation,"text,min=1,max=1",,runtime_verified,ready,True,provider_local,True,not_implemented,codex-cli,model,,
enabled,user_config_projection,data/api_providers.json,,gemini-cli,gemini-cli,,auto,,,gemini-cli-auto,,1,text,chat,text_generation,"text,min=1,max=1",,runtime_verified,ready,True,provider_local,True,not_implemented,gemini-cli,,,NO_PARAMETER_FIELDS
enabled,user_config_projection,data/api_providers.json,,gemini-cli,gemini-cli,,auto,,,gemini-cli-auto,,1,image,text_or_image_to_image,image_generation,"image,min=1,max=1",,runtime_verified,ready,True,provider_local,True,not_implemented,gemini-cli,,,NO_PARAMETER_FIELDS
